nrc,sigla,seccion,nombre,profesor,horario,escuela,semestre
31536,CDP001,1,Mi Proyecto Profesional: Autoconocimiento y Toma de Decisiones,Romero Sofía,"M:5,6 CLAS AP301",Actividades Universitarias,2026-1
31538,CDP001,2,Mi Proyecto Profesional: Autoconocimiento y Toma de Decisiones,Castillo Karime,"L:5,6 CLAS R206",Actividades Universitarias,2026-1
33123,RCE1000,1,De Atacama a Patagonia: Transformaciones Socioambientales en Terreno,Osses Pablo,"V:1 AYU S12 V:2,3 CLAS ED217",Actividades Universitarias,2026-1
33992,UC_0001,1,Voces. Diálogo Ciudadano y Bien Común,Imbarack Patricia,M-J:5 CLAS S3 J:6 AYU SIN SALA,Actividades Universitarias,2026-1
33993,UC_0001,2,Voces. Diálogo Ciudadano y Bien Común,Bernedo Gilberto,M-J:5 CLAS PLIRA J:6 AYU SIN SALA,Actividades Universitarias,2026-1
33994,UC_0001,3,Voces. Diálogo Ciudadano y Bien Común,Miranda Diego,M-J:5 CLAS SALA-10 J:6 AYU SIN SALA,Actividades Universitarias,2026-1
34098,VRA0000,1,Ruta Novata Uc,"Munoz Javiera, Cabezas María, Morgado Carla, Rodríguez Francisca",: LIB SIN SALA,Actividades Universitarias,2026-1
20303,VRA1220,1,Taller de Habilidades para la Vida Universitaria I,Galleguillos Catalina,L:4 CLAS T3224,Actividades Universitarias,2026-1
20306,VRA1220,2,Taller de Habilidades para la Vida Universitaria I,Cornejo Valeska,M:4 CLAS K301,Actividades Universitarias,2026-1
20307,VRA1220,3,Taller de Habilidades para la Vida Universitaria I,"Vergara Carolina, Galleguillos Catalina",J:5 CLAS K303,Actividades Universitarias,2026-1
33013,VRA1220,4,Taller de Habilidades para la Vida Universitaria I,"Silva Dehuit, Vergara Carolina",J:2 CLAS AP005,Actividades Universitarias,2026-1
33015,VRA1220,5,Taller de Habilidades para la Vida Universitaria I,Silva Dehuit,V:2 CLAS TMP101,Actividades Universitarias,2026-1
28832,VRA1322,1,Introducción al Aprendizaje de las Ciencias Sociales y Humanidades,"Olivares Nicolas, Moya Catalina","J:5,6 CLAS AP501",Actividades Universitarias,2026-1
28660,VRA1323,1,Formación en Docencia para Ayudantes Uc,Corvalan Fernanda,: CLAS SIN SALA,Actividades Universitarias,2026-1
28661,VRA1323,2,Formación en Docencia para Ayudantes Uc,Corvalan Fernanda,: CLAS SIN SALA,Actividades Universitarias,2026-1
28662,VRA1323,3,Formación en Docencia para Ayudantes Uc,Corvalan Fernanda,: CLAS SIN SALA,Actividades Universitarias,2026-1
28663,VRA1323,4,Formación en Docencia para Ayudantes Uc,Corvalan Fernanda,: CLAS SIN SALA,Actividades Universitarias,2026-1
28664,VRA1323,5,Formación en Docencia para Ayudantes Uc,Corvalan Fernanda,: CLAS SIN SALA,Actividades Universitarias,2026-1
28665,VRA1323,6,Formación en Docencia para Ayudantes Uc,Corvalan Fernanda,: CLAS SIN SALA,Actividades Universitarias,2026-1
28666,VRA1323,7,Formación en Docencia para Ayudantes Uc,Corvalan Fernanda,: CLAS SIN SALA,Actividades Universitarias,2026-1
28667,VRA1323,8,Formación en Docencia para Ayudantes Uc,Corvalan Fernanda,: CLAS SIN SALA,Actividades Universitarias,2026-1
28668,VRA1323,9,Formación en Docencia para Ayudantes Uc,Corvalan Fernanda,: CLAS SIN SALA,Actividades Universitarias,2026-1
28669,VRA1323,10,Formación en Docencia para Ayudantes Uc,Corvalan Fernanda,: CLAS SIN SALA,Actividades Universitarias,2026-1
28670,VRA1323,11,Formación en Docencia para Ayudantes Uc,Corvalan Fernanda,: CLAS SIN SALA,Actividades Universitarias,2026-1
28671,VRA1323,12,Formación en Docencia para Ayudantes Uc,Corvalan Fernanda,: CLAS SIN SALA,Actividades Universitarias,2026-1
28672,VRA1323,13,Formación en Docencia para Ayudantes Uc,Corvalan Fernanda,: CLAS SIN SALA,Actividades Universitarias,2026-1
28673,VRA1323,14,Formación en Docencia para Ayudantes Uc,Corvalan Fernanda,: CLAS SIN SALA,Actividades Universitarias,2026-1
28674,VRA1323,15,Formación en Docencia para Ayudantes Uc,Corvalan Fernanda,: CLAS SIN SALA,Actividades Universitarias,2026-1
28675,VRA1323,16,Formación en Docencia para Ayudantes Uc,Corvalan Fernanda,: CLAS SIN SALA,Actividades Universitarias,2026-1
14928,VRA3000,1,Convenio Postgrado Puc-U Chile,(Sin Profesores),: CLAS SIN SALA,Actividades Universitarias,2026-1
25704,VRA4000,1,Integridad Académica en la Uc,Dirección Docente,: CLAS SIN SALA,Actividades Universitarias,2026-1
27206,VRA4000,2,Integridad Académica en la Uc,Dirección Docente,: CLAS SIN SALA,Actividades Universitarias,2026-1
27208,VRA4000,3,Integridad Académica en la Uc,Dirección Docente,: CLAS SIN SALA,Actividades Universitarias,2026-1
27209,VRA4000,4,Integridad Académica en la Uc,Dirección Docente,: CLAS SIN SALA,Actividades Universitarias,2026-1
27210,VRA4000,5,Integridad Académica en la Uc,Dirección Docente,:8 CLAS SIN SALA,Actividades Universitarias,2026-1
27839,VRA4000,6,Integridad Académica en la Uc,Dirección Docente,: CLAS SIN SALA,Actividades Universitarias,2026-1
27840,VRA4000,7,Integridad Académica en la Uc,Dirección Docente,: CLAS SIN SALA,Actividades Universitarias,2026-1
27841,VRA4000,8,Integridad Académica en la Uc,Dirección Docente,: CLAS SIN SALA,Actividades Universitarias,2026-1
27842,VRA4000,9,Integridad Académica en la Uc,Dirección Docente,: CLAS SIN SALA,Actividades Universitarias,2026-1
27843,VRA4000,10,Integridad Académica en la Uc,Dirección Docente,: CLAS SIN SALA,Actividades Universitarias,2026-1
31061,VRA5000,1,Integridad en el Ámbito Académico y en la Investigación,Dirección Docente,: CLAS SIN SALA,Actividades Universitarias,2026-1
10152,AGC204,1,Mecanizacion,Lorca Guillermo,"V:4,5,6,7 CLAS AP003",Agronomía y Sistemas Naturales,2026-1
19494,AGC206,2,Producción de Cultivos,"Jacob Cristian, Contreras Samuel, González Nicolás, Schwember Andres","M-J:3 CLAS AE202 M:4,5,6 AYU AG2",Agronomía y Sistemas Naturales,2026-1
10165,AGC206,4,Producción de Cultivos,"Jacob Cristian, Contreras Samuel, González Nicolás, Schwember Andres","M-J:3 CLAS AE202 J:4,5,6 AYU AG6",Agronomía y Sistemas Naturales,2026-1
29824,AGC209,1,Comprendiendo la Agricultura y Sus Desafíos,Ahumada Maria,"L:3,4 CLAS AG1",Agronomía y Sistemas Naturales,2026-1
10169,AGC220,1,Flora Nativa,"Gomez Miguel, Hernández Jesús, Montenegro Gloria","M:4,5,6 CLAS AG4",Agronomía y Sistemas Naturales,2026-1
26480,AGC250,1,Manejo de Céspedes,Acuna Alejandra,"W:4,5,6 CLAS TMP103",Agronomía y Sistemas Naturales,2026-1
10173,AGC261,1,Material Vegetal y Diseño de Parques y Jardines,"Vargas Maria, Allamand Nicolas","V:3,4 CLAS AP004 V:5,6 AYU AG1",Agronomía y Sistemas Naturales,2026-1
25208,AGC262,1,Manejo del Paisaje,Vargas Maria,M-J:2 CLAS AP004,Agronomía y Sistemas Naturales,2026-1
10178,AGC3002,1,Viticultura Avanzada,Perez Alonso,"V:4,5,6 CLAS SIN SALA",Agronomía y Sistemas Naturales,2026-1
19467,AGC310,1,Sistemas Intensivos de Producción Vegetal,"Steinfort Ursula, Vilches Inés","L:3,4,5,6 CLAS C405 W:3 CLAS AG1",Agronomía y Sistemas Naturales,2026-1
19468,AGC312,1,Biología y Producción de Semillas,Contreras Samuel,"L-W:2 CLAS AP003 W:4,5,6 AYU AG1",Agronomía y Sistemas Naturales,2026-1
33641,AGC313,1,Principios de Mejoramiento Genético,Schwember Andres,"M-J:1 CLAS FT-105 M:4,5,6 AYU K304",Agronomía y Sistemas Naturales,2026-1
21431,AGC317,1,Biología y Manejo de Malezas,"Figueroa Rodrigo, Cordovez Gabriela","M:3 CLAS AG1 J:3,4,5,6 CLAS TMP104",Agronomía y Sistemas Naturales,2026-1
23640,AGC319,1,Diseño y Manejo del Riego para Cultivos,Barrera Cristian,"L-W:1 CLAS TMP104 L:4,5,6 AYU TMP104",Agronomía y Sistemas Naturales,2026-1
21430,AGC322,1,Ciencia de Plaguicidas e Interacciones Ambientales,Schwantes Daniel,"V:1,2,3 CLAS AP502",Agronomía y Sistemas Naturales,2026-1
25944,AGC3610,1,Virología Vegetal,Rosales Ines,"W:4,5,6 CLAS CV",Agronomía y Sistemas Naturales,2026-1
28044,AGC3662,1,Fundamentos de Fertilidad de Suelos y Nutrición,Bonomelli Claudia,"M:4,5,6 CLAS SIN SALA",Agronomía y Sistemas Naturales,2026-1
10194,AGC3666,1,Fisiología de Plantas Frutales,"Perez Alonso, Alcalde Jose, Ayala Chita","J:3 TAL SIN SALA J:5,6,7 CLAS SIN SALA",Agronomía y Sistemas Naturales,2026-1
10197,AGC3667,1,Relacion Suelo-Planta-Agua,Perez Alonso,"W:4,5,6 CLAS SIN SALA J:4 CLAS SIN SALA",Agronomía y Sistemas Naturales,2026-1
33200,AGC3672,1,Cultivo de Tejidos Vegetales,Gebauer Marlene,"L:4,5,6,7 CLAS CV",Agronomía y Sistemas Naturales,2026-1
10201,AGC3779,1,Fisiología de Plantas Cultivadas,"Perez Alonso, Alcalde Jose, Ayala Chita","J:3 CLAS AG7 J:5,6,7 CLAS K305",Agronomía y Sistemas Naturales,2026-1
25939,AGC3783,1,Anatomía Vegetal Aplicada,Gomez Miguel,: CLAS SIN SALA,Agronomía y Sistemas Naturales,2026-1
25937,AGC3800,1,Tesis I,"Zaviezo Tania, Dirección Docente",: CLAS SIN SALA,Agronomía y Sistemas Naturales,2026-1
25938,AGC3801,1,Tesis II,"Zaviezo Tania, Dirección Docente",: CLAS SIN SALA,Agronomía y Sistemas Naturales,2026-1
20182,AGE206,1,Introducción a la Economía Ambiental y de los Recursos Naturales,Arriagada Rodrigo,M-J:2 CLAS AG1 W:6 AYU AG2,Agronomía y Sistemas Naturales,2026-1
17413,AGE207,1,Economía Agraria y Ambiental,Perez Rodrigo,"L:3 CLAS AP002 W:3,4 CLAS AP002",Agronomía y Sistemas Naturales,2026-1
25226,AGE207,3,Economía Agraria y Ambiental,Foster William,L-W:2 CLAS AL4 V:2 AYU AL2,Agronomía y Sistemas Naturales,2026-1
17813,AGE259,1,Comercialización Internacional de Fruta Fresca,Allamand Miguel,"J:5,6 CLAS AP201",Agronomía y Sistemas Naturales,2026-1
19471,AGE308,1,Comercialización Agropecuaria,Werneck Marcelo,M-J:3 CLAS AP603 V:4 CLAS S15,Agronomía y Sistemas Naturales,2026-1
19473,AGE312,1,Políticas Agrarias,Vargas Gonzalo,"M:4,5,6 CLAS AG1",Agronomía y Sistemas Naturales,2026-1
21436,AGE315,1,Gestión de Operaciones,Taha Esteban,"W:4,5 CLAS AG2 V:3 AYU AG6",Agronomía y Sistemas Naturales,2026-1
21437,AGE317,1,Análisis de Decisiones,Perez Rodrigo,L-W:2 CLAS AP002 V:3 AYU AG7,Agronomía y Sistemas Naturales,2026-1
31633,AGE321,1,Transformación Digital en el Agronegocio,Werneck Marcelo,M-J:2 CLAS AP603 V:2 AYU AP402,Agronomía y Sistemas Naturales,2026-1
33632,AGE336,1,Contexto Macroeconómico para la Agricultura,"Foster William, Por Fijar",M-J:3 CLAS TMP101 V:4 AYU S14,Agronomía y Sistemas Naturales,2026-1
33729,AGE338,1,Manejo de Datos y Análisis Multivariado,Anriquez Gustavo,L-W:3 CLAS AP101 V:5 AYU J2,Agronomía y Sistemas Naturales,2026-1
24880,AGE3666,1,Entorno Legal y Tributario de la Actividad Silvoagropecuaria,Subercaseaux Juan,L-J:3 CLAS SIN SALA V:4 CLAS SIN SALA,Agronomía y Sistemas Naturales,2026-1
10243,AGE3792,1,Politicas Agrarias,Vargas Gonzalo,"M:4,5,6 CLAS AG1",Agronomía y Sistemas Naturales,2026-1
31001,AGE3796,1,Desarrollo Económico de la Agricultura,Anriquez Gustavo,M-J:3 CLAS SIN SALA,Agronomía y Sistemas Naturales,2026-1
20216,AGE3801,1,Economía del Agua,Donoso Guillermo,M-J:1 CLAS SIN SALA,Agronomía y Sistemas Naturales,2026-1
33879,AGE3803,1,Sustentabilidad Corporativa en el Sector Agroalimentario,Aguirre Camila,"J:4,5,6 CLAS SIN SALA",Agronomía y Sistemas Naturales,2026-1
23742,AGE3810,1,Métodos Matemáticos para Microeconomía Aplicada,Donoso Guillermo,M-J:7 CLAS SIN SALA,Agronomía y Sistemas Naturales,2026-1
23738,AGE3811,1,Fundamentos de la Economía Agraria y Ambiental,Melo Oscar,L-W:4 CLAS SIN SALA,Agronomía y Sistemas Naturales,2026-1
23739,AGE3812,1,Seminario de Economía Agraria y Ambiental I,Melo Oscar,W:5 CLAS SIN SALA,Agronomía y Sistemas Naturales,2026-1
33438,AGE3813,1,Seminario de Economía Agraria y Ambiental II,Melo Oscar,W:5 CLAS SIN SALA,Agronomía y Sistemas Naturales,2026-1
24872,AGE3814,1,Seminario de Economía Agraria y Ambiental III,Melo Oscar,W:5 CLAS SIN SALA,Agronomía y Sistemas Naturales,2026-1
25123,AGE3815,1,Análisis Microeconómico II,Melo Oscar,L-W:6 CLAS SIN SALA V:2 CLAS SIN SALA,Agronomía y Sistemas Naturales,2026-1
24875,AGE3817,1,Tesis,Dirección Docente,: CLAS SIN SALA,Agronomía y Sistemas Naturales,2026-1
10293,AGF201,1,Fruticultura,"Martiz Johanna, Ayala Chita, Valenzuela Andrés","L:4,5,6 AYU AP001 M-J:2 CLAS AE102",Agronomía y Sistemas Naturales,2026-1
21877,AGF201,2,Fruticultura,"Martiz Johanna, Ayala Chita, Valenzuela Andrés","M-J:2 CLAS AE102 M:4,5,6 AYU TMP103",Agronomía y Sistemas Naturales,2026-1
26486,AGF201,3,Fruticultura,"Martiz Johanna, Ayala Chita, Valenzuela Andrés","M-J:2 CLAS AE102 W:4,5,6 AYU TMP102",Agronomía y Sistemas Naturales,2026-1
29670,AGF203,1,Frutales Menores,Gambardella Marina,"L:3 CLAS AG4 W:3,4 CLAS AG5 W:5,6,7 AYU AG5",Agronomía y Sistemas Naturales,2026-1
21519,AGF321,1,Agricultura Orgánica,"Zaviezo Tania, Bonomelli Claudia, Chorbadjian Rodrigo, Figueroa Rodrigo, Godoy Liliana, Valdes Hector","L-W:2 CLAS AP604 M:4,5,6,7 AYU TMP104",Agronomía y Sistemas Naturales,2026-1
25209,AGF326,1,Vinificación,"Brossard Natalia, Bordeu Edmundo","L-W:2 CLAS AP501 L:4,5,6 LAB SIN SALA",Agronomía y Sistemas Naturales,2026-1
19478,AGF328,1,Frutales de Hoja Persistente,Martiz Johanna,"M:3,4 CLAS AL4 M:5,6 AYU AL4 J:3 CLAS N8",Agronomía y Sistemas Naturales,2026-1
21432,AGF329,1,Poscosecha de Frutas,Zoffoli Juan,"L-W:2 CLAS AG6 L:4,5,6 AYU AG5",Agronomía y Sistemas Naturales,2026-1
21442,AGF331,1,Química y Microbiología del Vino,Godoy Liliana,"M-J:1 CLAS AG7 W:4,5,6 LAB SIN SALA",Agronomía y Sistemas Naturales,2026-1
19481,AGF335,1,Cervecería y Otras Bebidas Fermentadas,Alcalde Jose,"J:3 CLAS S20 V:4,5,6 CLAS AP002",Agronomía y Sistemas Naturales,2026-1
33642,AGF337,1,Entomología Frutal,Zaviezo Tania,L-W:3 CLAS AP604 M-J:2 AYU AP602,Agronomía y Sistemas Naturales,2026-1
19482,AGF338,1,Taller de Fermentaciones,"Ceppi  de  Lecco Juana, Galaz Cristian","M-J:4,5,6 CLAS TMP101",Agronomía y Sistemas Naturales,2026-1
14651,AGL030,1,Taller de Sistemas Agrícolas y Forestales I,"Acuna Alejandra, Reveco Samantha","M:3 TAL K301 V:3 CLAS C003 V:4,5,6 AYU AP604",Agronomía y Sistemas Naturales,2026-1
14654,AGL030,2,Taller de Sistemas Agrícolas y Forestales I,"Hernández Jesús, Reveco Samantha","M:3 TAL K305 V:3 CLAS C003 V:4,5,6 AYU AP402",Agronomía y Sistemas Naturales,2026-1
14655,AGL030,3,Taller de Sistemas Agrícolas y Forestales I,"Arriagada Ignacio, Reveco Samantha","M:3 TAL K307 V:3 CLAS C003 V:4,5,6 AYU AP201",Agronomía y Sistemas Naturales,2026-1
14656,AGL030,4,Taller de Sistemas Agrícolas y Forestales I,"Zúñiga Oscar, Reveco Samantha","J:3 TAL C505 V:3 CLAS C003 V:4,5,6 AYU AP503",Agronomía y Sistemas Naturales,2026-1
14649,AGL030,5,Taller de Sistemas Agrícolas y Forestales I,Reveco Samantha,"J:3 TAL K303 V:3 CLAS C003 V:4,5,6 AYU AP603",Agronomía y Sistemas Naturales,2026-1
29858,AGL030,6,Taller de Sistemas Agrícolas y Forestales I,"Rojas Isabel, Ovando Josefina","J:3 TAL K307 V:3,4 CLAS C304 V:5,6 AYU AP102",Agronomía y Sistemas Naturales,2026-1
17833,AGL060,1,Taller 3,Meneses Claudio,"W:4,5,6 CLAS AG7",Agronomía y Sistemas Naturales,2026-1
21718,AGL060,2,Taller 3,Cordovez Gabriela,"V:1,2,3 CLAS ED216",Agronomía y Sistemas Naturales,2026-1
29557,AGL060,3,Taller 3,Abarca Romina,"W:4,5,6 CLAS K305",Agronomía y Sistemas Naturales,2026-1
23016,AGL070,1,Taller 4,"Mejias Luis, Alcalde Jose","V:1,2 CLAS TMP104",Agronomía y Sistemas Naturales,2026-1
26494,AGL070,2,Taller 4,"Mejias Luis, Alcalde Jose","V:3,4 CLAS TMP101",Agronomía y Sistemas Naturales,2026-1
31556,AGL070,3,Taller 4,Barriga Claudia,"W:1,2 CLAS AG7",Agronomía y Sistemas Naturales,2026-1
34090,AGL070,4,Taller 4,Barriga Claudia,"V:1,2 CLAS AG7",Agronomía y Sistemas Naturales,2026-1
21723,AGL090,1,Taller 5,Valdés María,V:1 CLAS AP003,Agronomía y Sistemas Naturales,2026-1
25580,AGL090,2,Taller 5,Vidal Nicolas,V:1 CLAS AP002,Agronomía y Sistemas Naturales,2026-1
27327,AGL090,3,Taller 5,Matte Francisco,V:1 CLAS AP004,Agronomía y Sistemas Naturales,2026-1
31614,AGL090,4,Taller 5,Donoso Ivan,V:1 CLAS AP007,Agronomía y Sistemas Naturales,2026-1
33930,AGL090,5,Taller 5,Biggs Jaime,V:1 TAL AP008,Agronomía y Sistemas Naturales,2026-1
33931,AGL090,6,Taller 5,Ramos Maria,V:1 TAL AP005,Agronomía y Sistemas Naturales,2026-1
33932,AGL090,7,Taller 5,Echenique Marcia,V:1 TAL AP006,Agronomía y Sistemas Naturales,2026-1
10396,AGL100,1,Practica de Verano 1,Reveco Samantha,: CLAS SIN SALA,Agronomía y Sistemas Naturales,2026-1
10409,AGL101,1,Botanica,"Gomez Miguel, Cordovez Gabriela, Montenegro Gloria","W:3,4 LAB SIN SALA W:5,6 CLAS AM1",Agronomía y Sistemas Naturales,2026-1
14658,AGL110,1,Suelos y Fertilidad,"Bonomelli Claudia, Acuña Edouard, Reveco Samantha","L-W:3,4 CLAS K202 L:5,6 AYU AG4",Agronomía y Sistemas Naturales,2026-1
14660,AGL110,2,Suelos y Fertilidad,"Bonomelli Claudia, Acuña Edouard, Reveco Samantha","L-W:3,4 CLAS K202 W:5,6 AYU AG3",Agronomía y Sistemas Naturales,2026-1
14664,AGL111,1,Agua y Riego,"Gil Pilar, Barrera Cristian, Tobar Sophia","L-W:3 CLAS A5 L:4,5,6 AYU AP002",Agronomía y Sistemas Naturales,2026-1
26483,AGL111,2,Agua y Riego,"Barrera Cristian, Gil Pilar, Tobar Sophia","L-W:3 CLAS A5 M:4,5,6 AYU F201",Agronomía y Sistemas Naturales,2026-1
14668,AGL111,3,Agua y Riego,"Barrera Cristian, Gil Pilar, Tobar Sophia","L-W:3 CLAS A5 W:4,5,6 AYU TMP105",Agronomía y Sistemas Naturales,2026-1
10417,AGL112,1,Climatologia,Raab Nicolas,"M:3,4 CLAS AE102 M:5,6 AYU AG5",Agronomía y Sistemas Naturales,2026-1
18198,AGL112,2,Climatologia,Raab Nicolas,"M:3,4 CLAS AE102 J:5,6 AYU AG5",Agronomía y Sistemas Naturales,2026-1
21711,AGL150,1,Practica de Licenciatura,Reveco Samantha,: CLAS SIN SALA,Agronomía y Sistemas Naturales,2026-1
10424,AGL200,1,Práctica de Verano II,Reveco Samantha,: CLAS SIN SALA,Agronomía y Sistemas Naturales,2026-1
33576,AGL200,2,Práctica de Verano II,Pena Ivan,: CLAS,Agronomía y Sistemas Naturales,2026-1
10434,AGL201,1,Estadistica,Morales David,L-W:1 CLAS AG1 M-J:2 AYU AG5,Agronomía y Sistemas Naturales,2026-1
33579,AGL201,2,Estadistica,Morales David,L-W:2 AYU AG5 M-J:1 CLAS AG1,Agronomía y Sistemas Naturales,2026-1
29604,AGL201,3,Estadistica,Cerda José,"L:3,4 CLAS AG2 V:3,4 AYU AG2",Agronomía y Sistemas Naturales,2026-1
10456,AGL203,2,Genetica y Biotecnologia,Gambardella Marina,"M-J:2 CLAS AP001 M:5,6 AYU AP503",Agronomía y Sistemas Naturales,2026-1
10448,AGL203,5,Genetica y Biotecnologia,Gebauer Marlene,"M-J:3 CLAS AG4 V:4,5,6 AYU AG4",Agronomía y Sistemas Naturales,2026-1
17409,AGL204,1,"Principios de Procesamiento, Calidad e Inocuidad de Alimentos","Brossard Natalia, Abarca Romina, Zoffoli Juan, Zúñiga Oscar","L-W:1 CLAS AE203 L:4,5,6 AYU AG3",Agronomía y Sistemas Naturales,2026-1
19493,AGL204,2,"Principios de Procesamiento, Calidad e Inocuidad de Alimentos","Brossard Natalia, Abarca Romina, Zoffoli Juan, Zúñiga Oscar","L-W:1 CLAS AE203 M:4,5,6 AYU AG3",Agronomía y Sistemas Naturales,2026-1
14670,AGL211,1,Proteccion de Plantas,"Ahumada Maria, Chorbadjian Rodrigo, Cordovez Gabriela, Rosales Ines",L-W:2 CLAS AE203 V:1 LAB SIN SALA,Agronomía y Sistemas Naturales,2026-1
14674,AGL211,2,Proteccion de Plantas,"Ahumada Maria, Chorbadjian Rodrigo, Cordovez Gabriela, Rosales Ines",L-W:2 CLAS AE203 V:2 LAB SIN SALA,Agronomía y Sistemas Naturales,2026-1
14672,AGL211,3,Proteccion de Plantas,"Ahumada Maria, Chorbadjian Rodrigo, Cordovez Gabriela, Rosales Ines",L-W:2 CLAS AE203 V:3 LAB SIN SALA,Agronomía y Sistemas Naturales,2026-1
17826,AGL221,3,Produccion Animal,"Reveco María, Larrain Rafael, Petrovich Francisca","M-J:1 CLAS AE102 W:4,5,6 AYU AL2",Agronomía y Sistemas Naturales,2026-1
17824,AGL221,4,Produccion Animal,"Reveco María, Larrain Rafael, Petrovich Francisca","M-J:1 CLAS AE102 J:4,5,6 AYU AG2",Agronomía y Sistemas Naturales,2026-1
19710,AGL232,1,Administración de Sistemas Agrícolas y Forestales,Vargas Gonzalo,M-J:1 CLAS AG6 V:2 AYU AG3,Agronomía y Sistemas Naturales,2026-1
21831,AGL232,2,Administración de Sistemas Agrícolas y Forestales,Olivares Claudio,M-J:2 CLAS K202 V:3 AYU AG4,Agronomía y Sistemas Naturales,2026-1
19715,AGL233,1,Formulación y Evaluación de Proyectos,Valdés María,M-J:1 CLAS AG4 V:2 AYU AG5,Agronomía y Sistemas Naturales,2026-1
21509,AGL233,2,Formulación y Evaluación de Proyectos,Taha Esteban,L-W:1 CLAS AG5 V:4 AYU AG3,Agronomía y Sistemas Naturales,2026-1
28091,AGL253,1,Apicultura Sustentable,"Nunez Gabriel, Gomez Miguel, Montenegro Gloria","J:4,5 CLAS AG4",Agronomía y Sistemas Naturales,2026-1
28092,AGL255,1,Excel para la Vida Profesional,Leon Juan,"M:5,6 TAL SIN SALA J:5 CLAS SIN SALA",Agronomía y Sistemas Naturales,2026-1
21885,AGL270,1,Comercio Exterior Silvoagropecuario,Olivares Claudio,"W:4,5,6 CLAS TMP104",Agronomía y Sistemas Naturales,2026-1
10523,AGL280,1,Aplicaciones Estadisticas,"Morales David, Foster William, Schwantes Daniel","M-J:1 CLAS N18 V:4,5 CLAS N13-B",Agronomía y Sistemas Naturales,2026-1
17830,AGL280,2,Aplicaciones Estadisticas,"Morales David, Por Fijar, Raab Nicolas","L-W:1 CLAS N15 V:3,4 CLAS N16-B",Agronomía y Sistemas Naturales,2026-1
28201,AGL281,1,Huertos Urbanos y Comunitarios,"Fuentes Francisco, Rojas Claudia","M:4,5,6 TER SIN SALA",Agronomía y Sistemas Naturales,2026-1
29859,AGL309,1,Tecnologías Agropecuarias Emergentes y Agricultura Digital,Norero Yordi,"W:4,5,6,7 CLAS TMP101",Agronomía y Sistemas Naturales,2026-1
21715,AGL380,1,Residencia Profesional,Dirección Docente,: SUP SIN SALA,Agronomía y Sistemas Naturales,2026-1
31636,AGL381,1,Pasantía Profesional,Dirección Docente,: CLAS SIN SALA,Agronomía y Sistemas Naturales,2026-1
21508,AGL400,1,Examen de Certificación de Licenciatura,Dirección Docente,: CLAS SIN SALA,Agronomía y Sistemas Naturales,2026-1
21815,AGL400,2,Examen de Certificación de Licenciatura,Dirección Docente,: CLAS SIN SALA,Agronomía y Sistemas Naturales,2026-1
10570,AGM3000,1,Evaluación de Proyectos Agroalimentarios,"Taha Esteban, Gonzalez Raul",L-W-J:2 CLAS SIN SALA,Agronomía y Sistemas Naturales,2026-1
10575,AGM3001,1,Taller de Negociación y Habilidades Gerenciales,Subercaseaux Juan,"M:2,3 CLAS SIN SALA",Agronomía y Sistemas Naturales,2026-1
10581,AGM3002,1,Taller de Comercio Internacional,Olivares Claudio,"L:4,5 CLAS SIN SALA",Agronomía y Sistemas Naturales,2026-1
10585,AGM3003,1,Proyecto Final de Graduación,Subercaseaux Juan,: CLAS SIN SALA,Agronomía y Sistemas Naturales,2026-1
33878,AGM3008,1,Gestión Financiera en Empresas Agroindustriales,Valdés María,"W:3,4 CLAS SIN SALA V:4 CLAS SIN SALA",Agronomía y Sistemas Naturales,2026-1
10673,AGP3132,1,Econometria,Foster William,L-W:3 CLAS SIN SALA,Agronomía y Sistemas Naturales,2026-1
10679,AGP3134,1,Estudio Dirigido I,Dirección Docente,: CLAS SIN SALA,Agronomía y Sistemas Naturales,2026-1
10683,AGP3135,1,Estudio Dirigido II,Dirección Docente,: CLAS SIN SALA,Agronomía y Sistemas Naturales,2026-1
10686,AGP3136,1,Taller de Métodos de Investigación,"Valdes Hector, Renwick Leah",M:1 CLAS AUD-POSG,Agronomía y Sistemas Naturales,2026-1
15794,AGP3138,1,Métodos Estadísticos en Recursos Naturales,"Gilabert Horacio, Morales David","L:5,6,7 CLAS AP401",Agronomía y Sistemas Naturales,2026-1
10697,AGP4000,1,Estudio Dirigido,Dirección Docente,: CLAS SIN SALA,Agronomía y Sistemas Naturales,2026-1
10714,AGP4011,1,Tesis de Doctorado I,Dirección Docente,: CLAS SIN SALA,Agronomía y Sistemas Naturales,2026-1
18764,AGP4012,1,Tesis de Doctorado II,Dirección Docente,: CLAS SIN SALA,Agronomía y Sistemas Naturales,2026-1
10721,AGP4013,1,Tesis de Doctorado III,Dirección Docente,: CLAS SIN SALA,Agronomía y Sistemas Naturales,2026-1
10728,AGP4014,1,Tesis de Doctorado IV,Dirección Docente,: CLAS SIN SALA,Agronomía y Sistemas Naturales,2026-1
15801,AGP4018,1,Actividad Anual de Seguimiento I,Dirección Docente,: CLAS SIN SALA,Agronomía y Sistemas Naturales,2026-1
18786,AGP4019,1,Actividad Anual de Seguimiento II,Dirección Docente,: CLAS SIN SALA,Agronomía y Sistemas Naturales,2026-1
18787,AGP4020,1,Autoría Artículo Científico o Patente,Dirección Docente,: CLAS SIN SALA,Agronomía y Sistemas Naturales,2026-1
18788,AGP4021,1,Pasantía,Dirección Docente,: CLAS SIN SALA,Agronomía y Sistemas Naturales,2026-1
24868,AGP4023,1,Comunicación de la Ciencia e Impacto Público,"Escobar Sebastián, Perez Gisel","L:5,6 CLAS AUD-POSG",Agronomía y Sistemas Naturales,2026-1
31000,AGP4024,1,Taller Comunicación Científica: Escritura Artículo Científico,"Rosales Ines, Zaviezo Tania","M:3,4 CLAS AUD-POSG",Agronomía y Sistemas Naturales,2026-1
31002,AGP4026,1,Examen de Calificación,Dirección Docente,: CLAS SIN SALA,Agronomía y Sistemas Naturales,2026-1
31048,AGP4027,1,Examen de Candidatura,Dirección Docente,: CLAS SIN SALA,Agronomía y Sistemas Naturales,2026-1
31049,AGP4028,1,Proyecto de Tesis,Dirección Docente,: CLAS SIN SALA,Agronomía y Sistemas Naturales,2026-1
31050,AGP4029,1,Tesis I,Dirección Docente,: CLAS SIN SALA,Agronomía y Sistemas Naturales,2026-1
31051,AGP4030,1,Tesis II,Dirección Docente,: CLAS SIN SALA,Agronomía y Sistemas Naturales,2026-1
32863,AGP4031,1,Actividad Anual de Seguimiento I,Dirección Docente,: CLAS SIN SALA,Agronomía y Sistemas Naturales,2026-1
32869,AGP4032,1,Tesis III,Dirección Docente,: CLAS SIN SALA,Agronomía y Sistemas Naturales,2026-1
32870,AGP4033,1,Tesis IV,Dirección Docente,: CLAS SIN SALA,Agronomía y Sistemas Naturales,2026-1
32871,AGP4034,1,Actividad Anual de Seguimiento II,Dirección Docente,: CLAS SIN SALA,Agronomía y Sistemas Naturales,2026-1
33625,AGP4035,1,Tesis V,Dirección Docente,: CLAS SIN SALA,Agronomía y Sistemas Naturales,2026-1
10737,AGR200,1,Ecologia Forestal,"Becerra Pablo, Moraga Priscila","M:4,5,6 CLAS C405 M:7 TAL C405",Agronomía y Sistemas Naturales,2026-1
10744,AGR205,1,Geomática Aplicada a Recursos Naturales,"Miranda Marcelo, Paredes Álvaro","L-W:2 CLAS AP201 V:3,4 AYU AG1",Agronomía y Sistemas Naturales,2026-1
31617,AGR205,2,Geomática Aplicada a Recursos Naturales,"Miranda Marcelo, Paredes Álvaro","L:5,6 AYU AG6 W-V:1 CLAS AP201",Agronomía y Sistemas Naturales,2026-1
17412,AGR208,1,Suelo e Hidrología Forestal,"Rojas Isabel, Arellano Eduardo, Por Fijar","J:3,4,5,6 CLAS AG1 J:7 TER",Agronomía y Sistemas Naturales,2026-1
31639,AGR212,1,Muestreo y Dinámica de Bosques,Gilabert Horacio,"L:3 CLAS AP103 W:3,4 CLAS F201 W:5 AYU CARA1",Agronomía y Sistemas Naturales,2026-1
32872,AGR3003,1,Desafíos de Conservación en Latinoamérica,Bonacic Cristian,"M:5,6 CLAS K301",Agronomía y Sistemas Naturales,2026-1
19484,AGR301,1,Sanidad Forestal,Moraga Priscila,"L-W:2 CLAS AP503 L:4,5,6 AYU AP301",Agronomía y Sistemas Naturales,2026-1
33198,AGR3013,1,Interacciones Insecto-Planta,Chorbadjian Rodrigo,M-J:2 CLAS CV,Agronomía y Sistemas Naturales,2026-1
30392,AGR3016,1,Biometeorología y Climatología Aplicada,Lobos Felipe,"M:2,3 CLAS SEM_3_P2",Agronomía y Sistemas Naturales,2026-1
10792,AGR3018,1,Ecología Avanzada,Soto Daniel,"J:5,6,7 CLAS K302",Agronomía y Sistemas Naturales,2026-1
19485,AGR302,1,Manejo y Planificación Forestal,Gilabert Horacio,"M:3,4 CLAS AP005 M:5,6,7 AYU AP002 J:3 CLAS H3",Agronomía y Sistemas Naturales,2026-1
24886,AGR3023,1,Tesis I (Proyecto de Tesis),"Miranda Marcelo, Dirección Docente",: CLAS SIN SALA,Agronomía y Sistemas Naturales,2026-1
24887,AGR3024,1,Tesis II,Dirección Docente,: CLAS SIN SALA,Agronomía y Sistemas Naturales,2026-1
33629,AGR303,1,Silvicultura Avanzada,"Fernandez Maria, Moraga Priscila","V:3,4,5,6 CLAS AG5",Agronomía y Sistemas Naturales,2026-1
19487,AGR304,1,Arbolado Urbano,"Fernandez Maria, Moraga Priscila","J:4,5,6 CLAS AP001 J:7 TER",Agronomía y Sistemas Naturales,2026-1
21434,AGR308,1,Fauna y Manejo de Vida Silvestre,Bonacic Cristian,"L:3 CLAS AP301 W:3,4 CLAS AP401 W:5,6 AYU AG6",Agronomía y Sistemas Naturales,2026-1
21435,AGR309,1,Restauración Ecológica,Reyes Sonia,M-J:2 CLAS AP502 V:4 AYU S8,Agronomía y Sistemas Naturales,2026-1
10811,AGR311,1,Manejo de Areas Protegidas,Meza Andres,"M:5,6 CLAS TMP102",Agronomía y Sistemas Naturales,2026-1
22775,AGR317,1,Evaluación Integrada de Ecosistemas,Miranda Marcelo,"L-W:3 CLAS AP201 J:4,5,6,7 AYU TMP103",Agronomía y Sistemas Naturales,2026-1
21517,AGR318,1,Gestión Ambiental en Agricultura,Muñoz Alejandra,"M-J:2 CLAS SEM_6_P4 J:4,5,6 AYU SEM_1_P2",Agronomía y Sistemas Naturales,2026-1
21428,AGR320,1,Problemas Ambientales del Sector Agropecuario,"Ginocchio Rosanna, Valenzuela Gisela","M-J:1 CLAS SEM_6_P4 V:5,6 AYU SEM_1_P2",Agronomía y Sistemas Naturales,2026-1
16343,AGR3556,1,Desafíos para la Conservación y Manejo de los Recursos Naturales,"Moraga Priscila, Muñoz Alejandra","V:5,6 CLAS C500",Agronomía y Sistemas Naturales,2026-1
10845,AGZ200,1,Acuicultura,Escobar Sebastián,"L:4 CLAS AG7 W:4,5 CLAS BC25",Agronomía y Sistemas Naturales,2026-1
33630,AGZ223,1,Ganadería Regenerativa,Larrain Rafael,"M:3 CLAS AG7 J:3,4 CLAS S5",Agronomía y Sistemas Naturales,2026-1
30428,AGZ320,1,Fisiología Animal Aplicada,Petrovich Francisca,"W:2,3 CLAS SIN SALA",Agronomía y Sistemas Naturales,2026-1
26449,AGZ331,1,Alimentos y Alimentación Animal,"Mora Robert, Reveco María","M-J:2 CLAS A1 M:4,5,6 CLAS C001",Agronomía y Sistemas Naturales,2026-1
31906,AGZ331,2,Alimentos y Alimentación Animal,"Mora Robert, Reveco María","M-J:2 CLAS A1 M:4,5,6 CLAS C001",Agronomía y Sistemas Naturales,2026-1
19490,AGZ333,1,Forrajeras y Manejo de Praderas,Renwick Leah,"L:2,3 CLAS SIN SALA J:5,6,7 AYU AG7",Agronomía y Sistemas Naturales,2026-1
21440,AGZ340,1,Comportamiento y Bienestar Animal,Calderón Javiera,"V:2,3 CLAS FT-105",Agronomía y Sistemas Naturales,2026-1
21441,AGZ341,1,Nutrición y Metabolismo Animal,"Mora Robert, Reveco María","L:4,5,6 AYU M2 M-J:3 CLAS C002",Agronomía y Sistemas Naturales,2026-1
31907,AGZ341,2,Nutrición y Metabolismo Animal,"Mora Robert, Reveco María","L:4,5,6 AYU M2 M-J:3 CLAS C002",Agronomía y Sistemas Naturales,2026-1
30668,AGZ3427,1,Actualizaciones en Nutrición y Reproducción Animal,Larrain Rafael,"M:4,5,6 CLAS SIN SALA",Agronomía y Sistemas Naturales,2026-1
30667,AGZ3428,1,Bienestar Animal,Calderón Javiera,"M:1,2 CLAS SIN SALA",Agronomía y Sistemas Naturales,2026-1
30795,AGZ3430,1,Tesis I,"Dirección Docente, Abarca Romina",: CLAS SIN SALA,Agronomía y Sistemas Naturales,2026-1
30996,AGZ3431,1,Tesis II,Dirección Docente,: CLAS SIN SALA,Agronomía y Sistemas Naturales,2026-1
30997,AGZ3432,1,Actividad Final Integradora,Dirección Docente,: CLAS SIN SALA,Agronomía y Sistemas Naturales,2026-1
33411,AGZ3434,1,Gestión Sustentable de Sistemas de Producción Animal,Lembeye Felipe,"W:2,3,4 CLAS SIN SALA",Agronomía y Sistemas Naturales,2026-1
31624,AGZ354,1,Produccion de Rumiantes Menores,Geldsetzer Carolina,"M:5,6,7 CLAS AG7",Agronomía y Sistemas Naturales,2026-1
20785,DBV4005,1,Examen de Candidatura,Dirección Docente,: CLAS SIN SALA,Agronomía y Sistemas Naturales,2026-1
20787,DBV4006,1,Proyecto de Tesis,Dirección Docente,: CLAS SIN SALA,Agronomía y Sistemas Naturales,2026-1
22663,DBV4007,1,Tesis de Doctorado I,Dirección Docente,: CLAS SIN SALA,Agronomía y Sistemas Naturales,2026-1
22693,DBV4008,1,Tesis de Doctorado II,Dirección Docente,: TES SIN SALA,Agronomía y Sistemas Naturales,2026-1
24857,DBV4009,1,Tesis de Doctorado III,Dirección Docente,: CLAS SIN SALA,Agronomía y Sistemas Naturales,2026-1
24859,DBV4010,1,Tesis de Doctorado IV,Dirección Docente,: CLAS SIN SALA,Agronomía y Sistemas Naturales,2026-1
25945,DBV4011,1,Tesis de Doctorado V,Dirección Docente,: CLAS SIN SALA,Agronomía y Sistemas Naturales,2026-1
22694,DBV4012,1,Actividad Anual de Seguimiento I,Dirección Docente,: CLAS SIN SALA,Agronomía y Sistemas Naturales,2026-1
24862,DBV4013,1,Actividad Anual de Seguimiento II,Dirección Docente,: CLAS SIN SALA,Agronomía y Sistemas Naturales,2026-1
27723,DBV4014,1,Autoría Artículo Científico o Patente,Dirección Docente,: CLAS SIN SALA,Agronomía y Sistemas Naturales,2026-1
20796,DBV4015,1,Pasantía I,Dirección Docente,: CLAS SIN SALA,Agronomía y Sistemas Naturales,2026-1
20799,DBV4016,1,Ayudantía,Dirección Docente,: CLAS SIN SALA,Agronomía y Sistemas Naturales,2026-1
20797,DBV4017,1,Pasantía II,Dirección Docente,: CLAS SIN SALA,Agronomía y Sistemas Naturales,2026-1
27722,DBV4019,1,Unidad de Investigación II,Dirección Docente,: CLAS SIN SALA,Agronomía y Sistemas Naturales,2026-1
21378,DBV4102,1,Biología Molecular Vegetal,"Fuentes Maria, Larrondo Luis","J:1,2,3 CLAS SIN SALA",Agronomía y Sistemas Naturales,2026-1
20113,DBV4105,1,Desarrollo y Reproducción Vegetal,O'Brien Jose,"W:2,3 CLAS SIN SALA",Agronomía y Sistemas Naturales,2026-1
20114,DBV4107,1,"Bionegocios, Patentamiento y Fuentes de Financiamiento",Fuentes Daniela,"V:5,6 CLAS SIN SALA",Agronomía y Sistemas Naturales,2026-1
27501,DBV4110,1,Biotecnología e Industria,Meneses Claudio,"L:3,4 CLAS SIN SALA",Agronomía y Sistemas Naturales,2026-1
27898,REN101,1,Desafíos de la Ingeniería de Recursos Naturales,Cortes Erika,"M:3 TAL CS402 W:4,5,6,7 CLAS AL4",Agronomía y Sistemas Naturales,2026-1
31625,REN101,2,Desafíos de la Ingeniería de Recursos Naturales,Cortes Erika,"W:4,5,6,7 CLAS AL4 J:3 TAL CS402",Agronomía y Sistemas Naturales,2026-1
31628,REN203,1,Geología y Ciencias del Suelo,Acevedo Sara,"L-W:3 CLAS N17 W:5,6 AYU AL3",Agronomía y Sistemas Naturales,2026-1
31631,REN225,1,Metodologías de Investigación,Lobos Felipe,"M:5,6 CLAS AG6",Agronomía y Sistemas Naturales,2026-1
33637,REN231,1,Contaminación Ambiental y Huella Hídrica,Vega Alejandra,L-W:4 CLAS AP101 L:5 AYU AG1,Agronomía y Sistemas Naturales,2026-1
33638,REN234,1,Gobernanza y Regulación del Agua,Donoso Guillermo,M-J:3 CLAS H1,Agronomía y Sistemas Naturales,2026-1
33634,REN236,1,Economía Circular e Innovación,Ravanal María,M-J:4 CLAS AG7 V:3 AYU FT-104,Agronomía y Sistemas Naturales,2026-1
33639,REN270,1,Desafíos de la Pesca y Acuicultura,Por Fijar,"L:4,5,6 CLAS FT-103",Agronomía y Sistemas Naturales,2026-1
33636,REN280,1,Energías Renovables,Vásquez César,"V:4,5,6 CLAS AG7",Agronomía y Sistemas Naturales,2026-1
33635,REN310,1,Evaluación de Proyectos en Recursos Naturales,Salas Cristian,L-W:3 CLAS ID300 W:5 AYU AUD_AGRONO,Agronomía y Sistemas Naturales,2026-1
10914,ANT100,1,Paradigmas Antropológicos,Gonzalez Marcelo,"M:3,4 CLAS AE004 W:5 AYU K203",Antropología,2026-1
18789,ANT100,2,Paradigmas Antropológicos,Cisternas Felipe,"W:1 AYU NT201 W:3,4 CLAS AE202",Antropología,2026-1
18790,ANT100,3,Paradigmas Antropológicos,Moraga Julian,"W:1 AYU AE107 W:3,4 CLAS C202",Antropología,2026-1
28560,ANT107,1,Ética Social,"Vidal Alejandra, Espirito Diana","W:4 AYU NT201 J:3,4 CLAS AE201",Antropología,2026-1
18779,ANT110,1,Introducción a la Antropología Biológica,Martinez Felipe,L-W:3 CLAS AE203 M:5 AYU AE202,Antropología,2026-1
18780,ANT120,1,Introducción a la Arqueología,Plaza Maria,"W:4 AYU AE002 J:3,4 CLAS AE203",Antropología,2026-1
19461,ANT135,1,Antropología del Lenguaje,Alvarado Gabriel,"M:4 AYU NT201 V:3,4 CLAS R6",Antropología,2026-1
10927,ANT140,1,Teoría Antropológica I,Di Giminiani Piergiorgio,"L:4 AYU NT201 W:2,3 CLAS BC24",Antropología,2026-1
10933,ANT160,1,Teoría Antropológica III,Hernandez Tamara,"M:5,6 CLAS S20 J:4 AYU S20",Antropología,2026-1
29383,ANT180,1,Etnografía I,Bowen Sofia,"L:3,4 CLAS FT-104 M:4 AYU T2223",Antropología,2026-1
15063,ANT210,1,Antropología Urbana,Murray Marjorie,"M:2,3 CLAS S20 J:1 AYU S20",Antropología,2026-1
15064,ANT220,1,Antropología Política,Aedo Juan,"L:1 AYU S20 W:2,3 CLAS S20",Antropología,2026-1
31246,ANT226,1,"Escribir la Cultura: Viajes, Contactos y (Auto)Representaciones",Galvez Damian,W-V:4 CLAS AP007 J:6 AYU H1,Antropología,2026-1
32763,ANT227,1,Antropología de los Patrimonios,Matus Christian,"L:6 AYU FT-105 M:5,6 CLAS C501",Antropología,2026-1
34194,ANT228,1,"Estado, Derecho y Política Pública: Herramientas para la Práctica Antropológica",Rivas Antonia,"W:5,6 CLAS",Antropología,2026-1
34195,ANT229,1,Etnografía e Investigación Artística: Memoria en Relación Con el Espacio,"Almási-Szabó Lili, Por Fijar","M:5,6 CLAS M:7 AYU",Antropología,2026-1
29687,ANT2533,1,Análisis de Datos Cualitativos (A+S),Sandoval Ignacio,"W:3,4 CLAS FT-104 J:6 AYU H3",Antropología,2026-1
29454,ANT259,1,Antropología Visual,"Mege Pedro, Barceló Gonzalo",M-J:4 CLAS S4 V:2 AYU AP005,Antropología,2026-1
30911,ANT264,1,Introducción a la Antropología Sociocultural,Sandoval Ignacio,"M:2 AYU N15 J:3,4 CLAS N13-A",Antropología,2026-1
16942,ANT300,1,Formulación y Evaluación de Proyectos,Coquelet Jaime,"L:2,3 CLAS MAG_ANTROP W:1 AYU MAG_ANTROP",Antropología,2026-1
24719,ANT3000,1,Teoría Antropológica Contemporánea I,"Di Giminiani Piergiorgio, Simonetti Cristian","M:2,3 CLAS SIN SALA",Antropología,2026-1
24730,ANT3002,1,Diseño y Ética de la Investigación Antropológica,"Bacchiddu Giovanna, Ugarte Ana","J:2,3 CLAS SIN SALA",Antropología,2026-1
26503,ANT3005,1,Proyecto de Tesis Doctoral,De la Maza Francisca,: SUP,Antropología,2026-1
27552,ANT3005,2,Proyecto de Tesis Doctoral,Simonetti Cristian,: SUP SIN SALA,Antropología,2026-1
27553,ANT3005,3,Proyecto de Tesis Doctoral,Ugarte Ana,: SUP,Antropología,2026-1
27554,ANT3005,4,Proyecto de Tesis Doctoral,Aedo Juan,: SUP,Antropología,2026-1
31495,ANT3005,5,Proyecto de Tesis Doctoral,Tusing Cari,: SUP SIN SALA,Antropología,2026-1
26504,ANT3006,1,Exámen de Candidatura Doctoral,De la Maza Francisca,: SUP,Antropología,2026-1
27556,ANT3006,2,Exámen de Candidatura Doctoral,Simonetti Cristian,: SUP,Antropología,2026-1
27557,ANT3006,3,Exámen de Candidatura Doctoral,Ugarte Ana,: SUP,Antropología,2026-1
27558,ANT3006,4,Exámen de Candidatura Doctoral,Aedo Juan,: SUP,Antropología,2026-1
31505,ANT3006,5,Exámen de Candidatura Doctoral,Tusing Cari,: SUP SIN SALA,Antropología,2026-1
28226,ANT3008,1,Trabajo de Campo II,"Murray Marjorie, Ugarte Ana",: CLAS SIN SALA,Antropología,2026-1
28253,ANT3008,2,Trabajo de Campo II,"Di Giminiani Piergiorgio, Tusing Cari",: CLAS SIN SALA,Antropología,2026-1
28255,ANT3008,3,Trabajo de Campo II,"Espirito Diana, Por Fijar",: CLAS SIN SALA,Antropología,2026-1
28260,ANT3008,4,Trabajo de Campo II,"Gonzalez Marcelo, Luna Laura",: CLAS SIN SALA,Antropología,2026-1
33086,ANT3008,5,Trabajo de Campo II,"Gonzalez Marcelo, Risor Helene",: CLAS,Antropología,2026-1
33094,ANT3008,6,Trabajo de Campo II,"Aedo Juan, Por Fijar",: CLAS SIN SALA,Antropología,2026-1
30487,ANT3010,1,Tesis Doctoral II,"Espirito Diana, Aedo Juan",: TES,Antropología,2026-1
30488,ANT3010,2,Tesis Doctoral II,"Simonetti Cristian, Ureta Sebastian",: TES,Antropología,2026-1
30489,ANT3010,3,Tesis Doctoral II,"Gonzalez Marcelo, Haye Andres",: TES,Antropología,2026-1
30490,ANT3010,4,Tesis Doctoral II,"Ugarte Ana, Webb Andrew",: TES,Antropología,2026-1
30491,ANT3013,1,Seminario de Escritura Doctoral II,Murray Marjorie,"W:2,3 TES",Antropología,2026-1
24735,ANT3031,1,Antropología del Estado,De la Maza Francisca,"W:2,3 CLAS SIN SALA",Antropología,2026-1
33237,ANT3038,1,Antropología y Relaciones Humano-Animal,Benavides Sebastian,"W:5,6 CLAS SEM_3_P2",Antropología,2026-1
33238,ANT3039,1,"Liberación Nacional Indígena: Idearios, Conceptos y Movimientos en América Latina",Pairican Fernando,"L:2,3 CLAS ED214",Antropología,2026-1
22510,ANT303Q,1,Arqueología Avanzada I,Mendez Victor,"W:2 AYU CS101 V:2,3 CLAS CS101",Antropología,2026-1
31995,ANT3040,1,Actividad Docente,Espirito Diana,: TAL SIN SALA,Antropología,2026-1
31996,ANT3041,1,Autoría Artículo Científico,Espirito Diana,: TAL SIN SALA,Antropología,2026-1
31997,ANT3042,1,Pasantía Internacional,Espirito Diana,: TAL SIN SALA,Antropología,2026-1
33156,ANT3046,1,Antropología del Fracaso,Gonzalez Marcelo,"W:5,6 CLAS SEM_3_P4",Antropología,2026-1
33188,ANT3047,1,Antropología de los Sistemas de Salud,Gonzalez Marcela,"W:2,3 CLAS SEM_3_P4",Antropología,2026-1
22511,ANT304Q,1,Interpretación en Arqueología,Campbell Roberto,"M:1 AYU AUD_J J:3,4 CLAS NT203",Antropología,2026-1
22512,ANT305Q,1,Arqueología Cuantitativa,Santana Francisca,"M:2,3 CLAS CS101 W:5 AYU SIN SALA",Antropología,2026-1
16943,ANT310,1,Mediación e Interculturalidad,Irribarra Josefina,"L:4 AYU MAG_ANTROP J:2,3 CLAS MAG_ANTROP",Antropología,2026-1
24651,ANT310Q,1,Arqueología Avanzada III,Labarca Rafael,"J:3,4 CLAS AP004 V:5 AYU AUD_J",Antropología,2026-1
24653,ANT311Q,1,Arqueologías Políticas y las Formas del Poder,Moya Francisca,"J:1 AYU J2 V:3,4 CLAS J2",Antropología,2026-1
24656,ANT312Q,1,Laboratorio I,Wande Claudio,"L:3,4 CLAS C509 W:4 AYU S20",Antropología,2026-1
30905,ANT312Q,2,Laboratorio I,Perez Isidora,"L:3,4 CLAS C507 W:4 AYU FT-103",Antropología,2026-1
24712,ANT313Q,1,Arqueología de Chile II,Campbell Roberto,"L:1 AYU J3 M:3,4 CLAS N10",Antropología,2026-1
26018,ANT318Q,1,Arqueología y Empresa,"Vidal Alejandra, Tapia Antonia","J:6,7 CLAS J1 V:3 AYU N11",Antropología,2026-1
26019,ANT319Q,1,Arqueología y Ciencia,Moya Francisca,"M:2,3 CLAS MAG_ANTROP M:4 AYU MAG_ANTROP",Antropología,2026-1
32590,ANT319Q,2,Arqueología y Ciencia,Plaza Maria,"M:2,3 CLAS N1A M:4 AYU N1A",Antropología,2026-1
16944,ANT320,1,Politicas Públicas,Pinilla Juan,"W:3,4 CLAS FT-105 J:1 AYU AP005",Antropología,2026-1
26020,ANT320Q,1,Arqueología y Políticas Públicas,Abarca Violeta,"W:4 AYU NT202 W:5,6 CLAS N16-A",Antropología,2026-1
28581,ANT330,1,Taller de Titulación,Gonzalez Marcelo,: TES SIN SALA,Antropología,2026-1
29017,ANT330,2,Taller de Titulación,Fernandez Violeta,: TES SIN SALA,Antropología,2026-1
29018,ANT330,3,Taller de Titulación,Espirito Diana,: CLAS SIN SALA,Antropología,2026-1
28615,ANT330Q,1,Taller de Titulación,Mendez Victor,: TAL SIN SALA,Antropología,2026-1
29021,ANT330Q,2,Taller de Titulación,Garcia-Albarido Francisco,: CLAS SIN SALA,Antropología,2026-1
30910,ANT405R,1,Cultura y Sociedad en la Región Andina,Mansilla Catalina,"W:5,6 CLAS AE213 V:3 AYU H2",Antropología,2026-1
30907,ANT502Q,1,Bioarqueología,Santana Francisca,"J:2,3 CLAS N1A V:2 AYU N1A",Antropología,2026-1
32762,ANT506Q,1,Arqueología y Antropología de Evaluación Ambiental en el Marco de Proyectos de Inversión,Riveros Rodrigo,"M:5,6 CLAS J3 V:1 AYU S20",Antropología,2026-1
28619,ANT507Q,1,Arte-Factos Nativos en Chile,Cabello Gloria,"M:5,6 CLAS K303 V:1 AYU FT-104",Antropología,2026-1
32761,ANT508Q,1,Paleoclimatología Aplicada a Arqueología,"Godoy Carolina, Fuentealba María","W:2,3 CLAS MAG_ANTROP V:6 AYU MAG_ANTROP",Antropología,2026-1
31245,ANT513Q,1,Arqueología Histórica,Garcia-Albarido Francisco,"L:5,6 CLAS J1 V:6 AYU N11",Antropología,2026-1
34196,ANT515Q,1,"Conservación en Arqueología: Materialidad, Comportamiento y Manejo de Materiales",Por Fijar,"M:5,6 CLAS",Antropología,2026-1
29949,FCS010,1,Paradigmas de las Ciencias Sociales,Hernandez Tamara,"M:3,4 CLAS FT-103 W:5 AYU H3 V:4 AYU FT-105",Antropología,2026-1
30998,FCS010,2,Paradigmas de las Ciencias Sociales,Jordan Karla,M-J:3 CLAS SIN SALA M:4 AYU SIN SALA J:4 AYU SIN SALA,Antropología,2026-1
33084,ADE2101,1,Diseño Interdisciplinario en la Red de Centros y Estaciones Regionales de la Uc,Guzmán Germán,"W:3,4 CLAS S33",Arquitectura,2026-1
30729,ADU4019,1,Tesis de Doctorado II,(Sin Profesores),: CLAS SIN SALA,Arquitectura,2026-1
27568,ADU4020,1,Tesis de Doctorado III,Dirección Docente,: TES SIN SALA,Arquitectura,2026-1
16173,ADU4049,2,Aproximaciones a la Investigación,Jacob Ruben,"W:8,9 CLAS MAGISTER",Arquitectura,2026-1
20077,ADU4101,1,Proyecto de Tesis Doctoral,Ruiz-Tagle Javier,: TES SIN SALA,Arquitectura,2026-1
20078,ADU4101,2,Proyecto de Tesis Doctoral,Fuentes Luis,: TES SIN SALA,Arquitectura,2026-1
20606,ADU4101,3,Proyecto de Tesis Doctoral,Hidalgo German,: TES SIN SALA,Arquitectura,2026-1
20607,ADU4101,4,Proyecto de Tesis Doctoral,Encinas Felipe,: TES SIN SALA,Arquitectura,2026-1
30728,ADU4101,5,Proyecto de Tesis Doctoral,Tironi Martin,: CLAS SIN SALA,Arquitectura,2026-1
33963,ADU4101,6,Proyecto de Tesis Doctoral,Vicuna Maria,: CLAS SIN SALA,Arquitectura,2026-1
33964,ADU4101,7,Proyecto de Tesis Doctoral,Hurtubia Ricardo,: CLAS SIN SALA,Arquitectura,2026-1
33965,ADU4101,8,Proyecto de Tesis Doctoral,Mondragon Hugo,: CLAS SIN SALA,Arquitectura,2026-1
34079,ADU4101,9,Proyecto de Tesis Doctoral,Méndez María,: TES SIN SALA,Arquitectura,2026-1
33966,ADU4101,10,Proyecto de Tesis Doctoral,(Sin Profesores),,Arquitectura,2026-1
33967,ADU4101,11,Proyecto de Tesis Doctoral,Palmarola Hugo,: CLAS SIN SALA,Arquitectura,2026-1
20076,ADU4102,1,Examen de Candidatura Doctoral,Por Fijar,: TES SIN SALA,Arquitectura,2026-1
23751,ADU4102,2,Examen de Candidatura Doctoral,Por Fijar,: TES SIN SALA,Arquitectura,2026-1
25427,ADU4102,3,Examen de Candidatura Doctoral,Por Fijar,: TES SIN SALA,Arquitectura,2026-1
28649,ADU4102,4,Examen de Candidatura Doctoral,Por Fijar,: TES SIN SALA,Arquitectura,2026-1
28651,ADU4102,5,Examen de Candidatura Doctoral,Por Fijar,: TES SIN SALA,Arquitectura,2026-1
28652,ADU4102,6,Examen de Candidatura Doctoral,Por Fijar,: TES SIN SALA,Arquitectura,2026-1
28653,ADU4102,7,Examen de Candidatura Doctoral,Por Fijar,: TES SIN SALA,Arquitectura,2026-1
28654,ADU4102,8,Examen de Candidatura Doctoral,Por Fijar,: TES SIN SALA,Arquitectura,2026-1
20615,ADU4103,1,Tesis Doctoral I,Vasquez Claudio,: TES SIN SALA,Arquitectura,2026-1
23377,ADU4103,2,Tesis Doctoral I,Fuentes Luis,: TES SIN SALA,Arquitectura,2026-1
23378,ADU4103,3,Tesis Doctoral I,Truffello Ricardo,: TES SIN SALA,Arquitectura,2026-1
23379,ADU4103,4,Tesis Doctoral I,Alonso Pedro,: TES SIN SALA,Arquitectura,2026-1
31854,ADU4103,5,Tesis Doctoral I,Mondragon Hugo,: TES SIN SALA,Arquitectura,2026-1
31874,ADU4103,6,Tesis Doctoral I,Por Fijar,: TES SIN SALA,Arquitectura,2026-1
22078,ADU4104,1,Tesis Doctoral II,Stamm Caroline,: TES SIN SALA,Arquitectura,2026-1
25434,ADU4104,2,Tesis Doctoral II,Fuentes Luis,: TES SIN SALA,Arquitectura,2026-1
25516,ADU4104,3,Tesis Doctoral II,Por Fijar,: TES SIN SALA,Arquitectura,2026-1
26460,ADU4104,4,Tesis Doctoral II,Por Fijar,: TES SIN SALA,Arquitectura,2026-1
26461,ADU4104,5,Tesis Doctoral II,Por Fijar,: TES SIN SALA,Arquitectura,2026-1
26462,ADU4104,6,Tesis Doctoral II,Por Fijar,: TES SIN SALA,Arquitectura,2026-1
26463,ADU4104,7,Tesis Doctoral II,Por Fijar,: TES SIN SALA,Arquitectura,2026-1
26464,ADU4104,8,Tesis Doctoral II,Por Fijar,: TES SIN SALA,Arquitectura,2026-1
23386,ADU4105,1,Tesis Doctoral III,Alonso Pedro,: TES SIN SALA,Arquitectura,2026-1
23392,ADU4105,2,Tesis Doctoral III,Vicuna Maria,: TES SIN SALA,Arquitectura,2026-1
23393,ADU4105,3,Tesis Doctoral III,Alonso Pedro,: TES SIN SALA,Arquitectura,2026-1
23394,ADU4105,4,Tesis Doctoral III,Rojas Carolina,: TES SIN SALA,Arquitectura,2026-1
23395,ADU4105,5,Tesis Doctoral III,Perez de Arce Rodrigo,: TES SIN SALA,Arquitectura,2026-1
23396,ADU4105,6,Tesis Doctoral III,Stamm Caroline,: TES SIN SALA,Arquitectura,2026-1
23398,ADU4105,8,Tesis Doctoral III,Por Fijar,: TES SIN SALA,Arquitectura,2026-1
25435,ADU4106,1,Tesis Doctoral IV,Rojas Carolina,: TES SIN SALA,Arquitectura,2026-1
26457,ADU4106,2,Tesis Doctoral IV,Hidalgo German,: TES SIN SALA,Arquitectura,2026-1
26458,ADU4106,3,Tesis Doctoral IV,Truffello Ricardo,: TES SIN SALA,Arquitectura,2026-1
28543,ADU4106,4,Tesis Doctoral IV,Bergamini Kay,: TES SIN SALA,Arquitectura,2026-1
28719,ADU4106,5,Tesis Doctoral IV,Por Fijar,: TES SIN SALA,Arquitectura,2026-1
20190,ADU4108,1,Coloquio Doctoral I,Dirección Docente,: TES SIN SALA,Arquitectura,2026-1
23421,ADU4109,1,Coloquio Doctoral II,Dirección Docente,: TES SIN SALA,Arquitectura,2026-1
20186,ADU4110,1,Autoría Artículo Científico o Patente,Dirección Docente,: TES SIN SALA,Arquitectura,2026-1
20189,ADU4111,1,Pasantía,Dirección Docente,: TES SIN SALA,Arquitectura,2026-1
20187,ADU4112,1,Práctica Académica,Dirección Docente,: CLAS SIN SALA,Arquitectura,2026-1
33962,ADU4201,1,"Argumentación y Escritura Académica en Arquitectura, Diseño y Estudios Urbanos","Rojas Carolina, Castro Diego","L:3,4 CLAS SIN SALA",Arquitectura,2026-1
24646,AQA1100,1,Proyecto de Titulo I,Bresciani Luis,"W:5,6,7 CLAS SIN SALA",Arquitectura,2026-1
11113,AQA1200,1,Proyecto de Titulo II,Bresciani Luis,"W:5,6,7 TAL SIN SALA",Arquitectura,2026-1
11149,AQC0100,1,Introducción a la Construcción,"Blanc Philippe, Guzmán Germán, Huidobro Patricio, Jolly Victoria","J:1,2,3 CLAS REFECTORIO",Arquitectura,2026-1
11159,AQC0101,1,Práctica de Obras I,Sauma Sebastián,"M:1,2,3 CLAS SIN SALA",Arquitectura,2026-1
11169,AQC0110,1,Elementos Estructurales: Fundamentos de Análisis y Diseño Estructural,"Calvo Cristian, Haristoy José, Illanes Verónica, Milla Francisco","L:2 CLAS S_FACULTAD J:2,3 CLAS A-SALA2 J:2,3 LAB A-SALA1 J:2,3 TAL A-SALA3",Arquitectura,2026-1
11181,AQC0200,1,Técnicas y Construcción,"Henríquez Amparo, Ubilla Mario","J:1,2,3 CLAS CAPILLA",Arquitectura,2026-1
11192,AQC0202,1,Práctica de Obras II,Delso Miguel,"M:1,2,3 CLAS SIN SALA",Arquitectura,2026-1
11199,AQC0210,1,Forma Sismorresistente,"Calvo Cristian, Carcamo Sebastian, Haristoy José","L:4 CLAS AUD_N M:5,6 LAB AUD_N",Arquitectura,2026-1
11211,AQC0300,1,"Instalaciones, Sistemas y Proyecto Arquitectónico","Escobar Gonzalo, Bustamante Waldo, Lama Mauricio","J:1,2,3 CLAS FADEU",Arquitectura,2026-1
33104,AQC1111,1,Diseño y Legislación,Avila Javier,"J:3,4 CLAS SALA-10",Arquitectura,2026-1
33110,AQC2010,1,Observación de la Construcción. Obras Notables en Chile,"Sauma Sebastián, Delso Miguel","M:1,2,3 CLAS FADEU",Arquitectura,2026-1
11287,AQH0000,1,Introducción a la Arquitectura,"Mondragon Hugo, Ogalde Manola, Rodríguez Sebastián, Vargas Antonia",W:2 CLAS S_FACULTAD W:2 LAB TUNEL_ORIE W:2 TAL TUNEL_PONI V:3 CLAS S_FACULTAD V:4 CLAS S_FACULTAD,Arquitectura,2026-1
11278,AQH0000,2,Introducción a la Arquitectura,"Sarovic Marcelo, Brusamolin Ninna","M:4 CLAS A-SALA1 V:5,6 CLAS A-SALA1",Arquitectura,2026-1
11298,AQH0200,1,Arquitectura Antigua y Tradición Clásica,"Hidalgo German, Olmos Natalia","W:4 CLAS AUD_N V:3,4 CLAS AUD_N",Arquitectura,2026-1
11310,AQH0300,1,Arquitectura y la Tradición Moderna,"Torrent Horacio, Osorio Vicente","W:2 CLAS FADEU V:2,3 CLAS FADEU",Arquitectura,2026-1
11319,AQH0400,1,Debates de la Arquitectura Contemporánea,"Crispiani Alejandro, Barthou Teresa, Howard Benjamín, Zilleruelo Guillermo",L:4 CLAS FCV W:4 AYU FCV V:2 TAL SIN SALA,Arquitectura,2026-1
11333,AQI0001,1,Cmd Vive Salud: Construyendo Un Hábitat Saludable,"Tapia Nestor, Torres Marisa","V:2,3 CLAS SIN SALA",Arquitectura,2026-1
21777,AQI0002,1,Cmd Investigación en Pregrado Uc Propone Arquitectura,Iturriaga Sandra,"L:6,7 CLAS S33",Arquitectura,2026-1
31213,AQI0002,2,Cmd Investigación en Pregrado Uc Propone Arquitectura,Lama Mauricio,"W:3,4 CLAS S31",Arquitectura,2026-1
22173,AQI0203,1,Cmd el Mueble: la Construcción del Gesto,"Baixas Juan, Monroy Federico","J:3,4 CLAS S35",Arquitectura,2026-1
15993,AQI0302,1,"Cmd Poética del Habitar, Mundo Contemporáneo","Zilleruelo Guillermo, Walker Francisco","L:7,8 CLAS S-LARRAIN",Arquitectura,2026-1
15989,AQO0100,1,Práctica de Oficina,Rochette Nicole,: CLAS SIN SALA,Arquitectura,2026-1
11386,AQR1000,1,Producción Digital I,"Bahamondes Eloy, Villalón Florencia","L:5,6 LAB ALFERO",Arquitectura,2026-1
30528,AQR1000,2,Producción Digital I,"Amigo Pabla, Villalón Florencia","M:1,2 CLAS ALFERO",Arquitectura,2026-1
11391,AQR2000,1,Producción Digital II,"Saintard Roger, Spielmann Emilia","M:5,6 LAB ALFERO",Arquitectura,2026-1
22891,AQR2000,2,Producción Digital II,"Saintard Roger, Spielmann Emilia","W:5,6 LAB ALFERO",Arquitectura,2026-1
11399,AQS0100,1,Práctica de Servicio,"Bresciani Luis, Irarrazaval Isidora",: CLAS SIN SALA,Arquitectura,2026-1
34083,AQS0100,2,Práctica de Servicio,Rochette Nicole,: CLAS SIN SALA,Arquitectura,2026-1
11405,AQT0000,1,Taller de Formación y Representación I,"Perez de Arce Rodrigo, Bianchi Sebastian, Fernandez Paulina, Fredes Diego, García Huidobro Ximena, Newcombe Robert, Villalón Tomás","L:5,6,7,8 CLAS REFECTORIO L:5,6,7,8 TAL TUNEL_PONI M:1,2,3,4,5,6,7,8 CLAS REFECTORIO M:1,2,3,4,5,6,7,8 TAL TUNEL_PONI",Arquitectura,2026-1
11458,AQT006U,1,"Taller Investigación y Proyecto en Arquitectura, Ciudad y Paisaje",Chateau Francisco,"M:5,6 TAL S36 V:5,6 TAL S36",Arquitectura,2026-1
19810,AQT006U,2,"Taller Investigación y Proyecto en Arquitectura, Ciudad y Paisaje",Sarovic Marcelo,"L-M:5,6 TAL S35",Arquitectura,2026-1
21652,AQT006U,3,"Taller Investigación y Proyecto en Arquitectura, Ciudad y Paisaje",Perez Blanca,"M:5,6 TAL S31 J:5,6 TAL S34",Arquitectura,2026-1
26304,AQT006U,4,"Taller Investigación y Proyecto en Arquitectura, Ciudad y Paisaje",Orta Paula,"M:5,6 TAL S37 J:5,6 TAL S37",Arquitectura,2026-1
27544,AQT006U,5,"Taller Investigación y Proyecto en Arquitectura, Ciudad y Paisaje",Strabucchi Wren,"M-V:5,6 TAL S34",Arquitectura,2026-1
27980,AQT006U,6,"Taller Investigación y Proyecto en Arquitectura, Ciudad y Paisaje",Mondragon Hugo,"L-J:5,6 TAL S31",Arquitectura,2026-1
27981,AQT006U,7,"Taller Investigación y Proyecto en Arquitectura, Ciudad y Paisaje",Iturriaga Sandra,"M-J:5,6 TAL S33",Arquitectura,2026-1
11514,AQT007U,1,Taller Optativo Proyecto I,"Katz Carolina, Cortes Maria","M-J:5,6,7 TAL T330",Arquitectura,2026-1
27982,AQT007U,2,Taller Optativo Proyecto I,"Nunez Max, Amigo Pabla","L-W:5,6,7 CLAS T330",Arquitectura,2026-1
11528,AQT007U,3,Taller Optativo Proyecto I,"Valdivieso José, Duque Rodrigo","M-V:5,6,7 TAL T332",Arquitectura,2026-1
21786,AQT007U,4,Taller Optativo Proyecto I,"Urzua Nicolas, Claro Gonzalo","M:5,6,7 CLAS T332 W:5,6,7 CLAS T336",Arquitectura,2026-1
22927,AQT007U,5,Taller Optativo Proyecto I,"Tirado Cristobal, Moletto Alberto","L-W:5,6,7 TAL M_PALMER",Arquitectura,2026-1
22960,AQT007U,6,Taller Optativo Proyecto I,"Lyon Loreto, Bisbal Carlos","W-V:5,6,7 TAL T334",Arquitectura,2026-1
22962,AQT007U,7,Taller Optativo Proyecto I,"Carreño Mario, Sartori Piera","M-J:5,6,7 TAL T334",Arquitectura,2026-1
22963,AQT007U,8,Taller Optativo Proyecto I,"Gray Sebastian, Bozzi Dino","L-J:5,6,7 TAL T336",Arquitectura,2026-1
27983,AQT007U,9,Taller Optativo Proyecto I,Moreno Osvaldo,"M:5,6,7 TAL S32 J:5,6,7 TAL SIN SALA",Arquitectura,2026-1
16021,AQT008A,1,Taller Optativo Proyecto II,"Katz Carolina, Cortes Maria","M-J:5,6,7 TAL T330",Arquitectura,2026-1
16025,AQT008A,2,Taller Optativo Proyecto II,"Nunez Max, Amigo Pabla","L-W:5,6,7 CLAS T330",Arquitectura,2026-1
16026,AQT008A,3,Taller Optativo Proyecto II,"Valdivieso José, Duque Rodrigo","M-V:5,6,7 TAL T332",Arquitectura,2026-1
19840,AQT008A,4,Taller Optativo Proyecto II,"Urzua Nicolas, Claro Gonzalo","M:5,6,7 TAL T332 W:5,6,7 TAL T336",Arquitectura,2026-1
22956,AQT008A,5,Taller Optativo Proyecto II,"Tirado Cristobal, Moletto Alberto","L-W:5,6,7 TAL M_PALMER",Arquitectura,2026-1
27985,AQT008A,6,Taller Optativo Proyecto II,"Lyon Loreto, Bisbal Carlos","W-V:5,6,7 TAL T334",Arquitectura,2026-1
22934,AQT008A,7,Taller Optativo Proyecto II,"Carreño Mario, Sartori Piera","M-J:5,6,7 TAL T334",Arquitectura,2026-1
22939,AQT008A,8,Taller Optativo Proyecto II,"Gray Sebastian, Bozzi Dino","L-J:5,6,7 TAL T336",Arquitectura,2026-1
23611,AQT008A,9,Taller Optativo Proyecto II,Moreno Osvaldo,"M:5,6,7 TAL S32 J:5,6,7 TAL SIN SALA",Arquitectura,2026-1
24645,AQT009A,1,Taller Optativo de Proyecto III,Dirección Docente,: CLAS SIN SALA,Arquitectura,2026-1
25699,AQT010T,1,Taller de Proyecto de Título I,Martinez Maria,"L:2,3 CLAS SIN SALA",Arquitectura,2026-1
11534,AQT0200,1,Taller de Formación y Representación II,"Blanc Philippe, Alberti Catalina, Bosch Alejandra, Montalbetti Cristóbal, Vergara Magdalena, Zilleruelo Guillermo","L:5,6,7,8 CLAS CAPILLA L:5,6,7,8 TAL TUNEL_ORIE M:1,2,3 TAL TUNEL_ORIE M:1,2,3 CLAS CAPILLA M:4,5,6,7,8 AYU CAPILLA M:4,5,6,7,8 LAB TUNEL_ORIE",Arquitectura,2026-1
26305,AQT020T,1,Taller de Proyecto de Título II,Dirección Docente,: CLAS SIN SALA,Arquitectura,2026-1
11546,AQT0300,1,Taller de Formación y Representación III,"Irarrazaval Sebastian, Chateau Francisco, Fuentes Emilio, Huidobro Patricio, Martinez Maria, Saintard Roger, Steeger Roberto","W:5,6,7,8 TAL REFECTORIO W:5,6,7,8 CLAS CAPILLA J:5,6,7,8 CLAS CAPILLA J:5,6,7,8 TAL REFECTORIO V:5,6,7,8 CLAS CAPILLA V:5,6,7,8 TAL REFECTORIO",Arquitectura,2026-1
11571,AQT0400,1,Taller de Formación IV,"Lipthay Antonio, Carrasco Gonzalo, Larrain Cristian, Poblete Catalina, Portugueiss Carolina, Rochette Nicole","W:5,6,7,8 TAL TUNEL_ORIE W:5,6,7,8 CLAS TUNEL_PONI J:1,2,3 CLAS TUNEL_PONI J:1,2,3 TAL TUNEL_ORIE",Arquitectura,2026-1
19809,AQT0500,1,Taller de Formación V,"Hernandez Raul, Droppelmann Felipe, Paredes Sebastian","J:5,6,7,8 TAL TUNEL_PONI V:1,2,3 TAL TUNEL_PONI",Arquitectura,2026-1
11594,AQT0500,2,Taller de Formación V,"Lyon Arturo, Baixas Juan, Rencoret Raúl","J:5,6,7,8 TAL TUNEL_ORIE V:1,2,3 TAL TUNEL_ORIE",Arquitectura,2026-1
33513,AQT0500,3,Taller de Formación V,"Del Rio Enrique, Labbe Martin, Romero José","J:5,6,7,8 CLAS M_PALMER V:1,2,3 CLAS M_PALMER",Arquitectura,2026-1
17963,AQT100A,1,Taller de Proyecto de Título Marq,Batzenschlager Thomas,"M:5,6,7 TAL LAMPARA",Arquitectura,2026-1
17964,AQT100A,2,Taller de Proyecto de Título Marq,"De la Cerda Emilio, Perez de Arce Rodrigo","J:2,3,4 TAL S31",Arquitectura,2026-1
17966,AQT100A,3,Taller de Proyecto de Título Marq,"Cox Marcelo, Por Fijar","V:1,2,3 TAL S31",Arquitectura,2026-1
20203,AQT100A,4,Taller de Proyecto de Título Marq,"Alonso Pedro, Salas Francisco","W:5,6,7 TAL S36",Arquitectura,2026-1
33271,AQT100A,5,Taller de Proyecto de Título Marq,"Del Rio Javier, Miranda Melisa, Vera Maria","M:5,6 CLAS SALA11",Arquitectura,2026-1
25085,AQT100A,6,Taller de Proyecto de Título Marq,Dirección Docente,: CLAS SIN SALA,Arquitectura,2026-1
23785,AQT100C,1,Taller de Proyecto de Título Mapc,"Bozzi Dino, Pimentel Francisca","W:5,6 CLAS S34",Arquitectura,2026-1
32047,AQT100C,2,Taller de Proyecto de Título Mapc,"Del Rio Javier, Miranda Melisa, Vera Maria","M:5,6 CLAS SALA11",Arquitectura,2026-1
18041,AQT100E,1,Taller de Proyecto de Título Mase,Armanet      Gerardo,"M:1,2,3 TAL S33",Arquitectura,2026-1
18076,AQT100E,2,Taller de Proyecto de Título Mase,Vasquez Claudio,"M:2,3,4 TAL S35",Arquitectura,2026-1
25099,AQT100E,3,Taller de Proyecto de Título Mase,"Del Rio Javier, Miranda Melisa, Vera Maria","M:5,6 CLAS SALA11",Arquitectura,2026-1
18028,AQT100P,1,Taller de Proyecto de Título Mapa,Alfaro Pablo,"V:2,3,4 CLAS S34",Arquitectura,2026-1
27925,AQT100P,2,Taller de Proyecto de Título Mapa,"Livingstone Paula, Delpino Sebastian","V:2,3,4 CLAS T332",Arquitectura,2026-1
30412,AQT100P,3,Taller de Proyecto de Título Mapa,"Del Rio Javier, Miranda Melisa, Vera Maria","M:5,6 CLAS SALA11",Arquitectura,2026-1
18033,AQT100U,1,Taller de Proyecto de Título Mpur,"Batzenschlager Thomas, Ogalde Manola","M:5,6,7 CLAS LAMPARA",Arquitectura,2026-1
20015,AQT100U,2,Taller de Proyecto de Título Mpur,"Katz Carolina, Abuauad Ricardo","W:5,6,7 CLAS S31",Arquitectura,2026-1
25514,AQT100U,3,Taller de Proyecto de Título Mpur,"Hidalgo Nancy, Forray Maria","J:2,3,4 CLAS S34",Arquitectura,2026-1
29690,AQT100U,4,Taller de Proyecto de Título Mpur,"Del Rio Javier, Miranda Melisa, Vera Maria","M:5,6 CLAS SALA11",Arquitectura,2026-1
11608,AQU0000,1,Ciudad y Paisaje I: Introducción a la Forma Urbana y Territorial,"Bresciani Luis, Carrasco Joaquín, Molina Santiago","L:2,3 CLAS FCV W:3 TAL FCV",Arquitectura,2026-1
11617,AQU0200,1,Ciudad y Paisaje Ii: el Proyecto Urbano,"Di Girolamo Jose, Margalet Macarena, Razeto Valeria","L:2,3 CLAS A-SALA17 W:3 LAB A-SALA17",Arquitectura,2026-1
11626,AQU0300,1,Ciudad y Paisaje Iii: Urbanismo Desde el Paisaje,"Vasquez Alejandra, Quevedo Gonzalo, Retamal Aníbal","L:2,3 CLAS AUD_S W:3 LAB AUD_S",Arquitectura,2026-1
16431,AQU0404,1,Ciudad y Paisaje Iv: Fenómenos Urbanos Contemporáneos,"Schlack Elke, Cantallopts David, Fariña Carolina, Salgado Valentina","L:2,3 CLAS AUD_N W:3 TAL AUD_N",Arquitectura,2026-1
29608,ARQ2002,1,Espacios (Y Prácticas) del Juego y el Deporte Urbano,Saavedra Christian,"M:3,4 CLAS A-SALA3",Arquitectura,2026-1
31376,ARQ2006,1,Del Edificio al Espacio Público: Comprendiendo el Patrimonio Urbano y Arquitectónico en Chile,Rojas Montserrat,"W:3,4 CLAS B-101",Arquitectura,2026-1
33671,ARQ2006,2,Del Edificio al Espacio Público: Comprendiendo el Patrimonio Urbano y Arquitectónico en Chile,Cortes Maria,"J:3,4 CLAS MSANTANDER",Arquitectura,2026-1
33311,ARQ2006,3,Del Edificio al Espacio Público: Comprendiendo el Patrimonio Urbano y Arquitectónico en Chile,Pardo Juan,"V:3,4 CLAS C406",Arquitectura,2026-1
33175,ARQ2007,1,Soluciones Basadas en la Naturaleza para Ciudadanías Resilientes,Carrasco Gonzalo,"W:3,4 CLAS AUD-71",Arquitectura,2026-1
33176,ARQ2007,2,Soluciones Basadas en la Naturaleza para Ciudadanías Resilientes,Salvatierra Belen,"W:1,2 CLAS AUD-61",Arquitectura,2026-1
30327,ARQ2010,1,"Tu Campus, Nuestro Entorno: el Paisaje Urbano de La Uc",Shalaby Amira,"V:3,4 CLAS C404",Arquitectura,2026-1
33011,ARQ2010,2,"Tu Campus, Nuestro Entorno: el Paisaje Urbano de La Uc","Ladrón de Guevara Felipe, Romero Camila","W:3,4 CLAS D104",Arquitectura,2026-1
33172,ARQ2010,3,"Tu Campus, Nuestro Entorno: el Paisaje Urbano de La Uc",Jara Lya,"L:3,4 CLAS M8",Arquitectura,2026-1
25074,ARQ3000,1,Formulación de Proyectos de Investigación,"Crispiani Alejandro, Larach Constanza","M:3,4 CLAS A-SALA17",Arquitectura,2026-1
31629,ARQ3000,2,Formulación de Proyectos de Investigación,Saravia Gloria,"M:3,4 CLAS S36",Arquitectura,2026-1
33628,ARQ3000,3,Formulación de Proyectos de Investigación,Tironi Martin,: CLAS,Arquitectura,2026-1
11705,ARQ3001,1,Problemas de Arquitectura Contemporanea,"Alonso Pedro, Gonzales Hilter, Pizarro Felipe","W:1,2,3 CLAS S-MULTIUSO",Arquitectura,2026-1
26472,ARQ3002,1,Arquitecturas en America Latina,"Sato Alberto, Bermudez Billy","L:6,7 CLAS S_FACULTAD",Arquitectura,2026-1
27909,ARQ3008,1,Investigacion Dirigida en Arquitectura,Carreño Mario,: CLAS SIN SALA,Arquitectura,2026-1
30324,ARQ3008,2,Investigacion Dirigida en Arquitectura,"Arizaga Ana, Pérez Macarena","W:7,8 CLAS S32",Arquitectura,2026-1
31823,ARQ3008,3,Investigacion Dirigida en Arquitectura,Hidalgo German,"L:3,4 CLAS TUNEL_PONI",Arquitectura,2026-1
31264,ARQ3009,1,Investigación Dirigida en Proyectos de Arquitectura,Miranda Melisa,: CLAS SIN SALA,Arquitectura,2026-1
33860,ARQ3009,2,Investigación Dirigida en Proyectos de Arquitectura,Dirección Docente,: CLAS SIN SALA,Arquitectura,2026-1
33872,ARQ3009,3,Investigación Dirigida en Proyectos de Arquitectura,Szmulewicz Ignacio,"J:3,4 CLAS S37",Arquitectura,2026-1
33969,ARQ3009,5,Investigación Dirigida en Proyectos de Arquitectura,Richards Ariel,"J:3,4 CLAS T330",Arquitectura,2026-1
29614,ARQ3037,1,Arquitectura y Vanguardia,Mardones Patricio,"W:1,2 CLAS S35",Arquitectura,2026-1
34065,ARQ3037,2,Arquitectura y Vanguardia,Mardones Patricio,"W:3,4 CLAS S35",Arquitectura,2026-1
33520,ARQ3042,1,El Proyecto Técnico,Jolly Victoria,"W:5,6 CLAS A-SALA3",Arquitectura,2026-1
33518,ARQ3053,1,El Sentido de las Reglas,Izquierdo Cristian,"J:3,4 CLAS S32",Arquitectura,2026-1
23161,ARQ3054,1,"Teoría y Práctica Fotográfica: Construcción de Una Lectura Sobre la Arq., la Ciudad y el Paisaje",Blanc Philippe,"L:3,4 CLAS T332",Arquitectura,2026-1
16163,ARQ3070,1,Taller de Especialidad en Arquitectura Marq,"Mardones Patricio, Por Fijar, Schmidt Nicolás, Velasco Paula","V:2,3,4 CLAS REFECTORIO",Arquitectura,2026-1
16178,ARQ3071,1,Taller de Investigación y Proyecto Marq,"Lyon Arturo, Barreda Barbara","W:5,6,7 TAL S33",Arquitectura,2026-1
17957,ARQ3071,2,Taller de Investigación y Proyecto Marq,"Beals Alejandro, Zilleruelo Guillermo","W:5,6,7 TAL S35",Arquitectura,2026-1
18447,ARQ3071,3,Taller de Investigación y Proyecto Marq,"Izquierdo Cristian, Larraín Osvaldo","W:2,3,4 TAL S34",Arquitectura,2026-1
18448,ARQ3071,4,Taller de Investigación y Proyecto Marq,"Scheidegger Arturo, Garcia Ignacio, Por Fijar","V:2,3,4 TAL S32",Arquitectura,2026-1
26490,ARQ3071,5,Taller de Investigación y Proyecto Marq,"Norero Nicolás, Fell Stephanie","M:2,3,4 CLAS S34",Arquitectura,2026-1
26491,ARQ3071,6,Taller de Investigación y Proyecto Marq,"Encinas Felipe, Arizaga Ana, Diaz Francisco","J:5,6,7 CLAS S35",Arquitectura,2026-1
34086,ARQ3071,7,Taller de Investigación y Proyecto Marq,Dirección Docente,: CLAS SIN SALA,Arquitectura,2026-1
30990,ARQ3075,1,Workshop Internacional de Arquitectura,Dirección Docente,: CLAS,Arquitectura,2026-1
31737,ARQ3075,2,Workshop Internacional de Arquitectura,Bosch Alejandra,: CLAS,Arquitectura,2026-1
31836,ARQ3075,3,Workshop Internacional de Arquitectura,"Ladrón de Guevara Felipe, Aravena Alejandro",: CLAS SIN SALA,Arquitectura,2026-1
33850,ARQ3088,1,Alternativas Proyectuales para el Patrimonio Moderno,Torrent Horacio,"J:7,8 CLAS S34",Arquitectura,2026-1
26426,ARQ3090,1,Abriendo el Archivo. Fomentando Investigaciones Colectivas Desde el Archivo de Originales,García María,"V:3,4 CLAS A-SALA3",Arquitectura,2026-1
24936,ARQ3099,1,La Oficina Como Proyecto,"De Ferrari Felipe, Cárcamo Víctor","W:2,3 CLAS SIN SALA",Arquitectura,2026-1
19971,ARQ3100,1,Herramientas de Investigación,Crispiani Alejandro,"M:3,4 CLAS A-SALA17",Arquitectura,2026-1
23593,ARQ3102,1,Gestacion y Ciclo de Vida del Proyecto,Bresciani Luis,"V:5,6 CLAS SIN SALA",Arquitectura,2026-1
23602,ARQ3103,1,Taller Integrado de Gestión y Dirección de Proyectos Inmobiliarios Complejos,Valenzuela Sylvia,"V:3,4 CLAS SIN SALA",Arquitectura,2026-1
26474,ARQ3109,1,Argumentos Proyectuales,Razmilic Rayna,"M:3,4 CLAS SIN SALA",Arquitectura,2026-1
31640,ARQ3109,2,Argumentos Proyectuales,Maturana Nicolás,"L:3,4 CLAS A-SALA3",Arquitectura,2026-1
31736,ARQ3113,1,Investigación Desde los Márgenes,Richards Ariel,"M:3,4 CLAS SALA-10",Arquitectura,2026-1
18044,ARQ3202,1,"Creando Patrimonio: Activación, Manejo y Financiamiento",De Nordenflycht Jose,"J:3,4 CLAS S-MULTIUSO",Arquitectura,2026-1
16057,ARQ3204,1,Taller Patrimonio y Ciudad,"Perez Lorena, Sánchez Triana","J:5,6 CLAS T332",Arquitectura,2026-1
27306,ARQ3204,2,Taller Patrimonio y Ciudad,Perez Blanca,"M:3,4 CLAS S31",Arquitectura,2026-1
18047,ARQ3205,1,Proyecto de Graduación,"Gomez Joseph, Prado Francisco, Sandoval Rodrigo","J:5,6 CLAS SIN SALA",Arquitectura,2026-1
27964,ARQ3205,2,Proyecto de Graduación,"Bozzi Dino, Pimentel Francisca","W:5,6 CLAS S34",Arquitectura,2026-1
30543,ARQ3205,3,Proyecto de Graduación,"Del Rio Javier, Miranda Melisa, Vera Maria","M:5,6 CLAS SALA11",Arquitectura,2026-1
23138,ARQ3227,1,Patrimonio Cultural Inmaterial,Albornoz Adolfo,"M:7,8 CLAS S31",Arquitectura,2026-1
23033,ARQ3228,1,"Paisajes Culturales. Conceptos y Métodos para Su Gestión, Planificación y Diseño","Garcés Eugenio, Bustamante Daniela","M:5,6 CLAS S-MULTIUSO",Arquitectura,2026-1
23683,ARQ3240,1,Terremotos y Patrimonio Construido,"Sandoval Cristian, Barrientos Marco","W:7,8 CLAS S34",Arquitectura,2026-1
27987,ARQ3253,1,Cátedra de Santiago: Reflexiones y Registros Sobre la Forma Urbis,"Rosas Jose, Bannen Pedro","J:3,4 CLAS SALA11",Arquitectura,2026-1
33519,ARQ3271,1,Cruces Disciplinares: Conceptos en Arquitectura,Palacios Rosario,"W:7,8 CLAS A-SALA3",Arquitectura,2026-1
31278,ARQ3275,1,Laboratorio de Modelación,Bahamondes Eloy,"L:3,4 CLAS S30",Arquitectura,2026-1
31267,ARQ3278,1,Vivienda Global: Enfoques Sostenibles para el Diseño y Gestión de Vivienda Asequible,Vergara Luz,"W:1,2 CLAS S32",Arquitectura,2026-1
33889,ARQ3285,1,Desafios de las Urbanizaciones Sostenibles,Alfaro Paola,"L:3,4 CLAS TUNEL_ORIE",Arquitectura,2026-1
32897,ARQ3288,1,"La Arquitectura de la Ciudad, del Edificio a la Manzana Urbana y Viceversa",Talesnik Daniel,"L:2,3 CLAS SIN SALA",Arquitectura,2026-1
33478,ARQ3289,1,Terminología de la Conservación-Restauración de los Bienes Patrimoniales,"Tebe Carles, Pissolato Luciana","J:7,8 CLAS SIN SALA",Arquitectura,2026-1
28230,ARQ3301,1,Proyecto de Paisaje,"Gaete Macarena, Gomez Tomas","L:7,8 CLAS A-SALA3",Arquitectura,2026-1
11801,ARQ3306,1,Material Vegetal,Fernandez Maria,"W:1,2 CLAS A-SALA2",Arquitectura,2026-1
33659,ARQ3315,1,Modelación de Paisajes,Muñoz Pedro,"L:5,6 CLAS SALA-12",Arquitectura,2026-1
31877,ARQ3316,1,Visualización de Paisajes,Roldán Consuelo,"M:7,8 CLAS S30",Arquitectura,2026-1
23035,ARQ3318,1,"Land+Scape. Reflexiones en Torno al Análisis, Representación y Proyecto de Paisaje",Moreno Osvaldo,"W:7,8 CLAS SIN SALA",Arquitectura,2026-1
33004,ARQ3319,1,Visualización de Paisajes Ii: Modelación y Montaje,Roldán Consuelo,"M:7,8 CLAS S30",Arquitectura,2026-1
16198,ARQ3350,1,Taller de Especialidad en Arquitectura del Paisaje,"Martic Danilo, Díaz Carlos","V:2,3,4 CLAS SALA103",Arquitectura,2026-1
16202,ARQ3351,1,Taller de Investigación y Proyecto en Arquitectura del Paisaje,"Arizaga Ana, Diaz Francisco, Encinas Felipe","J:5,6,7 CLAS S35",Arquitectura,2026-1
26441,ARQ3351,2,Taller de Investigación y Proyecto en Arquitectura del Paisaje,"Saravia Gloria, Harris Andrew","V:2,3,4 CLAS T330",Arquitectura,2026-1
34106,ARQ3351,3,Taller de Investigación y Proyecto en Arquitectura del Paisaje,Moreno Osvaldo,: CLAS,Arquitectura,2026-1
18027,ARQ3352,1,Taller de Investigación Avanzada Mapa,Alfaro Pablo,"V:2,3,4 CLAS S34",Arquitectura,2026-1
27924,ARQ3352,2,Taller de Investigación Avanzada Mapa,"Livingstone Paula, Delpino Sebastian","V:2,3,4 CLAS T332",Arquitectura,2026-1
29001,ARQ3352,3,Taller de Investigación Avanzada Mapa,"Del Rio Javier, Miranda Melisa, Vera Maria","M:5,6 CLAS SALA11",Arquitectura,2026-1
16331,ARQ3502,1,Proyecto Urbano Contemporáneo: Teoría y Crítica,Quintana Francisco,"J:5,6 CLAS S-MULTIUSO",Arquitectura,2026-1
27290,ARQ3506,1,Gestion del Proyecto Urbano,"Moris Roberto, Gaido Valentina","J:5,6 CLAS SIN SALA",Arquitectura,2026-1
29701,ARQ3510,1,Morfologia y Composicion en el Proyecto Urbano,Robertson Cristian,"M:3,4 CLAS S32",Arquitectura,2026-1
32843,ARQ3535,1,Sistemas Urbanos de Movilidad y Entorno Construido,Hurtubia Ricardo,"V:3,4 CLAS A-SALA2",Arquitectura,2026-1
31809,ARQ3536,1,Cambio Climático y el Entorno Construido: Desafíos para el Desarrollo de Procesos y Diseños Sustenta,Alfaro Paola,L:5 CLAS A-SALA2,Arquitectura,2026-1
26448,ARQ3537,1,Herramientas para la Regeneración Urbano-Habitacional de Territorios Vulnerables,"Tapia Nestor, Viada Laura","L:5,6 CLAS A-SALA3",Arquitectura,2026-1
16218,ARQ3550,1,Taller de Especialidad en Proyecto Urbano,"Bresciani Luis, Orta Paula, Stekel Pedro","W:5,6,7 CLAS LAMPARA",Arquitectura,2026-1
31262,ARQ3551,1,Taller de Investigación y Proyecto Urbano,Lipthay Antonio,"M:5,6,7 CLAS T338",Arquitectura,2026-1
22044,ARQ3551,2,Taller de Investigación y Proyecto Urbano,Pereira Filipe,"J:2,3,4 TAL T338",Arquitectura,2026-1
26438,ARQ3551,3,Taller de Investigación y Proyecto Urbano,"Di Girolamo Jose, Gray Sebastian","J:2,3,4 CLAS S33",Arquitectura,2026-1
33159,ARQ3551,4,Taller de Investigación y Proyecto Urbano,Quintana Francisco,"J:2,3,4 CLAS S36",Arquitectura,2026-1
34084,ARQ3551,5,Taller de Investigación y Proyecto Urbano,Bresciani Luis,: CLAS SIN SALA,Arquitectura,2026-1
18131,ARQ3552,1,Taller de Investigación Avanzada Mpur,"Batzenschlager Thomas, Ogalde Manola","M:5,6,7 CLAS LAMPARA",Arquitectura,2026-1
20013,ARQ3552,2,Taller de Investigación Avanzada Mpur,"Katz Carolina, Abuauad Ricardo","W:5,6,7 CLAS S31",Arquitectura,2026-1
25513,ARQ3552,3,Taller de Investigación Avanzada Mpur,"Hidalgo Nancy, Forray Maria","J:2,3,4 CLAS S34",Arquitectura,2026-1
29688,ARQ3552,4,Taller de Investigación Avanzada Mpur,"Del Rio Javier, Miranda Melisa, Vera Maria","M:5,6,7 CLAS SALA11",Arquitectura,2026-1
34085,ARQ3552,5,Taller de Investigación Avanzada Mpur,Bresciani Luis,: CLAS SIN SALA,Arquitectura,2026-1
16221,ARQ3601,1,Taller de Especialidades Mase,"Prieto Alejandro, Escobar Gonzalo, Vasquez Lucas","J:5,6,7 TAL S32",Arquitectura,2026-1
18070,ARQ3602,1,Taller de Investigación y Proyecto Mase,"D'Alencon Renato, Lama Mauricio","J:5,6,7 TAL T338",Arquitectura,2026-1
29663,ARQ3602,2,Taller de Investigación y Proyecto Mase,"Encinas Felipe, Arizaga Ana, Diaz Francisco","J:5,6,7 CLAS S35",Arquitectura,2026-1
32866,ARQ3602,3,Taller de Investigación y Proyecto Mase,"Moletto Alberto, Espinoza Jose","V:2,3,4 CLAS S37",Arquitectura,2026-1
32868,ARQ3602,4,Taller de Investigación y Proyecto Mase,Dirección Docente,: CLAS,Arquitectura,2026-1
19918,ARQ3603,1,Taller de Investigación Avanzada Marq,Ogalde Manola,"M:5,6,7 TAL LAMPARA",Arquitectura,2026-1
19920,ARQ3603,2,Taller de Investigación Avanzada Marq,"De la Cerda Emilio, Perez de Arce Rodrigo","J:2,3,4 TAL S31",Arquitectura,2026-1
19922,ARQ3603,3,Taller de Investigación Avanzada Marq,"Cox Marcelo, Por Fijar","V:1,2,3 TAL S31",Arquitectura,2026-1
20207,ARQ3603,4,Taller de Investigación Avanzada Marq,"Alonso Pedro, Salas Francisco","W:5,6,7 TAL S36",Arquitectura,2026-1
24938,ARQ3603,5,Taller de Investigación Avanzada Marq,Sato Alberto,"J:2,3,4 CLAS S-LARRAIN",Arquitectura,2026-1
25084,ARQ3603,6,Taller de Investigación Avanzada Marq,"Del Rio Javier, Miranda Melisa, Vera Maria","M:5,6,7 CLAS SALA11",Arquitectura,2026-1
25087,ARQ3603,7,Taller de Investigación Avanzada Marq,Dirección Docente,: CLAS SIN SALA,Arquitectura,2026-1
18040,ARQ3604,1,Taller de Investigación Avanzada Mase,Sierra Andres,"V:2,3,4 TAL SIN SALA",Arquitectura,2026-1
18074,ARQ3604,2,Taller de Investigación Avanzada Mase,Da Rocha Camila,"V:2,3,4 TAL S35",Arquitectura,2026-1
25097,ARQ3604,3,Taller de Investigación Avanzada Mase,Dirección Docente,: CLAS SIN SALA,Arquitectura,2026-1
30413,ARQ3604,4,Taller de Investigación Avanzada Mase,"Del Rio Javier, Miranda Melisa, Vera Maria","M:5,6 CLAS SALA11",Arquitectura,2026-1
18038,ARQ3605,1,Energía y Eficiencia,"Sills Pablo, Victorero Felipe","W:5,6 CLAS A-SALA2",Arquitectura,2026-1
16222,ARQ3606,1,Evaluación de Estrategias de Diseño Arquitectónico Energeticamente Eficientes,"Bustamante Waldo, Palma Diego","M:3,4 CLAS S30",Arquitectura,2026-1
32879,ARQ3620,1,Iluminación Arquitectónica,Escobar Gonzalo,"W:1,2 CLAS A-SALA3",Arquitectura,2026-1
32876,ARQ3627,1,Simulación de Edificios Eficientes,Vasquez Lucas,"J:1,2 CLAS SALA11",Arquitectura,2026-1
23078,ARQ3639,1,Laboratorio de Sustentabilidad,Vasquez Lucas,"J:3,4 LAB T332",Arquitectura,2026-1
32877,ARQ3649,1,Diseño y Optimización para Arquitectura en Madera,Kallens Juan,"M:5,6 CLAS A-SALA3",Arquitectura,2026-1
31279,ARQ3652,1,Herramientas de Análisis de Datos para la Investigación en Arquitectura Sustentable,Encinas Felipe,"V:5,6 CLAS SALA101",Arquitectura,2026-1
29679,ARQ3654,1,Arquitectura Carbono Negativa y Madera,Victorero Felipe,"W:3,4 CLAS TUNEL_ORIE",Arquitectura,2026-1
27821,ARQ3711,1,Las Envolventes y la Edificacion,Del Rio Javier,"M:1,2 CLAS SALA11",Arquitectura,2026-1
33971,ARO102G,1,Xilografía Color,Pemjean Nicole,"V:1,2,3 CLAS T6",Arte,2026-1
31266,ARO103G,1,Grabado en Metal,Larrea Maria,"W:5,6,7 CLAS T6",Arte,2026-1
33398,ARO103P,1,Pintura del Objeto Actual,Zambrano Ivan,"V:2,3,4 CLAS T22",Arte,2026-1
19706,ARO104E,1,Sistemas Constructivos en Cerámica,Ramirez Catalina,"J:6,7,8 CLAS T2",Arte,2026-1
17716,ARO105C,1,Arte y Patrimonio,Miranda Pablo,"V:3,4 CLAS D201",Arte,2026-1
19445,ARO105T,1,Arte Precolombino,Miranda Pablo,"W:3,4 CLAS D101",Arte,2026-1
33399,ARO107I,1,"Arte,Paisajes y Geografías Culturales",Müller Claudia,"W:1,2,3 CLAS SIN SALA",Arte,2026-1
33400,ARO107I,2,"Arte,Paisajes y Geografías Culturales",Rivas Jose,"L:2,3,4 CLAS SIN SALA",Arte,2026-1
34056,ARO107I,3,"Arte,Paisajes y Geografías Culturales",Pulido Gerardo,"W:5,6,7 CLAS SIN SALA",Arte,2026-1
33395,ARO108F,1,Fotografía Figura Humana,Novoa Patricia,"W:5,6,7 CLAS T9",Arte,2026-1
28178,ARO110C,1,"Cmd Patrimonio, Memoria y Derechos Humanos",Gomez Joseph,"J:2,3 CLAS T26",Arte,2026-1
33677,ARO111C,1,Cmd Valoración y Conservación de Patrimonio Arqueológico,Canessa Fanny,"M:5,6,7 CLAS T26",Arte,2026-1
33392,ARO111T,1,Arte y Simbología,Campana Claudia,"M:3,4 CLAS AUD_201",Arte,2026-1
24852,ARO113M,1,"Tiempo, Movimiento y Representación",Müller Claudia,"M:1,2,3 CLAS SIN SALA",Arte,2026-1
29734,ARO114M,1,Animación Desde las Artes Visuales,Elgueta Eduardo,"M:5,6 CLAS R6",Arte,2026-1
33394,ARO115M,1,Animación Japonesa: Una Aproximación a Su Arte y Temáticas,Elgueta Eduardo,"W:5,6 CLAS R6",Arte,2026-1
31273,ARO119T,1,Apreciación del Arte: Modernidad,Telias Efrain,"L:3,4 CLAS ED113",Arte,2026-1
27777,ARO120T,1,Apreciación del Arte: Obras y Artistas,Telias Efrain,"W:3,4 CLAS N4",Arte,2026-1
33393,ARO125T,1,Introducción al Arte Chileno,Diaz Victor,"L:3,4 CLAS SIN SALA",Arte,2026-1
12295,ART0400,1,Artes Visuales Hoy,"Alarcon Luis, Salas Paula","V:3,4 CLAS AUD_203",Arte,2026-1
31274,ART0400,2,Artes Visuales Hoy,Alarcon Luis,"W:3,4 CLAS AE210",Arte,2026-1
16368,ART0402,1,Pensamiento Visual,Villarreal Alicia,"W:1,2,3 CLAS T4",Arte,2026-1
16378,ART0402,2,Pensamiento Visual,Galecio Rodrigo,"M:5,6,7 CLAS T4",Arte,2026-1
16379,ART0402,3,Pensamiento Visual,Moncada Marcela,"M:1,2,3 CLAS T4",Arte,2026-1
16381,ART0402,4,Pensamiento Visual,Pulido Gerardo,"L:5,6,7 CLAS T4",Arte,2026-1
16384,ART0402,5,Pensamiento Visual,García María,"J:2,3,4 CLAS T4",Arte,2026-1
16391,ART0403,1,Dibujo,Villegas Ignacio,"J:2,3,4 CLAS T24",Arte,2026-1
16392,ART0403,2,Dibujo,Leon Jose,"L:1,2,3 CLAS T24",Arte,2026-1
16394,ART0403,3,Dibujo,Gouet Adrian,"W:5,6,7 CLAS T24",Arte,2026-1
16396,ART0403,4,Dibujo,Valenzuela Natalia,"W:1,2,3 CLAS T24",Arte,2026-1
16397,ART0403,5,Dibujo,Valenzuela Natalia,"L:5,6,7 CLAS T24",Arte,2026-1
16400,ART0404,1,Artes Mediales,Moncada Marcela,"L:1,2,3 CLAS T30",Arte,2026-1
16401,ART0404,2,Artes Mediales,Baeza Felipe,"W:5,6,7 CLAS T30",Arte,2026-1
16402,ART0404,3,Artes Mediales,Elgueta Eduardo,"L:5,6,7 CLAS T30",Arte,2026-1
16403,ART0404,4,Artes Mediales,Serrati Valentina,"J:2,3,4 CLAS T30",Arte,2026-1
16404,ART0404,5,Artes Mediales,Mujica Paulina,"M:2,3,4 CLAS T30",Arte,2026-1
17477,ART0500,1,Artes Visuales y Modernidad,Campana Claudia,"W:3,4 CLAS AUD_201",Arte,2026-1
17478,ART0500,2,Artes Visuales y Modernidad,Herrera Patricia,"W:3,4 CLAS AUD_203",Arte,2026-1
17064,ART0501,1,Taller Central,Zambrano Ivan,"J:2,3,4 CLAS T31",Arte,2026-1
17065,ART0501,2,Taller Central,Araya Rodrigo,"W:5,6,7 CLAS T31",Arte,2026-1
17066,ART0501,3,Taller Central,Missana Claudia,"M:5,6,7 CLAS T29",Arte,2026-1
19290,ART0501,4,Taller Central,Laval Gaston,"L:5,6,7 CLAS T31",Arte,2026-1
19293,ART0501,5,Taller Central,Vielva Jose,"V:2,3,4 CLAS T29",Arte,2026-1
19295,ART0501,6,Taller Central,Salas Paula,"V:5,6,7 CLAS T29",Arte,2026-1
17371,ART0503,1,Taller Central,Padilla Jorge,"L:5,6,7 CLAS T29",Arte,2026-1
17396,ART0503,2,Taller Central,Larrea Maria,"J:2,3,4 CLAS T29",Arte,2026-1
26797,ART0503,3,Taller Central,Carvajal Paz,"W:5,6,7 CLAS T29",Arte,2026-1
19299,ART0503,4,Taller Central,Schwember Francisco,"M:2,3,4 CLAS T29",Arte,2026-1
19302,ART0503,5,Taller Central,García María,"V:2,3,4 CLAS T31",Arte,2026-1
19303,ART0503,6,Taller Central,Villarreal Alicia,"J:6,7,8 CLAS T29",Arte,2026-1
21713,ART0600,1,Taller de Permanencia I,Fuentealba Ricardo,"M:5,6,7 CLAS T31 J:6,7,8 CLAS SALA_TP",Arte,2026-1
21716,ART0600,2,Taller de Permanencia I,Atria Magdalena,"L:2,3,4 CLAS T31 W:2,3,4 CLAS SALA_TP",Arte,2026-1
21717,ART0600,3,Taller de Permanencia I,Navarro Mario,"L:2,3,4 CLAS SALA_TP W:2,3,4 CLAS T29",Arte,2026-1
21719,ART0600,4,Taller de Permanencia I,Jarpa Voluspa,"M:2,3,4 CLAS T31 V:2,3,4 CLAS SALA_TP",Arte,2026-1
21724,ART0600,5,Taller de Permanencia I,Prato Luis,"L:2,3,4 CLAS SIN SALA W:2,3,4 CLAS T31",Arte,2026-1
21729,ART0600,6,Taller de Permanencia I,Serrati Valentina,"L:2,3,4 TAL T29 W:2,3,4 TAL SIN SALA",Arte,2026-1
21749,ART0602,1,Seminario de Grado I,Villegas Ignacio,"L:1,2,3 CLAS AUD_201",Arte,2026-1
21768,ART0604,1,Diálogos: Práctica Artística I,Vielva Jose,"J:3,4 CLAS R202",Arte,2026-1
21769,ART0604,2,Diálogos: Práctica Artística I,De Solminihac Paula,"J:3,4 CLAS R203",Arte,2026-1
21770,ART0604,3,Diálogos: Práctica Artística I,Salazar Adriana,"J:3,4 CLAS R204",Arte,2026-1
34024,ART0604,4,Diálogos: Práctica Artística I,Silva Cristian,"J:3,4 CLAS R201",Arte,2026-1
23522,ART0606,1,Textos de Arte,Herrera Patricia,"W:5,6 CLAS R204",Arte,2026-1
23523,ART0606,2,Textos de Arte,Fernandez Diego,"W:5,6 CLAS AUD_203",Arte,2026-1
23524,ART0606,3,Textos de Arte,Diaz Victor,"W:5,6 CLAS AUD_201",Arte,2026-1
26858,ART200D,1,Dibujo Experimental,Leon Jose,"M:2,3,4 CLAS T24",Arte,2026-1
23139,ART200E,1,Sistemas Constructivos,Pena Osvaldo,"V:5,6,7 CLAS T1",Arte,2026-1
31275,ART200F,1,Fotografía Digital Aplicada,Novoa Patricia,"M:5,6,7 CLAS T9",Arte,2026-1
26879,ART200G,1,Imagen Impresa,Romo Diego,"L:2,3,4 CLAS T6",Arte,2026-1
26837,ART200M,1,Dispositivos Ópticos,Baeza Felipe,"V:5,6,7 CLAS T30",Arte,2026-1
25088,ART200P,1,Iniciación a la Práctica de la Pintura,Pinet Cristian,"L:2,3,4 CLAS T22",Arte,2026-1
28035,ART200P,2,Iniciación a la Práctica de la Pintura,Galecio Rodrigo,"L:5,6,7 CLAS T22",Arte,2026-1
31276,ART201D,1,"Dibujo, Cuerpo y Contexto",Bustamante Juan,"V:2,3,4 CLAS T24",Arte,2026-1
28034,ART201E,1,"Escultura, Cuerpo y Objeto",Pena Osvaldo,"W:5,6,7 CLAS T1",Arte,2026-1
31277,ART201F,1,Fotografía y Manipulación Digital,Moncada Marcela,"V:1,2,3 CLAS T30",Arte,2026-1
17582,ART201G,1,Procesos Gráficos y Medios de Impresión,Padilla Jorge,"J:1,2,3 CLAS T6",Arte,2026-1
17697,ART201M,1,Taller de Video Arte,Farriol Roberto,"J:6,7,8 CLAS T30",Arte,2026-1
17610,ART201P,1,Práctica de la Pintura,Salas Paula,"J:2,3,4 CLAS T22",Arte,2026-1
33397,ART202P,1,Pintura: Práctica Expandida,Laval Gaston,"W:2,3,4 CLAS T22",Arte,2026-1
19612,ART210T,1,Historia del Arte Chileno,Diaz Victor,"M:3,4 CLAS AUD_203",Arte,2026-1
22778,ART212T,1,Seminario Monográfico,Fernandez Diego,"L:3,4 CLAS R205",Arte,2026-1
29979,ART3017,1,Taller de Obra 1,Vielva Jose,"L:8,9 CLAS SIN SALA",Arte,2026-1
30068,ART4004,1,Problemas del Arte Latinoamericano Contemporáneo,Vidal Sebastian,"M:8,9 CLAS SIN SALA",Arte,2026-1
30099,FAR3006,1,Tesis I,Diaz Victor,: CLAS SIN SALA,Arte,2026-1
30109,FAR3008,1,Proyecto I,Salineros Cristian,: CLAS SIN SALA,Arte,2026-1
30114,FAR3008,2,Proyecto I,Galecio Rodrigo,: CLAS SIN SALA,Arte,2026-1
30124,FAR3008,3,Proyecto I,Salineros Cristian,: CLAS SIN SALA,Arte,2026-1
30132,FAR3008,4,Proyecto I,Morales Cristian,: CLAS SIN SALA,Arte,2026-1
30140,FAR3008,5,Proyecto I,Cannobbio Camila,: CLAS SIN SALA,Arte,2026-1
30150,FAR3008,6,Proyecto I,Missana Claudia,: CLAS SIN SALA,Arte,2026-1
30158,FAR3008,7,Proyecto I,Duarte Maria,: CLAS SIN SALA,Arte,2026-1
30164,FAR3008,8,Proyecto I,Ormazabal Ana,: CLAS SIN SALA,Arte,2026-1
31424,FAR3008,9,Proyecto I,Calderon Guillermo,: CLAS SIN SALA,Arte,2026-1
30165,FAR3017,1,Coloquio I,Missana Claudia,: CLAS SIN SALA,Arte,2026-1
30013,FAR3021,1,Taller Interdisciplinario en Artes,(Sin Profesores),"W:8,9 CLAS SIN SALA",Arte,2026-1
30054,FAR3023,1,Gestión en las Artes,Lopez Pamela,"W:8,9 CLAS AUD_201",Arte,2026-1
30294,FAR4000,1,Coloquio 1,Farias Miguel,: CLAS SIN SALA,Arte,2026-1
30297,FAR4002,1,Coloquio 3,Farias Miguel,: CLAS SIN SALA,Arte,2026-1
30034,FAR4005,1,Metodología de Investigación Doctoral,Vera Alejandro,"W:6,7 CLAS SIN SALA",Arte,2026-1
30227,FAR4008,1,Tesis 1,Izquierdo Jose,: CLAS SIN SALA,Arte,2026-1
30229,FAR4008,2,Tesis 1,Atencio David,: CLAS SIN SALA,Arte,2026-1
30237,FAR4008,3,Tesis 1,Cadiz Rodrigo,: CLAS SIN SALA,Arte,2026-1
30242,FAR4008,4,Tesis 1,Grass Milena,: CLAS SIN SALA,Arte,2026-1
31514,FAR4008,5,Tesis 1,Prato Luis,: CLAS SIN SALA,Arte,2026-1
31516,FAR4008,6,Tesis 1,Castro Diego,: CLAS SIN SALA,Arte,2026-1
33451,FAR4008,7,Tesis 1,Campana Claudia,: CLAS SIN SALA,Arte,2026-1
33452,FAR4008,8,Tesis 1,Grumann Andres,: CLAS SIN SALA,Arte,2026-1
33453,FAR4008,9,Tesis 1,Grumann Andres,: CLAS SIN SALA,Arte,2026-1
32143,FAR4009,1,Tesis 2,Wolff Alejandra,: CLAS SIN SALA,Arte,2026-1
30246,FAR4013,1,Proyecto de Tesis I,(Sin Profesores),: CLAS SIN SALA,Arte,2026-1
30247,FAR4013,2,Proyecto de Tesis I,Schwember Francisco,: CLAS SIN SALA,Arte,2026-1
30250,FAR4013,3,Proyecto de Tesis I,Morales Cristian,: CLAS SIN SALA,Arte,2026-1
30252,FAR4013,4,Proyecto de Tesis I,Izquierdo Jose,: CLAS SIN SALA,Arte,2026-1
30253,FAR4013,5,Proyecto de Tesis I,Morales Cristian,: CLAS SIN SALA,Arte,2026-1
30255,FAR4013,6,Proyecto de Tesis I,Atencio David,: CLAS SIN SALA,Arte,2026-1
31530,FAR4013,7,Proyecto de Tesis I,Atencio David,: CLAS SIN SALA,Arte,2026-1
30259,FAR4015,1,Tesis Doctoral III,Castro Diego,: CLAS SIN SALA,Arte,2026-1
30261,FAR4015,2,Tesis Doctoral III,Cadiz Rodrigo,: CLAS SIN SALA,Arte,2026-1
30262,FAR4015,3,Tesis Doctoral III,Wolff Alejandra,: CLAS SIN SALA,Arte,2026-1
30264,FAR4015,4,Tesis Doctoral III,Atencio David,: CLAS SIN SALA,Arte,2026-1
30268,FAR4015,5,Tesis Doctoral III,Prato Luis,: CLAS SIN SALA,Arte,2026-1
33266,FAR4016,1,Tesis Doctoral IV,Gutierrez Pia,: CLAS SIN SALA,Arte,2026-1
30298,FAR4017,1,Actividad Anual de Seguimiento I,Farias Miguel,: CLAS SIN SALA,Arte,2026-1
30300,FAR4018,1,Actividad Anual de Seguimiento II,Farias Miguel,: CLAS SIN SALA,Arte,2026-1
30301,FAR4019,1,Autoría Artículo Científico o Patente,Farias Miguel,: CLAS SIN SALA,Arte,2026-1
30302,FAR4020,1,Pasantía,Farias Miguel,: CLAS SIN SALA,Arte,2026-1
32329,FAR4021,1,Historiografía de las Artes,Richards Ariel,"J:8,9 CLAS SIN SALA",Arte,2026-1
32328,FAR4023,1,Taller de Performance y Artes Vivas,Atencio David,"L:8,9 CLAS SIN SALA",Arte,2026-1
33195,FAR4024,1,Introducción a la Práctica Artística Como Investigación,Salazar Adriana,"J:8,9 CLAS SIN SALA",Arte,2026-1
33526,ASP5203,1,Estrellas Variables,Catelan Marcio,L-W:5 CLAS SIN SALA,Astrofísica,2026-1
30035,ASP5205,1,Astrofísica Estelar Avanzada,Chaname Julio,L-W:4 CLAS SIN SALA,Astrofísica,2026-1
33527,ASP5206,1,Supernovas,Clocchiatti Alejandro,L-W:6 CLAS SIN SALA,Astrofísica,2026-1
23127,ASP5401,1,Radioastronomía,"Dunner Rolando, Fluxa Juan",M-J:2 CLAS K307,Astrofísica,2026-1
16106,ASP5407,1,Fundamentos de Instrumentación Astronómica,Vanzi Leonardo,L:6 AYU LAB-INTRUM M-J:4 CLAS ED216,Astrofísica,2026-1
17198,ASP9002,1,Examen de Calificación,Dirección Docente,: CLAS SIN SALA,Astrofísica,2026-1
21481,ASP9004,1,Actividad Anual de Seguimiento I,Dirección Docente,: CLAS SIN SALA,Astrofísica,2026-1
21879,ASP9005,1,Actividad Anual de Seguimiento II,Dirección Docente,: CLAS SIN SALA,Astrofísica,2026-1
18577,ASP9006,1,Autoría Artículo Científico o Patente,Dirección Docente,: CLAS SIN SALA,Astrofísica,2026-1
18576,ASP9007,1,Pasantía,Dirección Docente,: CLAS SIN SALA,Astrofísica,2026-1
30000,ASP9008,1,Proyecto de Tesis,Por Fijar,: CLAS SIN SALA,Astrofísica,2026-1
21819,ASP9110,1,Procesos Físicos en Astrofísica,Galaz Gaspar,L-W:2 CLAS SIN SALA,Astrofísica,2026-1
16097,ASP9120,1,Seminario de Astrofísica,Puzia Thomas,L-W:2 CLAS AP008,Astrofísica,2026-1
16102,ASP9201,1,Trabajo de Investigación a,Mulders Gijs,: CLAS SIN SALA,Astrofísica,2026-1
18589,ASP9201,2,Trabajo de Investigación a,Tissera Patricia,: CLAS SIN SALA,Astrofísica,2026-1
18590,ASP9201,3,Trabajo de Investigación a,Guzman Viviana,: CLAS SIN SALA,Astrofísica,2026-1
18592,ASP9201,4,Trabajo de Investigación a,Gonzalez Jorge,: CLAS SIN SALA,Astrofísica,2026-1
21443,ASP9201,5,Trabajo de Investigación a,Aguilera Claudia,: CLAS SIN SALA,Astrofísica,2026-1
18593,ASP9201,6,Trabajo de Investigación a,Galaz Gaspar,: CLAS SIN SALA,Astrofísica,2026-1
18594,ASP9201,7,Trabajo de Investigación a,Dunner Rolando,: CLAS SIN SALA,Astrofísica,2026-1
28942,ASP9201,8,Trabajo de Investigación a,Barrientos Luis,: CLAS SIN SALA,Astrofísica,2026-1
28943,ASP9201,9,Trabajo de Investigación a,Vanzi Leonardo,: CLAS SIN SALA,Astrofísica,2026-1
28947,ASP9201,10,Trabajo de Investigación a,Chaname Julio,: CLAS SIN SALA,Astrofísica,2026-1
34180,ASP9201,11,Trabajo de Investigación a,Catelan Marcio,: CLAS SIN SALA,Astrofísica,2026-1
16114,ASP9203,1,Trabajo de Investigación C,Aguilera Claudia,: CLAS SIN SALA,Astrofísica,2026-1
18600,ASP9203,2,Trabajo de Investigación C,Guzman Viviana,: CLAS SIN SALA,Astrofísica,2026-1
18639,ASP9203,3,Trabajo de Investigación C,Mulders Gijs,: CLAS SIN SALA,Astrofísica,2026-1
19168,ASP9203,4,Trabajo de Investigación C,Tissera Patricia,: CLAS SIN SALA,Astrofísica,2026-1
27321,ASP9204,1,Versatilidad en la Investigación,Dirección Docente,: CLAS SIN SALA,Astrofísica,2026-1
26427,ASP9304,1,Fronteras de la Astrofísica a,"Gonzalez Jorge, Aguilera Claudia, Barrientos Luis, Catelan Marcio, Chaname Julio, Clocchiatti Alejandro, Dunner Rolando, Galaz Gaspar, Guzman Viviana, Mulders Gijs, Puzia Thomas, Tissera Patricia, Zoccali Manuela",L-M-W-J-V:3 CLAS SIN SALA,Astrofísica,2026-1
26432,ASP9306,1,Fronteras de la Astrofísica C,"Gonzalez Jorge, Aguilera Claudia, Barrientos Luis, Catelan Marcio, Chaname Julio, Clocchiatti Alejandro, Dunner Rolando, Galaz Gaspar, Guzman Viviana, Mulders Gijs, Puzia Thomas, Tissera Patricia, Zoccali Manuela",L-M-W-J-V:3 CLAS SIN SALA,Astrofísica,2026-1
30459,ASP9420,1,Tesis de Magíster I,Puzia Thomas,: CLAS SIN SALA,Astrofísica,2026-1
30460,ASP9420,2,Tesis de Magíster I,Catelan Marcio,: CLAS SIN SALA,Astrofísica,2026-1
30461,ASP9420,3,Tesis de Magíster I,Mulders Gijs,: CLAS SIN SALA,Astrofísica,2026-1
30462,ASP9420,4,Tesis de Magíster I,Guzman Viviana,: CLAS SIN SALA,Astrofísica,2026-1
30463,ASP9420,5,Tesis de Magíster I,Cruces Marilyn,: CLAS SIN SALA,Astrofísica,2026-1
34081,ASP9430,1,Tesis de Magíster II,Gonzalez Jorge,: CLAS SIN SALA,Astrofísica,2026-1
12545,ASP9721,1,Tesis de Doctorado I,Guzman Viviana,: CLAS SIN SALA,Astrofísica,2026-1
18581,ASP9721,2,Tesis de Doctorado I,Aguilera Claudia,: CLAS SIN SALA,Astrofísica,2026-1
19862,ASP9721,3,Tesis de Doctorado I,Catelan Marcio,: CLAS SIN SALA,Astrofísica,2026-1
27704,ASP9721,4,Tesis de Doctorado I,Zoccali Manuela,: CLAS SIN SALA,Astrofísica,2026-1
31451,ASP9721,5,Tesis de Doctorado I,Puzia Thomas,: CLAS SIN SALA,Astrofísica,2026-1
31452,ASP9721,6,Tesis de Doctorado I,Tissera Patricia,: CLAS SIN SALA,Astrofísica,2026-1
33521,ASP9722,1,Tesis de Doctorado II,Zoccali Manuela,: CLAS SIN SALA,Astrofísica,2026-1
12555,ASP9723,1,Tesis de Doctorado III,Tissera Patricia,: CLAS SIN SALA,Astrofísica,2026-1
27705,ASP9723,2,Tesis de Doctorado III,Puzia Thomas,: CLAS SIN SALA,Astrofísica,2026-1
27706,ASP9723,3,Tesis de Doctorado III,Clocchiatti Alejandro,: CLAS SIN SALA,Astrofísica,2026-1
33522,ASP9723,4,Tesis de Doctorado III,Catelan Marcio,: CLAS SIN SALA,Astrofísica,2026-1
33523,ASP9723,5,Tesis de Doctorado III,Barrientos Luis,: CLAS SIN SALA,Astrofísica,2026-1
32984,AST0111,1,Astronomia,Guzman Viviana,M-J:2 CLAS N12 V:6 AYU N12,Astrofísica,2026-1
12617,AST0311,1,Astrofisica General,Gonzalez Jorge,L-W:4 CLAS AP603 M:4 AYU NT202,Astrofísica,2026-1
12624,AST0411,1,Astrofisica Extragalactica,Barrientos Luis,L-W:3 CLAS AP503 J:5 AYU NT203,Astrofísica,2026-1
34082,AST0511,1,Practica de Licenciatura,Dirección Docente,: CLAS SIN SALA,Astrofísica,2026-1
12652,AST0511,2,Practica de Licenciatura,Dirección Docente,: CLAS SIN SALA,Astrofísica,2026-1
12637,AST0511,3,Practica de Licenciatura,Dirección Docente,: CLAS SIN SALA,Astrofísica,2026-1
22131,AST0511,4,Practica de Licenciatura,Dirección Docente,: CLAS SIN SALA,Astrofísica,2026-1
12632,AST0511,5,Practica de Licenciatura,Dirección Docente,: CLAS SIN SALA,Astrofísica,2026-1
15238,AST0511,6,Practica de Licenciatura,Dirección Docente,: CLAS SIN SALA,Astrofísica,2026-1
15246,AST0511,7,Practica de Licenciatura,Dirección Docente,: CLAS SIN SALA,Astrofísica,2026-1
31345,AST0511,8,Practica de Licenciatura,Dirección Docente,: CLAS SIN SALA,Astrofísica,2026-1
31346,AST0511,9,Practica de Licenciatura,Dirección Docente,: CLAS SIN SALA,Astrofísica,2026-1
31347,AST0511,10,Practica de Licenciatura,Dirección Docente,: CLAS SIN SALA,Astrofísica,2026-1
31348,AST0511,11,Practica de Licenciatura,Dirección Docente,: CLAS SIN SALA,Astrofísica,2026-1
31349,AST0511,12,Practica de Licenciatura,Dirección Docente,: CLAS SIN SALA,Astrofísica,2026-1
31350,AST0511,13,Practica de Licenciatura,Dirección Docente,: CLAS SIN SALA,Astrofísica,2026-1
31352,AST0511,14,Practica de Licenciatura,Dirección Docente,: CLAS SIN SALA,Astrofísica,2026-1
32013,AST0511,15,Practica de Licenciatura,Dirección Docente,: CLAS SIN SALA,Astrofísica,2026-1
32014,AST0511,16,Practica de Licenciatura,Dirección Docente,: CLAS SIN SALA,Astrofísica,2026-1
32015,AST0511,17,Practica de Licenciatura,Dirección Docente,: CLAS SIN SALA,Astrofísica,2026-1
32016,AST0511,18,Practica de Licenciatura,Dirección Docente,: CLAS SIN SALA,Astrofísica,2026-1
32017,AST0511,19,Practica de Licenciatura,Dirección Docente,: CLAS SIN SALA,Astrofísica,2026-1
32018,AST0511,20,Practica de Licenciatura,Dirección Docente,: CLAS SIN SALA,Astrofísica,2026-1
32019,AST0511,21,Practica de Licenciatura,Dirección Docente,: CLAS SIN SALA,Astrofísica,2026-1
32020,AST0511,22,Practica de Licenciatura,Dirección Docente,: CLAS SIN SALA,Astrofísica,2026-1
32021,AST0511,23,Practica de Licenciatura,Dirección Docente,: CLAS SIN SALA,Astrofísica,2026-1
32022,AST0511,24,Practica de Licenciatura,Dirección Docente,: CLAS SIN SALA,Astrofísica,2026-1
32049,AST0511,25,Practica de Licenciatura,Dirección Docente,: CLAS SIN SALA,Astrofísica,2026-1
32050,AST0511,26,Practica de Licenciatura,Dirección Docente,: CLAS SIN SALA,Astrofísica,2026-1
23670,AST101,1,Un Paseo por el Universo,Charalambous Carolina,M-J:5 CLAS N5,Astrofísica,2026-1
30138,AST101,2,Un Paseo por el Universo,Vasquez Sergio,L-W:1 CLAS N6,Astrofísica,2026-1
30142,AST101,3,Un Paseo por el Universo,Mulders Gijs,L-W:4 CLAS N13-B,Astrofísica,2026-1
31757,AST101,4,Un Paseo por el Universo,Contreras Rodrigo,M-J:6 CLAS A_201,Astrofísica,2026-1
33686,AST101,5,Un Paseo por el Universo,Rodriguez Osmar,M-J:2 CLAS AUD_201,Astrofísica,2026-1
31758,AST105,1,Las Escalas del Mundo: Estimando Ordenes de Magnitud en el Día a Día,Chaname Julio,L-W:6 CLAS N13-B J:6 AYU NT202,Astrofísica,2026-1
28345,AST111,1,Astronomía,Zoccali Manuela,L-W:3 CLAS CS401 M:3 AYU CS404,Astrofísica,2026-1
30148,AST211,1,Introducción al Análisis de Datos,Aguilera Claudia,M-J:4 CLAS N7 V:4 AYU NT202,Astrofísica,2026-1
30367,BCH010,1,Habilidades para el Inicio Universitario,"Marshall Pablo, Jouannet Chantal","L:6 AYU CARA1 J:5,6 CLAS CARA1 V:1,2 AYU CARA1",Bachillerato Inicia,2026-1
30368,BCH010,2,Habilidades para el Inicio Universitario,"Marshall Pablo, Rodriguez Paulina","L:6 AYU C505 W:2,3 CLAS AG4 V:1,2 AYU AP101",Bachillerato Inicia,2026-1
30369,BCH010,3,Habilidades para el Inicio Universitario,"Marshall Pablo, Bustos Angelica","L:6 AYU K303 J:5,6 CLAS C306 V:1,2 AYU C302",Bachillerato Inicia,2026-1
31806,BCH010,5,Habilidades para el Inicio Universitario,"Marshall Pablo, Cofre Rocio, Opazo Andrea","L:1 CLAS SIN SALA L:6 AYU SIN SALA J:4 CLAS SIN SALA V:1,2 AYU SIN SALA",Bachillerato Inicia,2026-1
30871,BCH030,1,Experiencias de Inmersión Académica y Profesional II,Marshall Pablo,L:5 AYU E17 L:7 CLAS C306,Bachillerato Inicia,2026-1
30872,BCH030,2,Experiencias de Inmersión Académica y Profesional II,"Marshall Pablo, Videla Javiera",W:6 AYU C500 V:2 CLAS S4,Bachillerato Inicia,2026-1
30873,BCH030,3,Experiencias de Inmersión Académica y Profesional II,"Marshall Pablo, Bustos Angelica",J:6 AYU K303 V:4 CLAS ED217,Bachillerato Inicia,2026-1
25271,CAR0005,1,Aprendizaje Estratégico para la Experiencia Universitaria,Navarro Francisca,L:4 CLAS CARA2,CARA,2026-1
27271,CAR0005,2,Aprendizaje Estratégico para la Experiencia Universitaria,Peralta Nicolás,M:3 CLAS CARA3,CARA,2026-1
25272,CAR0005,3,Aprendizaje Estratégico para la Experiencia Universitaria,Muñoz Catalina,W:5 CLAS CARA2,CARA,2026-1
28322,CAR0005,4,Aprendizaje Estratégico para la Experiencia Universitaria,Muñoz Catalina,J:2 CLAS CARA3,CARA,2026-1
27267,CAR0005,5,Aprendizaje Estratégico para la Experiencia Universitaria,Peralta Nicolás,J:4 CLAS CARA3,CARA,2026-1
25275,CAR0005,6,Aprendizaje Estratégico para la Experiencia Universitaria,Guerrero Javiera,J:5 CLAS CARA3,CARA,2026-1
25264,CAR0005,7,Aprendizaje Estratégico para la Experiencia Universitaria,Guerrero Javiera,V:2 CLAS CARA2,CARA,2026-1
27266,CAR0005,8,Aprendizaje Estratégico para la Experiencia Universitaria,Rebolledo Daniela,V:4 CLAS CARA3,CARA,2026-1
34055,CAR0005,9,Aprendizaje Estratégico para la Experiencia Universitaria,Rebolledo Daniela,M:5 CLAS CARA1,CARA,2026-1
28377,CAR3000,1,Procesos Cognitivos Superiores: Desde la Neurobiología a la Práctica,Navarro Francisca,M-J:4 CLAS AE213,CARA,2026-1
33277,ICP0101,1,Introducción a la Ciencia Política,Huertas Sergio,L-W:2 CLAS C510 M:5 AYU S2,Ciencia Política,2026-1
33278,ICP0101,2,Introducción a la Ciencia Política,Huertas Sergio,L-W:3 CLAS C510 J:5 AYU S2,Ciencia Política,2026-1
33279,ICP0101,3,Introducción a la Ciencia Política,Flores Fabian,M-J:2 CLAS S7 V:2 AYU R4,Ciencia Política,2026-1
13729,ICP0103,1,Introducción a la Política Comparada,Rovira Cristobal,L-W:2 CLAS AP302 V:5 AYU AP302,Ciencia Política,2026-1
33280,ICP0106,1,Organizacion Politica de Chile,Walker Ignacio,L-W:4 CLAS AP604 V:4 AYU R2,Ciencia Política,2026-1
13735,ICP0107,1,Formación de Políticas Públicas,Mardones Rodrigo,"J:3,4 CLAS D301 V:4 AYU ED113",Ciencia Política,2026-1
31023,ICP0113,1,Opinion Publica: Enfoques Teoricos y el Caso de America Latina,Marín José,M-J:4 CLAS S3 V:3 AYU R4,Ciencia Política,2026-1
33281,ICP0123,1,"Partidos, Elecciones y Democracia en el Chile Contemporáneo",Garrido Carolina,W-V:6 CLAS S2 V:2 AYU R5,Ciencia Política,2026-1
33282,ICP0124,1,Teoría y Práctica de la Democracia Directa Contemporánea,Altman David,"J:3,4 CLAS C502 V:5 AYU S2",Ciencia Política,2026-1
17257,ICP0142,1,Sociología Política,Ortiz Camila,L-W:3 CLAS ED112 V:3 AYU ED112,Ciencia Política,2026-1
29304,ICP0154,1,"Para Entender Latinoamérica Hoy: Visiones Desde la Ciencia Política, la Historia y la Geografía","Velasquez Flavia, Casullo María, Hermosilla Matías",M-J:5 CLAS AP302,Ciencia Política,2026-1
29984,ICP0155,1,"Música y Revolución: Una Perspectiva Histórica, Política y Transnacional",Hermosilla Matías,L-W:4 CLAS AP502,Ciencia Política,2026-1
33283,ICP0156,1,Política y Poder en Chile,Hafemann Michelle,M-J:3 CLAS AP402,Ciencia Política,2026-1
13744,ICP0201,1,Introducción a la Teoría Política,Acevedo Fanny,M-J:2 CLAS N16-B V:2 AYU CS303,Ciencia Política,2026-1
33285,ICP0204,1,Teoria Politica III,Chuaqui Tomas,M-J:4 CLAS S2 V:4 AYU R4,Ciencia Política,2026-1
13749,ICP0206,1,Corrientes de Pensamiento Politico Contemporaneo,Perez Carlos,L-W:1 CLAS R4 V:2 AYU S3,Ciencia Política,2026-1
22625,ICP0210,1,"Género, Poder y Desigualdad",Barraza Barbara,M-J:3 CLAS S3 V:3 AYU S3,Ciencia Política,2026-1
33286,ICP0215,1,Teoría Crítica,Casullo María,L-W:6 CLAS R5 V:6 AYU R3,Ciencia Política,2026-1
13750,ICP0301,1,Introduccion a las Relaciones Internacionales,Hernandez Maria,M-J:4 CLAS AP302 V:4 AYU CS301,Ciencia Política,2026-1
30372,ICP0301,2,Introduccion a las Relaciones Internacionales,Neirot Andrea,L-W:4 CLAS S2 V:4 AYU S2,Ciencia Política,2026-1
33289,ICP0310,1,Etica Politica Internacional,Armijo Leslie,L-W:6 CLAS E14 V:6 AYU ED112,Ciencia Política,2026-1
33287,ICP0316,1,Organizaciones Internacionales,Freites Andrea,L-W:3 CLAS S3 V:3 AYU N17,Ciencia Política,2026-1
17632,ICP0323,1,Topicos de Analisis Estrategico,Neeb Ricardo,L-W:8 CLAS R6 J:6 AYU N3,Ciencia Política,2026-1
33288,ICP0326,1,Política Exterior Norteamericana y América Latina,Del Popolo Mariano,L-W:2 CLAS AP203 V:6 AYU S9,Ciencia Política,2026-1
24681,ICP0327,1,Introducción a la Economía Política Internacional,Urdinez Francisco,M-J:3 CLAS D306 V:4 AYU S9,Ciencia Política,2026-1
27066,ICP0329,1,Teoría de las Relaciones Internacionales,Hernandez Maria,M-J:2 CLAS S9 V:2 AYU R6,Ciencia Política,2026-1
28329,ICP0342,1,Análisis de Política Exterior en Países Latinoamericanos,Neirot Andrea,M-J:5 CLAS D201 V:5 AYU S9,Ciencia Política,2026-1
29305,ICP0352,1,Gobernanza y Desafíos Globales,De la Fuente Gloria,M-J:4 CLAS N5 V:5 AYU ED111,Ciencia Política,2026-1
13763,ICP0601,1,Redacción en Ciencia Política,Flores Fabian,L-W:3 CLAS S6 V:3 AYU S4,Ciencia Política,2026-1
29300,ICP0601,2,Redacción en Ciencia Política,Flores Fabian,L-W:4 CLAS S6 V:6 AYU S11,Ciencia Política,2026-1
30374,ICP0720,1,Democracia Ayer y Hoy,Gazmuri Maria,L-W:4 CLAS N6,Ciencia Política,2026-1
13773,ICP0903,1,Ética Pública,Riquelme Pedro,W:3 CLAS R3,Ciencia Política,2026-1
15463,ICP1002,1,Actividad Curricular de Titulación,Alberti Carla,: PRA SIN SALA,Ciencia Política,2026-1
15466,ICP1002,2,Actividad Curricular de Titulación,Altman David,: PRA SIN SALA,Ciencia Política,2026-1
15467,ICP1002,3,Actividad Curricular de Titulación,Accorsi Pedro,: PRA SIN SALA,Ciencia Política,2026-1
14415,ICP1002,4,Actividad Curricular de Titulación,Chuaqui Tomas,: PRA SIN SALA,Ciencia Política,2026-1
13776,ICP1002,5,Actividad Curricular de Titulación,Donoso Alfonso,: PRA SIN SALA,Ciencia Política,2026-1
15470,ICP1002,6,Actividad Curricular de Titulación,Gillooly Shauna,: PRA SIN SALA,Ciencia Política,2026-1
14418,ICP1002,7,Actividad Curricular de Titulación,Hernandez Maria,: PRA SIN SALA,Ciencia Política,2026-1
15471,ICP1002,8,Actividad Curricular de Titulación,Mardones Rodrigo,: PRA SIN SALA,Ciencia Política,2026-1
15472,ICP1002,9,Actividad Curricular de Titulación,Neirot Andrea,: PRA SIN SALA,Ciencia Política,2026-1
15474,ICP1002,10,Actividad Curricular de Titulación,Perez Carlos,: PRA SIN SALA,Ciencia Política,2026-1
15475,ICP1002,11,Actividad Curricular de Titulación,Reyes-Housholder Catherine,: PRA SIN SALA,Ciencia Política,2026-1
15476,ICP1002,12,Actividad Curricular de Titulación,Rovira Cristobal,: PRA SIN SALA,Ciencia Política,2026-1
17226,ICP1002,13,Actividad Curricular de Titulación,Suarez Maria,: PRA SIN SALA,Ciencia Política,2026-1
33301,ICP1002,14,Actividad Curricular de Titulación,Urdinez Francisco,: PRA SIN SALA,Ciencia Política,2026-1
34005,ICP1002,15,Actividad Curricular de Titulación,Casullo María,: CLAS SIN SALA,Ciencia Política,2026-1
15363,ICP3050,1,Introduccion a la Ciencia Politica,Sotomayor Maria,V:9 CLAS SIN SALA,Ciencia Política,2026-1
15364,ICP5008,1,Fundamentos Metodológicos del Análisis Político Aplicado a la Práctica Profesional,Araya Soledad,M:8 CLAS SIN SALA V:8 CLAS SIN SALA,Ciencia Política,2026-1
31139,ICP5197,1,"Partidos, Elecciones y Sistemas Electorales",Sanchez Federica,W:6 CLAS S15,Ciencia Política,2026-1
33621,ICP5214,1,Taller de Analisis Politico,Arce Javiera,W:7 CLAS S20,Ciencia Política,2026-1
15211,ICP5251,1,Ética Pública,Riquelme Pedro,M:8 CLAS SIN SALA,Ciencia Política,2026-1
28338,ICP5400,1,Politica Exterior Chilena,Ayala Fernando,M:5 CLAS S4,Ciencia Política,2026-1
33619,ICP5406,1,Seminario: Topicos Politica Exterior Chilena,"De la Fuente Gloria, Villar Andres",J:8 CLAS SIN SALA,Ciencia Política,2026-1
28307,ICP5426,1,Derecho Internacional y Política Global,Neirot Andrea,L:9 CLAS SIN SALA,Ciencia Política,2026-1
31375,ICP5462,1,Procesos Economicos Internacionales,Pezzola Anthony,M:7 CLAS S20,Ciencia Política,2026-1
33620,ICP5466,1,Diplomacia Contemporánea,Duran Roberto,J:9 CLAS SIN SALA,Ciencia Política,2026-1
23154,ICP5470,1,La Ciberseguridad y Su Impacto en la Seguridad Internacional,Neeb Ricardo,M:9 CLAS SIN SALA,Ciencia Política,2026-1
31136,ICP5490,1,Seminario: Problemas Internacionales Contemporaneos,Gillooly Shauna,L:8 CLAS SIN SALA,Ciencia Política,2026-1
15370,ICP5702,1,Política Económica,Pattillo Guillermo,M:9 CLAS SIN SALA,Ciencia Política,2026-1
33618,ICP5713,1,Políticas de Género,Roque Beatriz,J:8 CLAS SIN SALA,Ciencia Política,2026-1
23136,ICP5714,1,"Transparencia, Probidad y Políticas Contra la Corrupción",Leiva Carolina,L:9 CLAS SIN SALA,Ciencia Política,2026-1
29724,ICP5720,1,Violencia Crimen y Democracia,Parra Gonzalo,L:8 CLAS SIN SALA,Ciencia Política,2026-1
33669,ICP5794,1,Examen de Calificación,Dirección Docente,: CLAS SIN SALA,Ciencia Política,2026-1
31384,ICP5860,1,Teoria de las Relaciones Internacionales,Gillooly Shauna,"W:1,2 CLAS SIN SALA",Ciencia Política,2026-1
33664,ICP5910,1,Seminario General en Teoría Política I,Chuaqui Tomas,"W:6,7 CLAS SIN SALA",Ciencia Política,2026-1
33667,ICP5911,1,Seminario General en Teoría Política II,Perez Carlos,"L:2,3 CLAS SIN SALA",Ciencia Política,2026-1
14470,ICP5924,1,Diseño de Investigación,Reyes-Housholder Catherine,"M:2,3 CLAS SIN SALA",Ciencia Política,2026-1
33655,ICP5928,1,Análisis Cuantitativo I,Reyes-Housholder Catherine,"W:3,4 CLAS SIN SALA",Ciencia Política,2026-1
33657,ICP5999,1,Taller de Tesis,Suarez Maria,"J:5,6 CLAS SIN SALA",Ciencia Política,2026-1
31135,ICP6006,1,Proyecto de Graduación,Alberti Carla,W:8 CLAS SIN SALA,Ciencia Política,2026-1
17355,ICP6006,2,Proyecto de Graduación,Neeb Ricardo,W:8 CLAS SIN SALA,Ciencia Política,2026-1
19640,ICP6006,3,Proyecto de Graduación,Leiva Carolina,W:8 CLAS SIN SALA,Ciencia Política,2026-1
33616,ICP6006,4,Proyecto de Graduación,Villar Andres,W:8 CLAS SIN SALA,Ciencia Política,2026-1
33617,ICP6006,5,Proyecto de Graduación,Lama Denise,W:8 CLAS SIN SALA,Ciencia Política,2026-1
21826,ICP6008,1,Tesis I,Dirección Docente,: CLAS SIN SALA,Ciencia Política,2026-1
21830,ICP6010,1,Tesis III,Dirección Docente,: CLAS SIN SALA,Ciencia Política,2026-1
25243,ICP6011,1,Tesis IV,Dirección Docente,: CLAS SIN SALA,Ciencia Política,2026-1
17492,ICP6500,1,Ayudantía de Docencia,Dirección Docente,: TAL SIN SALA,Ciencia Política,2026-1
17490,ICP6501,1,Ayudantía de Investigación,Dirección Docente,: TAL SIN SALA,Ciencia Política,2026-1
25600,ICP6505,1,Actividad Anual de Seguimiento II,Dirección Docente,: CLAS SIN SALA,Ciencia Política,2026-1
21834,ICP6508,1,Pasantía en el Extranjero,Dirección Docente,: CLAS SIN SALA,Ciencia Política,2026-1
33651,ICP7000,1,Seminario General en Política Comparada,Rovira Cristobal,"L:3,4 CLAS SIN SALA",Ciencia Política,2026-1
14505,ICP700A,1,Seminario de Grado I,Alberti Carla,: TES SIN SALA,Ciencia Política,2026-1
15429,ICP700A,2,Seminario de Grado I,Altman David,: TES SIN SALA,Ciencia Política,2026-1
14544,ICP700A,3,Seminario de Grado I,Accorsi Pedro,: TES SIN SALA,Ciencia Política,2026-1
15435,ICP700A,4,Seminario de Grado I,Casullo María,: TES SIN SALA,Ciencia Política,2026-1
14522,ICP700A,5,Seminario de Grado I,Chuaqui Tomas,: TES SIN SALA,Ciencia Política,2026-1
14541,ICP700A,6,Seminario de Grado I,Donoso Alfonso,: TES SIN SALA,Ciencia Política,2026-1
14520,ICP700A,7,Seminario de Grado I,Gillooly Shauna,: TES SIN SALA,Ciencia Política,2026-1
15437,ICP700A,8,Seminario de Grado I,Hernandez Maria,: TES SIN SALA,Ciencia Política,2026-1
15439,ICP700A,9,Seminario de Grado I,Mardones Rodrigo,: TES SIN SALA,Ciencia Política,2026-1
17223,ICP700A,10,Seminario de Grado I,Neirot Andrea,: TES SIN SALA,Ciencia Política,2026-1
17238,ICP700A,11,Seminario de Grado I,Perez Carlos,: TES SIN SALA,Ciencia Política,2026-1
20717,ICP700A,12,Seminario de Grado I,Reyes-Housholder Catherine,: TES SIN SALA,Ciencia Política,2026-1
22016,ICP700A,13,Seminario de Grado I,Rovira Cristobal,: TES SIN SALA,Ciencia Política,2026-1
33291,ICP700A,14,Seminario de Grado I,Suarez Maria,: TES SIN SALA,Ciencia Política,2026-1
33292,ICP700A,15,Seminario de Grado I,Urdinez Francisco,: TES SIN SALA,Ciencia Política,2026-1
14552,ICP700B,1,Seminario de Grado II,Donoso Alfonso,: TES SIN SALA,Ciencia Política,2026-1
16516,ICP700B,2,Seminario de Grado II,Altman David,: TES SIN SALA,Ciencia Política,2026-1
16823,ICP700B,3,Seminario de Grado II,Suarez Maria,: CLAS SIN SALA,Ciencia Política,2026-1
31463,ICP7010,1,Seminario de Especialización en Política Comparada I,Altman David,"V:3,4 CLAS SIN SALA",Ciencia Política,2026-1
31649,ICP7020,1,Seminario de Especialización en Relaciones Internacionales I,Accorsi Pedro,"J:3,4 CLAS SIN SALA",Ciencia Política,2026-1
33672,ICP7028,1,Seminario de Investigación I,Dirección Docente,: CLAS SIN SALA,Ciencia Política,2026-1
25543,ICP7033,1,Seminario de Investigación IV,Dirección Docente,: CLAS SIN SALA,Ciencia Política,2026-1
25599,ICP7034,1,Autoría Artículo Científico o Patente,Dirección Docente,: CLAS SIN SALA,Ciencia Política,2026-1
15292,BIO108A,1,Fundamentos de Ecología y Evolución,"Farina Jose, Cerda José","M:5,6,7 CLAS D202 V:2 TAL N13-B",Ciencias Biológicas,2026-1
15294,BIO108A,2,Fundamentos de Ecología y Evolución,"Carmona Martin, Cerda José, Muñoz Alejandra","W:4 TAL M2 W:5,6,7 CLAS A1",Ciencias Biológicas,2026-1
30053,BIO108A,3,Fundamentos de Ecología y Evolución,"Carmona Martin, Cerda José, Muñoz Alejandra","L:4 TAL C002 L:5,6,7 CLAS C001",Ciencias Biológicas,2026-1
13393,BIO295A,1,Seminario de Investigacion Departamental,Ramirez Cesar,: SUP SIN SALA,Ciencias Biológicas,2026-1
32263,BIO295A,2,Seminario de Investigacion Departamental,Zanlungo Silvana,: SUP SIN SALA,Ciencias Biológicas,2026-1
32264,BIO295A,3,Seminario de Investigacion Departamental,Faugeron Sylvain,: SUP SIN SALA,Ciencias Biológicas,2026-1
32265,BIO295A,4,Seminario de Investigacion Departamental,Fuentes Maria,: SUP SIN SALA,Ciencias Biológicas,2026-1
32266,BIO295A,5,Seminario de Investigacion Departamental,Andres Maria,: SUP SIN SALA,Ciencias Biológicas,2026-1
32267,BIO295A,6,Seminario de Investigacion Departamental,Puschel Hans,: SUP SIN SALA,Ciencias Biológicas,2026-1
32270,BIO295A,7,Seminario de Investigacion Departamental,Barrera Nelson,: SUP SIN SALA,Ciencias Biológicas,2026-1
32272,BIO295A,8,Seminario de Investigacion Departamental,Quiñinao Cristobal,: SUP SIN SALA,Ciencias Biológicas,2026-1
32273,BIO295A,9,Seminario de Investigacion Departamental,Cotoras Darko,: SUP SIN SALA,Ciencias Biológicas,2026-1
32274,BIO295A,10,Seminario de Investigacion Departamental,Gelcich Stefan,: SUP SIN SALA,Ciencias Biológicas,2026-1
32275,BIO295A,11,Seminario de Investigacion Departamental,Larrondo Luis,: SUP SIN SALA,Ciencias Biológicas,2026-1
32276,BIO295A,12,Seminario de Investigacion Departamental,Gelcich Stefan,: SUP SIN SALA,Ciencias Biológicas,2026-1
32277,BIO295A,13,Seminario de Investigacion Departamental,Eisner Veronica,: SUP SIN SALA,Ciencias Biológicas,2026-1
32278,BIO295A,14,Seminario de Investigacion Departamental,Bueno Susan,: SUP SIN SALA,Ciencias Biológicas,2026-1
32279,BIO295A,15,Seminario de Investigacion Departamental,Francisco Joao,: SUP SIN SALA,Ciencias Biológicas,2026-1
32280,BIO295A,16,Seminario de Investigacion Departamental,Von Dassow Peter,: SUP SIN SALA,Ciencias Biológicas,2026-1
32281,BIO295A,17,Seminario de Investigacion Departamental,Perez Alejandro,: SUP SIN SALA,Ciencias Biológicas,2026-1
32283,BIO295A,18,Seminario de Investigacion Departamental,Kalergis Alexis,: SUP SIN SALA,Ciencias Biológicas,2026-1
32284,BIO295A,19,Seminario de Investigacion Departamental,Navarrete Sergio,: SUP SIN SALA,Ciencias Biológicas,2026-1
32285,BIO295A,20,Seminario de Investigacion Departamental,O'Brien Jose,: SUP SIN SALA,Ciencias Biológicas,2026-1
32287,BIO295A,21,Seminario de Investigacion Departamental,Yuseff Maria,: SUP SIN SALA,Ciencias Biológicas,2026-1
32288,BIO295A,22,Seminario de Investigacion Departamental,Andres Maria,: SUP SIN SALA,Ciencias Biológicas,2026-1
32290,BIO295A,23,Seminario de Investigacion Departamental,Campusano Jorge,: SUP SIN SALA,Ciencias Biológicas,2026-1
32291,BIO295A,24,Seminario de Investigacion Departamental,Faugeron Sylvain,: SUP SIN SALA,Ciencias Biológicas,2026-1
32337,BIO295A,25,Seminario de Investigacion Departamental,Gonzalez Pablo,: SUP SIN SALA,Ciencias Biológicas,2026-1
32338,BIO295A,26,Seminario de Investigacion Departamental,O'Brien Jose,: SUP SIN SALA,Ciencias Biológicas,2026-1
32339,BIO295A,27,Seminario de Investigacion Departamental,Kalergis Alexis,: SUP SIN SALA,Ciencias Biológicas,2026-1
32340,BIO295A,28,Seminario de Investigacion Departamental,Cerpa Waldo,: SUP SIN SALA,Ciencias Biológicas,2026-1
32341,BIO295A,29,Seminario de Investigacion Departamental,Kalergis Alexis,: SUP SIN SALA,Ciencias Biológicas,2026-1
32343,BIO295A,30,Seminario de Investigacion Departamental,Carcamo Gerardo,: SUP SIN SALA,Ciencias Biológicas,2026-1
32344,BIO295A,31,Seminario de Investigacion Departamental,Perez Claudio,: SUP SIN SALA,Ciencias Biológicas,2026-1
32345,BIO295A,32,Seminario de Investigacion Departamental,De la Iglesia Rodrigo,: SUP SIN SALA,Ciencias Biológicas,2026-1
32346,BIO295A,33,Seminario de Investigacion Departamental,Francisco Joao,: SUP SIN SALA,Ciencias Biológicas,2026-1
32347,BIO295A,34,Seminario de Investigacion Departamental,Oliva Carlos,: SUP SIN SALA,Ciencias Biológicas,2026-1
32348,BIO295A,35,Seminario de Investigacion Departamental,Barrera Nelson,: SUP SIN SALA,Ciencias Biológicas,2026-1
32349,BIO295A,36,Seminario de Investigacion Departamental,Puschel Hans,: SUP SIN SALA,Ciencias Biológicas,2026-1
32350,BIO295A,37,Seminario de Investigacion Departamental,Berkowitz Loni,: SUP SIN SALA,Ciencias Biológicas,2026-1
32351,BIO295A,38,Seminario de Investigacion Departamental,Gutierrez Rodrigo,: SUP SIN SALA,Ciencias Biológicas,2026-1
32353,BIO295A,39,Seminario de Investigacion Departamental,Kalergis Alexis,: SUP SIN SALA,Ciencias Biológicas,2026-1
32354,BIO295A,40,Seminario de Investigacion Departamental,Owen Gareth,: SUP SIN SALA,Ciencias Biológicas,2026-1
32355,BIO295A,41,Seminario de Investigacion Departamental,Gonzalez Pablo,: SUP SIN SALA,Ciencias Biológicas,2026-1
32357,BIO295A,42,Seminario de Investigacion Departamental,Canto Jhoann,: SUP SIN SALA,Ciencias Biológicas,2026-1
32358,BIO295A,43,Seminario de Investigacion Departamental,Kalergis Alexis,: SUP SIN SALA,Ciencias Biológicas,2026-1
32359,BIO295A,44,Seminario de Investigacion Departamental,Dettleff Phillip,: SUP SIN SALA,Ciencias Biológicas,2026-1
32361,BIO295A,45,Seminario de Investigacion Departamental,Roschzttardtz Hannetz,: SUP SIN SALA,Ciencias Biológicas,2026-1
32362,BIO295A,46,Seminario de Investigacion Departamental,Marzolo Maria,: SUP SIN SALA,Ciencias Biológicas,2026-1
32363,BIO295A,47,Seminario de Investigacion Departamental,Aviles Evelyn,: SUP SIN SALA,Ciencias Biológicas,2026-1
32364,BIO295A,48,Seminario de Investigacion Departamental,Larrondo Luis,: SUP SIN SALA,Ciencias Biológicas,2026-1
32366,BIO295A,49,Seminario de Investigacion Departamental,Lara Ariel,: SUP SIN SALA,Ciencias Biológicas,2026-1
32367,BIO295A,50,Seminario de Investigacion Departamental,Canto Jhoann,: SUP SIN SALA,Ciencias Biológicas,2026-1
32369,BIO295A,51,Seminario de Investigacion Departamental,Perez Maria,: SUP SIN SALA,Ciencias Biológicas,2026-1
32370,BIO295A,52,Seminario de Investigacion Departamental,Pardo Catalina,: SUP SIN SALA,Ciencias Biológicas,2026-1
32371,BIO295A,53,Seminario de Investigacion Departamental,Berkowitz Loni,: SUP SIN SALA,Ciencias Biológicas,2026-1
32372,BIO295A,54,Seminario de Investigacion Departamental,Durán Alejandro,: SUP SIN SALA,Ciencias Biológicas,2026-1
32373,BIO295A,55,Seminario de Investigacion Departamental,Gutierrez Rodrigo,: SUP SIN SALA,Ciencias Biológicas,2026-1
32374,BIO295A,56,Seminario de Investigacion Departamental,Navarrete Sergio,: SUP SIN SALA,Ciencias Biológicas,2026-1
32375,BIO295A,57,Seminario de Investigacion Departamental,Perez Maria,: SUP SIN SALA,Ciencias Biológicas,2026-1
32376,BIO295A,58,Seminario de Investigacion Departamental,Cornejo Victor,: SUP SIN SALA,Ciencias Biológicas,2026-1
32377,BIO295A,59,Seminario de Investigacion Departamental,Angulo Jenniffer,: SUP SIN SALA,Ciencias Biológicas,2026-1
32378,BIO295A,60,Seminario de Investigacion Departamental,Cancino Gonzalo,: SUP SIN SALA,Ciencias Biológicas,2026-1
32393,BIO295A,61,Seminario de Investigacion Departamental,Schuller Andreas,: SUP SIN SALA,Ciencias Biológicas,2026-1
32394,BIO295A,62,Seminario de Investigacion Departamental,Bueno Susan,: SUP SIN SALA,Ciencias Biológicas,2026-1
32395,BIO295A,63,Seminario de Investigacion Departamental,Ebensperger Luis,: SUP SIN SALA,Ciencias Biológicas,2026-1
32396,BIO295A,64,Seminario de Investigacion Departamental,Canto Jhoann,: SUP SIN SALA,Ciencias Biológicas,2026-1
32397,BIO295A,65,Seminario de Investigacion Departamental,Zanlungo Silvana,: SUP SIN SALA,Ciencias Biológicas,2026-1
32404,BIO295A,66,Seminario de Investigacion Departamental,Bueno Susan,: SUP SIN SALA,Ciencias Biológicas,2026-1
32405,BIO295A,67,Seminario de Investigacion Departamental,Andres Maria,: SUP SIN SALA,Ciencias Biológicas,2026-1
32407,BIO295A,68,Seminario de Investigacion Departamental,Gelcich Stefan,: SUP SIN SALA,Ciencias Biológicas,2026-1
32408,BIO295A,69,Seminario de Investigacion Departamental,Meneses Claudio,: SUP SIN SALA,Ciencias Biológicas,2026-1
32409,BIO295A,70,Seminario de Investigacion Departamental,Salas Cristian,: SUP SIN SALA,Ciencias Biológicas,2026-1
32423,BIO295A,71,Seminario de Investigacion Departamental,Gelcich Stefan,: SUP SIN SALA,Ciencias Biológicas,2026-1
32425,BIO295A,72,Seminario de Investigacion Departamental,Federici Fernan,: SUP SIN SALA,Ciencias Biológicas,2026-1
32426,BIO295A,73,Seminario de Investigacion Departamental,Ebensperger Luis,: SUP SIN SALA,Ciencias Biológicas,2026-1
32459,BIO295A,74,Seminario de Investigacion Departamental,Gonzalez Marcia,: SUP SIN SALA,Ciencias Biológicas,2026-1
32462,BIO295A,75,Seminario de Investigacion Departamental,Por Fijar,: SUP SIN SALA,Ciencias Biológicas,2026-1
32476,BIO295A,76,Seminario de Investigacion Departamental,Gonzalez Pablo,: SUP SIN SALA,Ciencias Biológicas,2026-1
32524,BIO295A,77,Seminario de Investigacion Departamental,Bueno Susan,: SUP SIN SALA,Ciencias Biológicas,2026-1
32525,BIO295A,78,Seminario de Investigacion Departamental,Por Fijar,: SUP SIN SALA,Ciencias Biológicas,2026-1
32526,BIO295A,79,Seminario de Investigacion Departamental,Por Fijar,: SUP SIN SALA,Ciencias Biológicas,2026-1
32527,BIO295A,80,Seminario de Investigacion Departamental,Por Fijar,: SUP SIN SALA,Ciencias Biológicas,2026-1
32530,BIO295A,81,Seminario de Investigacion Departamental,Ramond Jean-Baptiste,: SUP SIN SALA,Ciencias Biológicas,2026-1
32536,BIO295A,82,Seminario de Investigacion Departamental,Por Fijar,: SUP SIN SALA,Ciencias Biológicas,2026-1
32537,BIO295A,83,Seminario de Investigacion Departamental,Williams Megan,: SUP SIN SALA,Ciencias Biológicas,2026-1
32538,BIO295A,84,Seminario de Investigacion Departamental,Por Fijar,: SUP SIN SALA,Ciencias Biológicas,2026-1
32540,BIO295A,85,Seminario de Investigacion Departamental,Por Fijar,: SUP SIN SALA,Ciencias Biológicas,2026-1
32544,BIO295A,86,Seminario de Investigacion Departamental,Por Fijar,: SUP SIN SALA,Ciencias Biológicas,2026-1
32546,BIO295A,87,Seminario de Investigacion Departamental,Por Fijar,: SUP SIN SALA,Ciencias Biológicas,2026-1
32550,BIO295A,88,Seminario de Investigacion Departamental,Por Fijar,: SUP SIN SALA,Ciencias Biológicas,2026-1
32549,BIO295A,89,Seminario de Investigacion Departamental,Por Fijar,: SUP SIN SALA,Ciencias Biológicas,2026-1
32548,BIO295A,90,Seminario de Investigacion Departamental,Por Fijar,: SUP SIN SALA,Ciencias Biológicas,2026-1
32545,BIO295A,91,Seminario de Investigacion Departamental,Por Fijar,: SUP SIN SALA,Ciencias Biológicas,2026-1
32543,BIO295A,92,Seminario de Investigacion Departamental,Por Fijar,: SUP SIN SALA,Ciencias Biológicas,2026-1
32535,BIO295A,93,Seminario de Investigacion Departamental,Por Fijar,: SUP SIN SALA,Ciencias Biológicas,2026-1
32534,BIO295A,94,Seminario de Investigacion Departamental,Por Fijar,: SUP SIN SALA,Ciencias Biológicas,2026-1
32533,BIO295A,95,Seminario de Investigacion Departamental,Por Fijar,: SUP SIN SALA,Ciencias Biológicas,2026-1
32532,BIO295A,96,Seminario de Investigacion Departamental,Por Fijar,: SUP SIN SALA,Ciencias Biológicas,2026-1
32531,BIO295A,97,Seminario de Investigacion Departamental,Moreno Andrea,: SUP SIN SALA,Ciencias Biológicas,2026-1
32529,BIO295A,98,Seminario de Investigacion Departamental,Bertocchi Cristina,: SUP SIN SALA,Ciencias Biológicas,2026-1
32528,BIO295A,99,Seminario de Investigacion Departamental,Alvarez Alejandra,: SUP SIN SALA,Ciencias Biológicas,2026-1
13418,BIO310A,1,Seminario Bibliográfico,Cornejo Victor,: SUP SIN SALA,Ciencias Biológicas,2026-1
32204,BIO310A,2,Seminario Bibliográfico,Latorre Claudio,: SUP SIN SALA,Ciencias Biológicas,2026-1
32205,BIO310A,3,Seminario Bibliográfico,Federici Fernan,: SUP SIN SALA,Ciencias Biológicas,2026-1
32206,BIO310A,4,Seminario Bibliográfico,Andres Maria,: SUP SIN SALA,Ciencias Biológicas,2026-1
32207,BIO310A,5,Seminario Bibliográfico,Perez Claudio,: SUP SIN SALA,Ciencias Biológicas,2026-1
32208,BIO310A,6,Seminario Bibliográfico,Barnafi Nicolás,: SUP SIN SALA,Ciencias Biológicas,2026-1
32209,BIO310A,7,Seminario Bibliográfico,Figueroa Xavier,: SUP SIN SALA,Ciencias Biológicas,2026-1
32210,BIO310A,8,Seminario Bibliográfico,Cornejo Victor,: SUP SIN SALA,Ciencias Biológicas,2026-1
32211,BIO310A,9,Seminario Bibliográfico,Bueno Susan,: SUP SIN SALA,Ciencias Biológicas,2026-1
32212,BIO310A,10,Seminario Bibliográfico,Bertocchi Cristina,: SUP SIN SALA,Ciencias Biológicas,2026-1
32213,BIO310A,11,Seminario Bibliográfico,Quiñinao Cristobal,: SUP SIN SALA,Ciencias Biológicas,2026-1
32214,BIO310A,12,Seminario Bibliográfico,Francisco Joao,: SUP SIN SALA,Ciencias Biológicas,2026-1
32216,BIO310A,13,Seminario Bibliográfico,Cancino Gonzalo,: SUP SIN SALA,Ciencias Biológicas,2026-1
32217,BIO310A,14,Seminario Bibliográfico,Perez Alejandro,: SUP SIN SALA,Ciencias Biológicas,2026-1
32220,BIO310A,15,Seminario Bibliográfico,Gonzalez Pablo,: SUP SIN SALA,Ciencias Biológicas,2026-1
32221,BIO310A,16,Seminario Bibliográfico,Cotoras Darko,: SUP SIN SALA,Ciencias Biológicas,2026-1
32222,BIO310A,17,Seminario Bibliográfico,Calvo Margarita,: SUP SIN SALA,Ciencias Biológicas,2026-1
32223,BIO310A,18,Seminario Bibliográfico,Quiñinao Cristobal,: SUP SIN SALA,Ciencias Biológicas,2026-1
32228,BIO310A,19,Seminario Bibliográfico,Roschzttardtz Hannetz,: SUP SIN SALA,Ciencias Biológicas,2026-1
32229,BIO310A,20,Seminario Bibliográfico,Carcamo Gerardo,: SUP SIN SALA,Ciencias Biológicas,2026-1
32230,BIO310A,21,Seminario Bibliográfico,Aviles Evelyn,: SUP SIN SALA,Ciencias Biológicas,2026-1
32231,BIO310A,22,Seminario Bibliográfico,Alvarez Alejandra,: SUP SIN SALA,Ciencias Biológicas,2026-1
32232,BIO310A,23,Seminario Bibliográfico,Rezende Enrico,: SUP SIN SALA,Ciencias Biológicas,2026-1
32233,BIO310A,24,Seminario Bibliográfico,Cotoras Darko,: SUP SIN SALA,Ciencias Biológicas,2026-1
32234,BIO310A,25,Seminario Bibliográfico,Francisco Joao,: SUP SIN SALA,Ciencias Biológicas,2026-1
32235,BIO310A,26,Seminario Bibliográfico,Bertocchi Cristina,: SUP SIN SALA,Ciencias Biológicas,2026-1
32236,BIO310A,27,Seminario Bibliográfico,Barrera Nelson,: SUP SIN SALA,Ciencias Biológicas,2026-1
32237,BIO310A,28,Seminario Bibliográfico,Vasquez Luz,: SUP SIN SALA,Ciencias Biológicas,2026-1
32238,BIO310A,29,Seminario Bibliográfico,Ravasio Andrea,: SUP SIN SALA,Ciencias Biológicas,2026-1
32239,BIO310A,30,Seminario Bibliográfico,Cornejo Victor,: SUP SIN SALA,Ciencias Biológicas,2026-1
34066,BIO310A,31,Seminario Bibliográfico,Gelcich Stefan,: SUP SIN SALA,Ciencias Biológicas,2026-1
34067,BIO310A,32,Seminario Bibliográfico,Aviles Evelyn,: SUP SIN SALA,Ciencias Biológicas,2026-1
34068,BIO310A,33,Seminario Bibliográfico,Federici Fernan,: SUP SIN SALA,Ciencias Biológicas,2026-1
34069,BIO310A,34,Seminario Bibliográfico,Carcamo Gerardo,: SUP SIN SALA,Ciencias Biológicas,2026-1
34070,BIO310A,35,Seminario Bibliográfico,Serrano Carolina,: SUP SIN SALA,Ciencias Biológicas,2026-1
34071,BIO310A,36,Seminario Bibliográfico,Latorre Claudio,: SUP SIN SALA,Ciencias Biológicas,2026-1
34072,BIO310A,37,Seminario Bibliográfico,Oliva Carlos,: SUP SIN SALA,Ciencias Biológicas,2026-1
34073,BIO310A,38,Seminario Bibliográfico,Bueno Susan,: SUP SIN SALA,Ciencias Biológicas,2026-1
34074,BIO310A,39,Seminario Bibliográfico,Ramond Jean-Baptiste,: SUP SIN SALA,Ciencias Biológicas,2026-1
34075,BIO310A,40,Seminario Bibliográfico,Bertocchi Cristina,: SUP SIN SALA,Ciencias Biológicas,2026-1
34165,BIO310A,41,Seminario Bibliográfico,Barrera Nelson,: SUP SIN SALA,Ciencias Biológicas,2026-1
34167,BIO310A,42,Seminario Bibliográfico,Barnafi Nicolás,: SUP SIN SALA,Ciencias Biológicas,2026-1
34168,BIO310A,43,Seminario Bibliográfico,Ebensperger Luis,: SUP SIN SALA,Ciencias Biológicas,2026-1
32668,BIO105C,1,Desafíos de las Ciencias Biológicas,"Veliz Loreto, Alvarez Carolina","V:3,4 CLAS B-103",Ciencias Biológicas,2026-1
12675,BIO110C,1,Biologia de Organismos y Comunidades,Latorre Claudio,"M-J:1 CLAS K204 J:5,6 TAL K203",Ciencias Biológicas,2026-1
32982,BIO118C,1,Evolución,Puschel Hans,"M:5,6 CLAS B-201 J:5 CLAS A_MAGNACEX J:6 TAL B-102",Ciencias Biológicas,2026-1
33534,BIO118C,2,Evolución,Puschel Hans,"M:5,6 CLAS B-201 J:5 CLAS A_MAGNACEX J:6 TAL B-104",Ciencias Biológicas,2026-1
33545,BIO118C,3,Evolución,Puschel Hans,"M:5,6 CLAS B-201 J:5 CLAS A_MAGNACEX J:6 TAL D405",Ciencias Biológicas,2026-1
33546,BIO118C,4,Evolución,Puschel Hans,"M:5,6 CLAS B-201 J:5 CLAS A_MAGNACEX J:6 TAL B-101",Ciencias Biológicas,2026-1
12689,BIO135C,1,Fisiología,Veliz Loreto,"W:5,6 CLAS B11 V:5,6 TAL C202",Ciencias Biológicas,2026-1
12725,BIO141C,1,Biología de la Célula,Sjoberg Marcela,"M:1,2 CLAS B-102 J:1,2 TAL B-104",Ciencias Biológicas,2026-1
29998,BIO141C,2,Biología de la Célula,Sjoberg Marcela,"M:1,2 CLAS B-102 J:1,2 TAL B-102",Ciencias Biológicas,2026-1
17637,BIO141C,3,Biología de la Célula,Cerpa Waldo,"L:5,6 CLAS K202 W:5,6 TAL CS404",Ciencias Biológicas,2026-1
17638,BIO141C,4,Biología de la Célula,Cerpa Waldo,"L:5,6 CLAS K202 W:5,6 TAL CS401",Ciencias Biológicas,2026-1
17633,BIO141C,5,Biología de la Célula,Cerpa Waldo,"L:5,6 CLAS K202 W:5,6 TAL C306",Ciencias Biológicas,2026-1
17625,BIO141C,6,Biología de la Célula,Cerpa Waldo,"L:5,6 CLAS K202 W:5,6 TAL CS402",Ciencias Biológicas,2026-1
18017,BIO141C,7,Biología de la Célula,Cancino Gonzalo,"L:5,6 CLAS AE003 W:5,6 TAL CS302",Ciencias Biológicas,2026-1
25107,BIO141C,8,Biología de la Célula,Cancino Gonzalo,"L:5,6 CLAS AE003 W:5,6 TAL CS301",Ciencias Biológicas,2026-1
12709,BIO141C,9,Biología de la Célula,Peñaloza Hernán,"L:5,6 CLAS CS203 W:5,6 TAL CS403",Ciencias Biológicas,2026-1
33145,BIO141C,10,Biología de la Célula,Peñaloza Hernán,"L:5,6 CLAS CS203 W:5,6 TAL K300",Ciencias Biológicas,2026-1
33146,BIO141C,11,Biología de la Célula,Peñaloza Hernán,"L:5,6 CLAS CS203 W:5,6 TAL K304",Ciencias Biológicas,2026-1
17621,BIO141C,12,Biología de la Célula,Oliva Carlos,"L:1,2 TAL CS404 W:5,6 CLAS CS-101",Ciencias Biológicas,2026-1
17616,BIO141C,13,Biología de la Célula,Oliva Carlos,"L:1,2 TAL CS401 W:5,6 CLAS CS-101",Ciencias Biológicas,2026-1
17950,BIO141C,14,Biología de la Célula,Alvarez Alejandra,"M-J:3 CLAS R6 W:5,6 LAB AP601 V:3,4 TAL CS401",Ciencias Biológicas,2026-1
12730,BIO141C,15,Biología de la Célula,Alvarez Alejandra,"M-J:3 CLAS R6 W:5,6 LAB AP401 V:3,4 TAL CS403",Ciencias Biológicas,2026-1
17949,BIO141C,16,Biología de la Célula,Alvarez Alejandra,"M-J:3 CLAS R6 W:5,6 LAB AP501 V:3,4 TAL K303",Ciencias Biológicas,2026-1
17955,BIO141C,17,Biología de la Célula,Carcamo Gerardo,"L-W:3 CLAS R6 J:5,6 LAB CS402 V:3,4 TAL CS404",Ciencias Biológicas,2026-1
17954,BIO141C,18,Biología de la Célula,Carcamo Gerardo,"L-W:3 CLAS R6 J:5,6 LAB K304 V:3,4 TAL K302",Ciencias Biológicas,2026-1
12759,BIO141C,19,Biología de la Célula,Carcamo Gerardo,"L-W:3 CLAS R6 J:5,6 LAB C304 V:3,4 TAL AP602",Ciencias Biológicas,2026-1
12766,BIO141C,20,Biología de la Célula,Nogueras Alicia,"M-J:3 CLAS S9 W:5,6 LAB C305 V:3,4 TAL K300",Ciencias Biológicas,2026-1
17945,BIO141C,21,Biología de la Célula,Nogueras Alicia,"M-J:3 CLAS S9 W:5,6 LAB C303 V:3,4 TAL C306",Ciencias Biológicas,2026-1
17946,BIO141C,22,Biología de la Célula,Nogueras Alicia,"M-J:3 CLAS S9 W:5,6 LAB AP101 V:3,4 TAL AP401",Ciencias Biológicas,2026-1
17965,BIO141C,23,Biología de la Célula,Alvarez Carolina,"L-W:3 CLAS AE101 J:5,6 LAB AP101 V:3,4 TAL AP101",Ciencias Biológicas,2026-1
12742,BIO141C,24,Biología de la Célula,Alvarez Carolina,"L-W:3 CLAS AE101 J:5,6 LAB AP102 V:3,4 TAL AP102",Ciencias Biológicas,2026-1
17970,BIO141C,25,Biología de la Célula,Alvarez Carolina,"L-W:3 CLAS AE101 J:5,6 LAB AP103 V:3,4 TAL AP103",Ciencias Biológicas,2026-1
21595,BIO141C,26,Biología de la Célula,Schuller Andreas,"M-J:1 CLAS AG5 V:1,2 TAL H3",Ciencias Biológicas,2026-1
21594,BIO141C,27,Biología de la Célula,Schuller Andreas,"M-J:1 CLAS AG5 V:1,2 TAL T1221",Ciencias Biológicas,2026-1
21598,BIO141C,28,Biología de la Célula,Schuller Andreas,"M-J:1 CLAS AG5 V:1,2 TAL S13",Ciencias Biológicas,2026-1
12747,BIO141C,29,Biología de la Célula,Riquelme Cecilia,"L-J:2 CLAS D104 W:5,6 TAL N12",Ciencias Biológicas,2026-1
15303,BIO152C,1,Bases Fisicas de los Procesos Biologicos,Bertocchi Cristina,"L-W:3,4 CLAS B-104",Ciencias Biológicas,2026-1
27130,BIO152C,2,Bases Fisicas de los Procesos Biologicos,Barrera Nelson,"L-W:3,4 CLAS AL3",Ciencias Biológicas,2026-1
33757,BIO210C,1,Biología Computacional,Barnafi Nicolás,"V:5,6 CLAS B-101",Ciencias Biológicas,2026-1
33758,BIO215C,1,Metodología para la Investigación Biológica,"Serrano Carolina, Carmona Martin, Medel Vicente","M:3,4 CLAS B-103",Ciencias Biológicas,2026-1
12803,BIO225C,1,Fisiologia y Bioquimica Vegetal,"Gonzalez Marcia, O'Brien Jose","L:6,7 CLAS B-102 W:6,7 TAL A_102",Ciencias Biológicas,2026-1
12812,BIO228C,1,Bioquímica y Genética Molecular,Gonzalez Pablo,"M:1,2 CLAS A_MAGNACEX J:1,2 CLAS A_MAGNACEX",Ciencias Biológicas,2026-1
32983,BIO230C,1,Bioestadística,Quiñinao Cristobal,"L:5,6,7 CLAS B-103 J:5,6,7 TAL SIN SALA",Ciencias Biológicas,2026-1
33495,BIO230C,2,Bioestadística,Rezende Enrico,"L:5,6,7 CLAS MS-2 V:1,2,3 TAL SIN SALA",Ciencias Biológicas,2026-1
13302,BIO242C,1,Bioestadistica,Quiñinao Cristobal,"L:5,6,7 CLAS B-103 J:5,6,7 TAL SIN SALA",Ciencias Biológicas,2026-1
22172,BIO242C,2,Bioestadistica,Rezende Enrico,"L:5,6,7 CLAS MS-2 V:1,2,3 TAL SIN SALA",Ciencias Biológicas,2026-1
13306,BIO249C,1,Bioestadistica II,Navarrete Sergio,"M:5,6 CLAS B-102 W:5,6 TAL SIN SALA",Ciencias Biológicas,2026-1
13332,BIO257C,1,Bioquimica,"Roschzttardtz Hannetz, Larraín Juan","M-J:1,2 CLAS B-103",Ciencias Biológicas,2026-1
13352,BIO272C,1,Farmacologia Molecular,Andres Maria,"J:3,4 CLAS B-104 J:5 CLAS B-104",Ciencias Biológicas,2026-1
26582,BIO295C,1,Seminario de Investigacion Departamental,Gonzalez Pablo,: SUP SIN SALA,Ciencias Biológicas,2026-1
32587,BIO295C,2,Seminario de Investigacion Departamental,Larrondo Luis,: SUP SIN SALA,Ciencias Biológicas,2026-1
32556,BIO295C,3,Seminario de Investigacion Departamental,Aviles Evelyn,: SUP SIN SALA,Ciencias Biológicas,2026-1
32557,BIO295C,4,Seminario de Investigacion Departamental,Kalergis Alexis,: SUP SIN SALA,Ciencias Biológicas,2026-1
32558,BIO295C,5,Seminario de Investigacion Departamental,Campusano Jorge,: SUP SIN SALA,Ciencias Biológicas,2026-1
32559,BIO295C,6,Seminario de Investigacion Departamental,Bertocchi Cristina,: SUP SIN SALA,Ciencias Biológicas,2026-1
32561,BIO295C,7,Seminario de Investigacion Departamental,Gelcich Stefan,: SUP SIN SALA,Ciencias Biológicas,2026-1
32562,BIO295C,8,Seminario de Investigacion Departamental,Bonacic Cristian,: SUP SIN SALA,Ciencias Biológicas,2026-1
32567,BIO295C,9,Seminario de Investigacion Departamental,Por Fijar,: SUP SIN SALA,Ciencias Biológicas,2026-1
32568,BIO295C,10,Seminario de Investigacion Departamental,Por Fijar,: SUP SIN SALA,Ciencias Biológicas,2026-1
13396,BIO296C,1,Seminario de Investigacion Biologica,Gonzalez Pablo,: SUP SIN SALA,Ciencias Biológicas,2026-1
32594,BIO296C,2,Seminario de Investigacion Biologica,Yuseff Maria,: SUP SIN SALA,Ciencias Biológicas,2026-1
32596,BIO296C,3,Seminario de Investigacion Biologica,Canto Jhoann,: SUP SIN SALA,Ciencias Biológicas,2026-1
32598,BIO296C,4,Seminario de Investigacion Biologica,Moreno Andrea,: SUP SIN SALA,Ciencias Biológicas,2026-1
32599,BIO296C,5,Seminario de Investigacion Biologica,Gonzalez Pablo,: SUP SIN SALA,Ciencias Biológicas,2026-1
32601,BIO296C,6,Seminario de Investigacion Biologica,Kalergis Alexis,: SUP SIN SALA,Ciencias Biológicas,2026-1
32610,BIO296C,7,Seminario de Investigacion Biologica,Moreno Andrea,: SUP SIN SALA,Ciencias Biológicas,2026-1
32611,BIO296C,8,Seminario de Investigacion Biologica,Alvarez Cristian,: SUP SIN SALA,Ciencias Biológicas,2026-1
32612,BIO296C,9,Seminario de Investigacion Biologica,Peñaloza Hernán,: SUP SIN SALA,Ciencias Biológicas,2026-1
32613,BIO296C,10,Seminario de Investigacion Biologica,Peñaloza Hernán,: SUP SIN SALA,Ciencias Biológicas,2026-1
32614,BIO296C,11,Seminario de Investigacion Biologica,Rezende Enrico,: SUP SIN SALA,Ciencias Biológicas,2026-1
32615,BIO296C,12,Seminario de Investigacion Biologica,Kalergis Alexis,: SUP SIN SALA,Ciencias Biológicas,2026-1
32616,BIO296C,13,Seminario de Investigacion Biologica,Latorre Claudio,: SUP SIN SALA,Ciencias Biológicas,2026-1
32617,BIO296C,14,Seminario de Investigacion Biologica,Kalergis Alexis,: SUP SIN SALA,Ciencias Biológicas,2026-1
32618,BIO296C,15,Seminario de Investigacion Biologica,Farina Jose,: SUP SIN SALA,Ciencias Biológicas,2026-1
32619,BIO296C,16,Seminario de Investigacion Biologica,Gutierrez Rodrigo,: SUP SIN SALA,Ciencias Biológicas,2026-1
32620,BIO296C,17,Seminario de Investigacion Biologica,Gonzalez Pablo,: SUP SIN SALA,Ciencias Biológicas,2026-1
32621,BIO296C,18,Seminario de Investigacion Biologica,Chorbadjian Rodrigo,: SUP SIN SALA,Ciencias Biológicas,2026-1
32622,BIO296C,19,Seminario de Investigacion Biologica,Larrondo Luis,: SUP SIN SALA,Ciencias Biológicas,2026-1
32623,BIO296C,20,Seminario de Investigacion Biologica,Gonzalez Pablo,: SUP SIN SALA,Ciencias Biológicas,2026-1
34111,BIO296C,21,Seminario de Investigacion Biologica,Rezende Enrico,: SUP SIN SALA,Ciencias Biológicas,2026-1
34112,BIO296C,22,Seminario de Investigacion Biologica,Gaxiola Aurora,: SUP SIN SALA,Ciencias Biológicas,2026-1
34113,BIO296C,23,Seminario de Investigacion Biologica,Alvarez Cristian,: SUP SIN SALA,Ciencias Biológicas,2026-1
34114,BIO296C,24,Seminario de Investigacion Biologica,Latorre Claudio,: SUP SIN SALA,Ciencias Biológicas,2026-1
13410,BIO297C,1,"Laboratorio Bioquímica, Biología Celular",Campusano Jorge,"W:1,2,3,4,5 LAB SIN SALA",Ciencias Biológicas,2026-1
13406,BIO297C,2,"Laboratorio Bioquímica, Biología Celular",Larrondo Luis,"V:1,2,3,4,5 LAB SIN SALA",Ciencias Biológicas,2026-1
33267,BIO424C,1,Micología,Tesser Bruno,"L:5,6 CLAS B-104 M:3,4 CLAS B-104",Ciencias Biológicas,2026-1
29971,BIO428C,1,Ecología Química,Gonzalez Marcia,"W:2,3,4 CLAS B-105",Ciencias Biológicas,2026-1
29970,BIO433C,1,Parasitología,Tesser Bruno,"M:1,2 CLAS B-104 J:1,2 CLAS B-101",Ciencias Biológicas,2026-1
13347,BIO266D,1,Laboratorio Bioquimica I: Biologia Celular,Olguin Hugo,"L:1,2,3,4,5 LAB SIN SALA",Ciencias Biológicas,2026-1
13383,BIO285D,1,Memoria de Investigacion,Bertocchi Cristina,:8 TES SIN SALA,Ciencias Biológicas,2026-1
32724,BIO285D,2,Memoria de Investigacion,Egaña Jose,: TES SIN SALA,Ciencias Biológicas,2026-1
32725,BIO285D,3,Memoria de Investigacion,Peñaloza Hernán,: TES SIN SALA,Ciencias Biológicas,2026-1
32726,BIO285D,4,Memoria de Investigacion,Quiñinao Cristobal,: TES SIN SALA,Ciencias Biológicas,2026-1
32727,BIO285D,5,Memoria de Investigacion,Andres Maria,: TES SIN SALA,Ciencias Biológicas,2026-1
32728,BIO285D,6,Memoria de Investigacion,Por Fijar,: TES SIN SALA,Ciencias Biológicas,2026-1
32729,BIO285D,7,Memoria de Investigacion,Por Fijar,: TES SIN SALA,Ciencias Biológicas,2026-1
32730,BIO285D,8,Memoria de Investigacion,Por Fijar,: TES SIN SALA,Ciencias Biológicas,2026-1
32731,BIO285D,9,Memoria de Investigacion,Por Fijar,: TES SIN SALA,Ciencias Biológicas,2026-1
32732,BIO285D,10,Memoria de Investigacion,Por Fijar,: TES SIN SALA,Ciencias Biológicas,2026-1
32733,BIO285D,11,Memoria de Investigacion,Por Fijar,: TES SIN SALA,Ciencias Biológicas,2026-1
32734,BIO285D,12,Memoria de Investigacion,Por Fijar,: TES SIN SALA,Ciencias Biológicas,2026-1
32752,BIO285D,13,Memoria de Investigacion,Por Fijar,: TES SIN SALA,Ciencias Biológicas,2026-1
32753,BIO285D,14,Memoria de Investigacion,Por Fijar,: TES SIN SALA,Ciencias Biológicas,2026-1
32754,BIO285D,15,Memoria de Investigacion,Por Fijar,: TES SIN SALA,Ciencias Biológicas,2026-1
32755,BIO285D,16,Memoria de Investigacion,Por Fijar,: TES SIN SALA,Ciencias Biológicas,2026-1
32756,BIO285D,17,Memoria de Investigacion,Por Fijar,: TES SIN SALA,Ciencias Biológicas,2026-1
32757,BIO285D,18,Memoria de Investigacion,Por Fijar,: TES SIN SALA,Ciencias Biológicas,2026-1
32758,BIO285D,19,Memoria de Investigacion,Por Fijar,: TES SIN SALA,Ciencias Biológicas,2026-1
32759,BIO285D,20,Memoria de Investigacion,Por Fijar,: TES SIN SALA,Ciencias Biológicas,2026-1
28200,BIO126E,1,Fisiología,Cornejo Victor,"W-V:5,6 CLAS C001",Ciencias Biológicas,2026-1
28363,BIO146E,1,Microbiología e Infectología Clínica,"Bueno Susan, Kalergis Alexis","W:3,4 CLAS CELIAPEREZ V:3,4 CLAS CELIAPEREZ",Ciencias Biológicas,2026-1
15302,BIO151E,1,Biología de Microorganismos,"Carcamo Gerardo, Serrano Carolina","M:5 CLAS S_PIÑERA_E M:6,7 LAB S_PIÑERA_E",Ciencias Biológicas,2026-1
12808,BIO226E,1,Genetica y Evolucion,"Faugeron Sylvain, Fuentes Maria","M:3,4 CLAS A_MAGNACEX J:3,4 TAL B-103",Ciencias Biológicas,2026-1
28419,BIO226E,2,Genetica y Evolucion,"Fuentes Maria, Faugeron Sylvain","M:3,4 CLAS A_MAGNACEX J:3,4 TAL MS-1",Ciencias Biológicas,2026-1
28407,BIO227E,1,Biologia y Diversidad Animal,Cotoras Darko,"M-J:5,6 CLAS M3",Ciencias Biológicas,2026-1
13340,BIO258E,1,Practica Extramural,Dirección Docente,: PRA SIN SALA,Ciencias Biológicas,2026-1
32636,BIO258E,2,Practica Extramural,Dirección Docente,: PRA SIN SALA,Ciencias Biológicas,2026-1
32637,BIO258E,3,Practica Extramural,Dirección Docente,: PRA SIN SALA,Ciencias Biológicas,2026-1
32640,BIO258E,4,Practica Extramural,Dirección Docente,: PRA SIN SALA,Ciencias Biológicas,2026-1
32641,BIO258E,5,Practica Extramural,Dirección Docente,: PRA SIN SALA,Ciencias Biológicas,2026-1
32643,BIO258E,6,Practica Extramural,Dirección Docente,: PRA SIN SALA,Ciencias Biológicas,2026-1
32646,BIO258E,7,Practica Extramural,Por Fijar,: PRA SIN SALA,Ciencias Biológicas,2026-1
32647,BIO258E,8,Practica Extramural,Por Fijar,: PRA SIN SALA,Ciencias Biológicas,2026-1
32649,BIO258E,9,Practica Extramural,Por Fijar,: PRA SIN SALA,Ciencias Biológicas,2026-1
32653,BIO258E,10,Practica Extramural,Por Fijar,: PRA SIN SALA,Ciencias Biológicas,2026-1
13375,BIO274E,1,Biologia y Fisiologia Celular,"Andres Maria, Alvarez Alejandra","M:5,6 CLAS MS-2 V:5,6 TAL A_301",Ciencias Biológicas,2026-1
13387,BIO285E,1,Memoria Profesional,Por Fijar,: TES SIN SALA,Ciencias Biológicas,2026-1
32764,BIO285E,2,Memoria Profesional,Dirección Docente,: TES SIN SALA,Ciencias Biológicas,2026-1
32765,BIO285E,3,Memoria Profesional,Dirección Docente,: TES SIN SALA,Ciencias Biológicas,2026-1
32766,BIO285E,4,Memoria Profesional,Dirección Docente,: TES SIN SALA,Ciencias Biológicas,2026-1
32767,BIO285E,5,Memoria Profesional,Dirección Docente,: TES SIN SALA,Ciencias Biológicas,2026-1
32768,BIO285E,6,Memoria Profesional,Por Fijar,: TES SIN SALA,Ciencias Biológicas,2026-1
32769,BIO285E,7,Memoria Profesional,Por Fijar,: TES SIN SALA,Ciencias Biológicas,2026-1
32770,BIO285E,8,Memoria Profesional,Por Fijar,: TES SIN SALA,Ciencias Biológicas,2026-1
32771,BIO285E,9,Memoria Profesional,Por Fijar,: TES SIN SALA,Ciencias Biológicas,2026-1
32772,BIO285E,10,Memoria Profesional,Por Fijar,: TES SIN SALA,Ciencias Biológicas,2026-1
21542,BIO299E,1,Fisiologia,Figueroa Xavier,"L:5,6 CLAS B-101 W:5,6 TAL B-102",Ciencias Biológicas,2026-1
33691,BIO318E,1,Principios de Dinámica Poblacional: Teoría y Aplicaciones,Lima Mauricio,"L:2,3,4 CLAS D405",Ciencias Biológicas,2026-1
13462,BIO361E,1,Neurofisiología,Perez Claudio,"M:5,6,7 CLAS B-105",Ciencias Biológicas,2026-1
13476,BIO380E,1,Microbiología Biomédica,Tesser Bruno,"W:5,6 CLAS B-104 V:5,6 CLAS B-104",Ciencias Biológicas,2026-1
13479,BIO389E,1,Inmunología Celular y Molecular,Kalergis Alexis,"V:1,2,3 CLAS B-102",Ciencias Biológicas,2026-1
13344,BIO258F,1,Practica Extramural,Dirección Docente,: PRA SIN SALA,Ciencias Biológicas,2026-1
32654,BIO258F,2,Practica Extramural,Dirección Docente,: PRA SIN SALA,Ciencias Biológicas,2026-1
32655,BIO258F,3,Practica Extramural,Dirección Docente,: PRA SIN SALA,Ciencias Biológicas,2026-1
32659,BIO258F,4,Practica Extramural,Por Fijar,: PRA SIN SALA,Ciencias Biológicas,2026-1
32660,BIO258F,5,Practica Extramural,Por Fijar,: PRA SIN SALA,Ciencias Biológicas,2026-1
32661,BIO258F,6,Practica Extramural,Por Fijar,: PRA SIN SALA,Ciencias Biológicas,2026-1
32662,BIO258F,7,Practica Extramural,Dirección Docente,: PRA SIN SALA,Ciencias Biológicas,2026-1
32663,BIO258F,8,Practica Extramural,Por Fijar,: PRA SIN SALA,Ciencias Biológicas,2026-1
32664,BIO258F,9,Practica Extramural,Dirección Docente,: PRA SIN SALA,Ciencias Biológicas,2026-1
32665,BIO258F,10,Practica Extramural,Dirección Docente,: PRA SIN SALA,Ciencias Biológicas,2026-1
13400,BIO296F,1,Seminario de Investigacion Bioquimica,Olguin Hugo,: SUP SIN SALA,Ciencias Biológicas,2026-1
32600,BIO296F,2,Seminario de Investigacion Bioquimica,Angulo Jenniffer,: SUP SIN SALA,Ciencias Biológicas,2026-1
32602,BIO296F,3,Seminario de Investigacion Bioquimica,Sanchez Natalia,: SUP SIN SALA,Ciencias Biológicas,2026-1
32603,BIO296F,4,Seminario de Investigacion Bioquimica,Pardo Catalina,: SUP SIN SALA,Ciencias Biológicas,2026-1
32604,BIO296F,5,Seminario de Investigacion Bioquimica,Sanchez Natalia,: SUP SIN SALA,Ciencias Biológicas,2026-1
32605,BIO296F,6,Seminario de Investigacion Bioquimica,Zanlungo Silvana,: SUP SIN SALA,Ciencias Biológicas,2026-1
32606,BIO296F,7,Seminario de Investigacion Bioquimica,Ramond Jean-Baptiste,: SUP SIN SALA,Ciencias Biológicas,2026-1
32607,BIO296F,8,Seminario de Investigacion Bioquimica,Calvo Margarita,: SUP SIN SALA,Ciencias Biológicas,2026-1
32608,BIO296F,9,Seminario de Investigacion Bioquimica,Moreno Andrea,: SUP SIN SALA,Ciencias Biológicas,2026-1
32609,BIO296F,10,Seminario de Investigacion Bioquimica,Calvo Margarita,: SUP SIN SALA,Ciencias Biológicas,2026-1
12797,BIO211G,1,Fisiologia Vegetal,"Perez Maria, O'Brien Jose, Roschzttardtz Hannetz","J:3,4 CLAS AM2 V:5,6,7 LAB A3",Ciencias Biológicas,2026-1
18035,BIO245G,1,Microbiología Alimentaria y Ambiental,Serrano Carolina,"J:5,6 CLAS N7 V:5,6 LAB SIN SALA",Ciencias Biológicas,2026-1
26604,BIO245G,2,Microbiología Alimentaria y Ambiental,Serrano Carolina,"V:5,6 LAB B-103",Ciencias Biológicas,2026-1
33689,BIO130M,1,Biología Marina,Gelcich Stefan,"V:3,4 CLAS B-104",Ciencias Biológicas,2026-1
33760,BIO205M,1,Vertebrados Marinos,Perez Alejandro,"W:5,6,7 CLAS B-103",Ciencias Biológicas,2026-1
13317,BIO250M,1,Vertebrados Marinos,Perez Alejandro,"W:5,6,7 CLAS B-103",Ciencias Biológicas,2026-1
13379,BIO277M,1,Microbiologia Marina,De la Iglesia Rodrigo,"V:3,4,5 CLAS A_102",Ciencias Biológicas,2026-1
13389,BIO285M,1,Memoria de Investigacion en Biologia Marina,Ebensperger Luis,: TES SIN SALA,Ciencias Biológicas,2026-1
32848,BIO285M,2,Memoria de Investigacion en Biologia Marina,Von Dassow Peter,: TES SIN SALA,Ciencias Biológicas,2026-1
32849,BIO285M,3,Memoria de Investigacion en Biologia Marina,Por Fijar,: TES SIN SALA,Ciencias Biológicas,2026-1
32850,BIO285M,4,Memoria de Investigacion en Biologia Marina,Von Dassow Peter,: TES SIN SALA,Ciencias Biológicas,2026-1
32851,BIO285M,5,Memoria de Investigacion en Biologia Marina,Por Fijar,: TES SIN SALA,Ciencias Biológicas,2026-1
32854,BIO285M,6,Memoria de Investigacion en Biologia Marina,Por Fijar,: TES SIN SALA,Ciencias Biológicas,2026-1
32855,BIO285M,7,Memoria de Investigacion en Biologia Marina,Por Fijar,: TES SIN SALA,Ciencias Biológicas,2026-1
32857,BIO285M,8,Memoria de Investigacion en Biologia Marina,Por Fijar,: TES SIN SALA,Ciencias Biológicas,2026-1
32858,BIO285M,9,Memoria de Investigacion en Biologia Marina,Por Fijar,: TES SIN SALA,Ciencias Biológicas,2026-1
32859,BIO285M,10,Memoria de Investigacion en Biologia Marina,Por Fijar,: TES SIN SALA,Ciencias Biológicas,2026-1
13403,BIO296M,1,Seminario de Investigación Biológica Marina,Williams Megan,: SUP SIN SALA,Ciencias Biológicas,2026-1
32624,BIO296M,2,Seminario de Investigación Biológica Marina,Von Dassow Peter,: SUP SIN SALA,Ciencias Biológicas,2026-1
32626,BIO296M,3,Seminario de Investigación Biológica Marina,De la Iglesia Rodrigo,: SUP SIN SALA,Ciencias Biológicas,2026-1
32627,BIO296M,4,Seminario de Investigación Biológica Marina,Perez Alejandro,: SUP SIN SALA,Ciencias Biológicas,2026-1
32629,BIO296M,5,Seminario de Investigación Biológica Marina,Farina Jose,: SUP SIN SALA,Ciencias Biológicas,2026-1
32630,BIO296M,6,Seminario de Investigación Biológica Marina,Por Fijar,: SUP SIN SALA,Ciencias Biológicas,2026-1
32631,BIO296M,7,Seminario de Investigación Biológica Marina,Por Fijar,: SUP SIN SALA,Ciencias Biológicas,2026-1
32632,BIO296M,8,Seminario de Investigación Biológica Marina,Cotoras Darko,: SUP SIN SALA,Ciencias Biológicas,2026-1
32633,BIO296M,9,Seminario de Investigación Biológica Marina,Von Dassow Peter,: SUP SIN SALA,Ciencias Biológicas,2026-1
32634,BIO296M,10,Seminario de Investigación Biológica Marina,Von Dassow Peter,: SUP SIN SALA,Ciencias Biológicas,2026-1
13432,BIO327M,1,Oceanografia Fisico-Biologica,Williams Megan,"M-J:3,4 CLAS S72-S73",Ciencias Biológicas,2026-1
29918,BIO412M,1,Socioecología y Conservación Marina,Gelcich Stefan,"J:5,6,7 CLAS D302",Ciencias Biológicas,2026-1
33694,BIO420M,1,Ecología Marina,Perez Alejandro,"M:5,6 CLAS B-101",Ciencias Biológicas,2026-1
29919,BIO447M,1,Fitoplancton Marino,Von Dassow Peter,"L:5,6,7 CLAS B-105",Ciencias Biológicas,2026-1
30295,BIO200P,1,Desarrollo de Habilidades Científicas para la Enseñanza de las Ciencias Naturales,"Veliz Loreto, Carmona Martin","J:5,6,7 CLAS SEM_6_P2",Ciencias Biológicas,2026-1
28464,BIO295P,1,Seminario de Investigación en Pedagogía,Por Fijar,: SUP SIN SALA,Ciencias Biológicas,2026-1
32591,BIO295P,2,Seminario de Investigación en Pedagogía,Por Fijar,: SUP SIN SALA,Ciencias Biológicas,2026-1
32593,BIO295P,3,Seminario de Investigación en Pedagogía,Por Fijar,: SUP SIN SALA,Ciencias Biológicas,2026-1
32595,BIO295P,4,Seminario de Investigación en Pedagogía,Por Fijar,: SUP SIN SALA,Ciencias Biológicas,2026-1
32597,BIO295P,5,Seminario de Investigación en Pedagogía,Por Fijar,: SUP SIN SALA,Ciencias Biológicas,2026-1
18240,BIO141T,1,Taller de Biología de la Célula,Alvarez Carolina,: CLAS SIN SALA,Ciencias Biológicas,2026-1
31227,CLG0000,1,Seminario College,Gutierrez Camila,L-W:5 CLAS AE211 V:5 AYU CS404,College,2026-1
31385,CLG0000,2,Seminario College,Correa Francisco,L-W:5 CLAS AE108 V:5 AYU CS403,College,2026-1
31399,CLG0000,3,Seminario College,Lara Ariel,L-W:5 CLAS AE103 V:5 AYU AP404,College,2026-1
31400,CLG0000,4,Seminario College,Luengo Daniela,L-W:5 CLAS AE208 V:5 AYU C502,College,2026-1
31403,CLG0000,5,Seminario College,Fonck Martin,L-W:5 CLAS C510 V:5 AYU AE209,College,2026-1
31419,CLG0000,6,Seminario College,Ureta Sebastian,L-W:5 CLAS AE209 V:5 AYU C508,College,2026-1
31422,CLG0000,7,Seminario College,Undurraga Beltran,L-W:5 CLAS AP102 V:5 AYU AP301,College,2026-1
31426,CLG0000,8,Seminario College,Sturla Gino,L-W:5 CLAS AE206 V:5 AYU C306,College,2026-1
31427,CLG0000,9,Seminario College,Ramirez Maria,L-W:5 CLAS AE210 V:5 AYU AP601,College,2026-1
31428,CLG0000,10,Seminario College,Blanco Estela,L-W:5 CLAS AP503 V:5 AYU AE210,College,2026-1
33184,CLG0000,11,Seminario College,Veliz Loreto,L-W:5 CLAS AE204 V:5 AYU AE207,College,2026-1
33247,CLG0000,12,Seminario College,Party Daniel,M-J:5 CLAS AP404 V:5 AYU C510,College,2026-1
33248,CLG0000,13,Seminario College,Marini Guillermo,M-J:5 CLAS C506 V:5 AYU AE108,College,2026-1
33250,CLG0000,14,Seminario College,Tusing Cari,M-J:5 CLAS AP403 V:5 AYU AE206,College,2026-1
33251,CLG0000,15,Seminario College,Silva Barbara,M-J:5 CLAS AP402 V:5 AYU C304,College,2026-1
33252,CLG0000,16,Seminario College,Coddou Alberto,M-J:5 CLAS CS404 V:5 AYU C506,College,2026-1
33254,CLG0000,17,Seminario College,Garcia Maria,M:5 CLAS C510 J:5 CLAS D202 V:5 AYU AP504,College,2026-1
33256,CLG0000,18,Seminario College,Zúñiga Daniel,M-J:5 CLAS AP604 V:5 AYU AP101,College,2026-1
33257,CLG0000,19,Seminario College,Riquelme Cecilia,M-J:5 CLAS C508 V:5 AYU C305,College,2026-1
33258,CLG0000,20,Seminario College,Cataldo Alejandro,M-J:5 CLAS AP601 V:5 AYU C504,College,2026-1
33259,CLG0000,21,Seminario College,Galilea Patricia,M-J:5 CLAS CS403 V:5 AYU CS402,College,2026-1
33178,CLG0020,1,Exploraciones en Ciencias Sociales,Tusing Cari,L-W:5 CLAS D201 V:5 AYU CS201,College,2026-1
33179,CLG0020,2,Exploraciones en Ciencias Sociales,Velásquez Roberto,L-W:5 CLAS SAN_ANDRES V:5 AYU CS202,College,2026-1
33180,CLG0020,3,Exploraciones en Ciencias Sociales,Luengo Daniela,M-J:5 CLAS SAN_ANDRES V:5 AYU AG6,College,2026-1
33181,CLG0020,4,Exploraciones en Ciencias Sociales,Fonck Martin,M-J:5 CLAS D303 V:4 AYU AP502,College,2026-1
33182,CLG0020,5,Exploraciones en Ciencias Sociales,Ureta Sebastian,L-W:4 CLAS ID300 V:4 AYU C510,College,2026-1
33183,CLG0020,6,Exploraciones en Ciencias Sociales,Coddou Alberto,M-J:4 CLAS C404 V:4 AYU C502,College,2026-1
13860,COM004,1,Taller de Reportaje Fotografico,Edwards Juan,"M:5,6 CLAS COM201",Comunicaciones,2026-1
32925,COM014,1,Gestión de Crisis Comunicacionales,Dussaillant Patricio,"W:5,6 CLAS D302",Comunicaciones,2026-1
27747,COM018,1,Taller de Edicion en Prensa Escrita,Radovic Paz,"W:5,6 TAL LAB-CREATI",Comunicaciones,2026-1
29468,COM024,1,Multimedia Journalism Workshop,Edwards Juan,"W:5,6 CLAS COM_307",Comunicaciones,2026-1
19286,COM040,1,Industria Editorial para Escritores,Puentes Adrian,L-W:5 CLAS K302,Comunicaciones,2026-1
29694,COM049,1,Emprendimiento Periodístico,Aldea Sofía,"J:3,4 CLAS COM_309",Comunicaciones,2026-1
13880,COM100,1,Desafíos de la Comunicación,Acuna Andres,"V:1,2 CLAS A-1 V:3 AYU A-1",Comunicaciones,2026-1
13878,COM100,2,Desafíos de la Comunicación,Garcia Juan,"V:1,2 CLAS A-2 V:3 AYU A-2",Comunicaciones,2026-1
13882,COM100,3,Desafíos de la Comunicación,Karmy Sergio,"V:1,2 CLAS A-3 V:3 AYU 415",Comunicaciones,2026-1
24477,COM1000,1,Practica Interna (20 Hrs),Montenegro Carlos,: PRA SIN SALA,Comunicaciones,2026-1
31133,COM1000,2,Practica Interna (20 Hrs),Dirección Docente,: PRA SIN SALA,Comunicaciones,2026-1
15322,COM101,1,Test de Actualidad I a,Hornig Francisca,L: CLAS A-2 L: CLAS COM_113,Comunicaciones,2026-1
13886,COM101,2,Test de Actualidad I a,Hornig Francisca,L: CLAS A-3,Comunicaciones,2026-1
13888,COM103,1,Test de Actualidad II a,Hornig Francisca,W: CLAS A-2 W: CLAS COM_113,Comunicaciones,2026-1
13890,COM103,2,Test de Actualidad II a,Hornig Francisca,W: CLAS A-3,Comunicaciones,2026-1
13894,COM105,1,Test de Actualidad III a,Hornig Francisca,M: CLAS COM_113 M: CLAS A-1 M: CLAS A-2,Comunicaciones,2026-1
13892,COM105,2,Test de Actualidad III a,Hornig Francisca,M: CLAS A-3,Comunicaciones,2026-1
13896,COM109,1,Historia de la Comunicación Social,Bernedo Gilberto,M-J:2 CLAS AUD-41,Comunicaciones,2026-1
22652,COM109,2,Historia de la Comunicación Social,Durán Sergio,L-W:4 CLAS SALA-62,Comunicaciones,2026-1
32227,COM109,3,Historia de la Comunicación Social,Durán Sergio,M-J:6 CLAS A_102,Comunicaciones,2026-1
13899,COM110,1,Teoría de la Comunicación Social,Valenzuela Sebastian,"J:3,4 CLAS COM_103 V:4 LAB SIN SALA",Comunicaciones,2026-1
13897,COM110,2,Teoría de la Comunicación Social,Grassau Daniela,"M:3,4 CLAS AUD-41 V:4 LAB SIN SALA",Comunicaciones,2026-1
16975,COM110,3,Teoría de la Comunicación Social,Condeza Ana,M-J:3 CLAS AP003,Comunicaciones,2026-1
13903,COM113,1,Tecnologías de la Comunicación,Soto Jose,M-J:2 CLAS AUD-51 V:4 AYU A-2,Comunicaciones,2026-1
13901,COM113,2,Tecnologías de la Comunicación,Gálvez Myrna,M-J:2 CLAS D402 V:4 AYU A-1,Comunicaciones,2026-1
31052,COM114,1,Metodología de la Investigación en Comunicación Social,Porath William,L-W:4 CLAS AULA-MAGNA J:4 LAB COM_308,Comunicaciones,2026-1
31078,COM114,2,Metodología de la Investigación en Comunicación Social,Montero Claudia,"L:2,3 CLAS D304 J:4 LAB COM_307",Comunicaciones,2026-1
13910,COM115,1,Lenguaje Visual,Moreno Rodrigo,"W:3,4 CLAS FD-101",Comunicaciones,2026-1
13908,COM115,2,Lenguaje Visual,Edwards Juan,"J:1,2 CLAS COM201",Comunicaciones,2026-1
21066,COM115,3,Lenguaje Visual,Perera David,"M:5,6 CLAS A-2",Comunicaciones,2026-1
22665,COM115,4,Lenguaje Visual,Bisbal Sebastian,"V:3,4 CLAS AP404",Comunicaciones,2026-1
13912,COM116,1,Audiencias,Sierralta Sebastian,M-J:6 CLAS COM_307,Comunicaciones,2026-1
15346,COM116,2,Audiencias,De la Fuente Eduardo,L-W:5 CLAS A-3,Comunicaciones,2026-1
13918,COM117,1,Narración Interactiva,Fernandez Francisco,"L:4 LAB COM201 W:5,6 CLAS A-2",Comunicaciones,2026-1
13916,COM117,2,Narración Interactiva,Rebolledo Francisco,"M:4 LAB COM201 V:4,5 CLAS 416",Comunicaciones,2026-1
13914,COM117,3,Narración Interactiva,Halpern Daniel,L:5 LAB COM201 L:6 CLAS SIN SALA J:3 TAL SIN SALA,Comunicaciones,2026-1
22667,COM117,4,Narración Interactiva,Rebolledo Francisco,"L:1,2 CLAS LAB-CREATI V:2 LAB COM_113",Comunicaciones,2026-1
24196,COM117,5,Narración Interactiva,Halpern Daniel,L:5 CLAS SIN SALA L:6 LAB COM201 J:2 CLAS SIN SALA,Comunicaciones,2026-1
13922,COM120,1,Narración de No Ficción,Saavedra Gonzalo,M-J:3 CLAS A-2,Comunicaciones,2026-1
13920,COM120,2,Narración de No Ficción,Bachmann Ingrid,M-J:3 CLAS A-3,Comunicaciones,2026-1
22669,COM120,3,Narración de No Ficción,Marquez Pablo,M-J:1 CLAS S11,Comunicaciones,2026-1
13926,COM121,1,Semiología,Matus Pablo,L-W:3 CLAS A-2,Comunicaciones,2026-1
13924,COM121,2,Semiología,Gomez Maria,L-W:4 CLAS A-2,Comunicaciones,2026-1
22670,COM121,3,Semiología,"Mujica Maria, Galo Eduardo",L-W:3 CLAS AP402,Comunicaciones,2026-1
13930,COM122,1,Narración de Ficción,Gonzalez Marcelo,L-W:4 CLAS COM_103,Comunicaciones,2026-1
13928,COM122,2,Narración de Ficción,Escobar Benito,"J:1,2 CLAS A-2",Comunicaciones,2026-1
24198,COM122,3,Narración de Ficción,Gonzalez Marcelo,M-J:3 CLAS AP601,Comunicaciones,2026-1
24673,COM155,1,Laboratorio de Escucha,"Rossi Mariella, Romo Eduardo","W:1,2 LAB D401",Comunicaciones,2026-1
13932,COM200,1,Ética de las Comunicaciones,López Ignacio,L-W:2 CLAS A-2,Comunicaciones,2026-1
17189,COM200,2,Ética de las Comunicaciones,Yez Lyuba,M-J:2 CLAS MSANTANDER,Comunicaciones,2026-1
13937,COM201,1,Narración Escrita de No Ficción,De la Paz Patricio,"L:5,6 CLAS CRISOL_CC1",Comunicaciones,2026-1
13939,COM201,2,Narración Escrita de No Ficción,Laborde Antonia,"W:3,4 CLAS COM201",Comunicaciones,2026-1
13941,COM201,3,Narración Escrita de No Ficción,Ortiz Miguel,"L:2,3 CLAS 416",Comunicaciones,2026-1
22740,COM201,4,Narración Escrita de No Ficción,Marton Amanda,"W:5,6 CLAS COM201",Comunicaciones,2026-1
13945,COM203,1,Narración Audiovisual de No Ficción,Vega María,"W:2,3 CLAS A-1 W:4 LAB 413",Comunicaciones,2026-1
13947,COM203,2,Narración Audiovisual de No Ficción,Miquel Maria,"M:4 LAB 413 J:3,4 CLAS 417",Comunicaciones,2026-1
13943,COM203,3,Narración Audiovisual de No Ficción,Mora Alex,"L:3,4 CLAS 417 W:5 LAB 413",Comunicaciones,2026-1
13949,COM204,1,Teoría de la Noticia,Rozas Eliana,M-J:3 CLAS A-1,Comunicaciones,2026-1
25948,COM204,2,Teoría de la Noticia,Mujica Maria,M-J:4 CLAS A-1,Comunicaciones,2026-1
18982,COM205,1,Teoría Democrática,Oro Luis,L-W:4 CLAS A-3,Comunicaciones,2026-1
13959,COM206,1,Taller de Periodismo en Prensa,Villegas Jimena,"L:5 TAL LAB-CREATI W:1,2 CLAS COM_113 W:3,4,5,6 TER SIN SALA",Comunicaciones,2026-1
13951,COM206,2,Taller de Periodismo en Prensa,Baeza Martín,"L:5 TAL COM_309 M:1,2 CLAS 416 M:3,4,5,6 TER SIN SALA",Comunicaciones,2026-1
13956,COM206,3,Taller de Periodismo en Prensa,Penjean Lorena,"J:1,2 TAL COM310 J:3,4,5,6 TER SIN SALA V:1 CLAS COM310",Comunicaciones,2026-1
13954,COM206,4,Taller de Periodismo en Prensa,Ojeda Juan,"L:5 CLAS A-2 W:1,2 TAL A-3 W:3,4,5,6 TER SIN SALA",Comunicaciones,2026-1
13963,COM208,1,Narración Gráfica de No Ficción,Páez Katherine,V:3 TAL 414 V:4 CLAS A-3,Comunicaciones,2026-1
13961,COM208,2,Narración Gráfica de No Ficción,Cornejo Trinidad,V:3 CLAS A-3 V:4 CLAS 414,Comunicaciones,2026-1
13965,COM209,1,Taller de Periodismo Radial,Rivera Andrea,"M:5,6 CLAS COM_113 J:1 TAL 416 J:2,3,4,5,6,7 TER SIN SALA",Comunicaciones,2026-1
13971,COM209,2,Taller de Periodismo Radial,Franco Veronica,"L:1 TAL SIN SALA L:2,3,4,5,6,7 TER SIN SALA W:5,6 CLAS COM_113",Comunicaciones,2026-1
13970,COM209,3,Taller de Periodismo Radial,Kattan Javiera,"M:1 CLAS 415 M:2,3,4,5,6,7 TER SIN SALA J:1,2 CLAS COM_113",Comunicaciones,2026-1
13968,COM209,4,Taller de Periodismo Radial,Huerta Andrés,"L:5,6 TAL 416 W:1 CLAS LAB-CREATI W:2,3,4,5,6,7 TER SIN SALA",Comunicaciones,2026-1
13979,COM211,1,Taller de Periodismo Televisivo,Palma Catalina,"L:1 CLAS 414 L:2,3,4,5,6,7 TER SIN SALA W:1,2 TAL 414",Comunicaciones,2026-1
13975,COM211,2,Taller de Periodismo Televisivo,Paut Nicolas,"W:1 CLAS 416 W:2,3,4,5,6,7 TER SIN SALA V:3,4 TAL COM_113",Comunicaciones,2026-1
13981,COM211,3,Taller de Periodismo Televisivo,Bravo Rodrigo,"W:2,3 TAL 416 J:1 CLAS SIN SALA J:2,3,4,5,6,7 TER SIN SALA",Comunicaciones,2026-1
13977,COM211,4,Taller de Periodismo Televisivo,Weinborn Christian,"M:1 CLAS LAB-CREATI M:2,3,4,5,6,7 TER SIN SALA J:1,2 TAL 417",Comunicaciones,2026-1
13983,COM214,1,Análisis de la Actualidad Nacional,Lescornez Macarena,W-V:2 CLAS COM_307,Comunicaciones,2026-1
19020,COM214,2,Análisis de la Actualidad Nacional,Sepúlveda Oscar,L-W:4 CLAS S72-S73,Comunicaciones,2026-1
13984,COM215,1,Análisis de la Actualidad Internacional,Toro Juan,"M:1,2 CLAS A-2",Comunicaciones,2026-1
17291,COM215,2,Análisis de la Actualidad Internacional,Álvarez Carolina,"J:1,2 CLAS SALA-82",Comunicaciones,2026-1
13990,COM217,1,Narración Radial de No Ficción,Vergara Maria,L:3 LAB COM201 M:4 CLAS D405 J:4 CLAS 416,Comunicaciones,2026-1
13988,COM217,2,Narración Radial de No Ficción,Álvarez Constanza,L-W:1 CLAS A-1 W:2 LAB COM201,Comunicaciones,2026-1
27822,COM217,3,Narración Radial de No Ficción,Montenegro Carlos,"M:5 LAB 413 W:3,4 CLAS COM_113",Comunicaciones,2026-1
13991,COM290,1,Práctica Profesional,Saavedra Gonzalo,: PRA SIN SALA,Comunicaciones,2026-1
13996,COM3500,1,Economía Política de las Comunicaciones,Julio Pablo,M-J:4 CLAS A-3,Comunicaciones,2026-1
15319,COM3500,2,Economía Política de las Comunicaciones,Godoy Sergio,L-W:3 CLAS A-3,Comunicaciones,2026-1
32427,COM3501,1,Seminario de Investigación,Jimenez Francisco,L:4 CLAS 411,Comunicaciones,2026-1
33041,COM3501,2,Seminario de Investigación,Vergara Enrique,M:3 CLAS 411,Comunicaciones,2026-1
14004,COM3501,3,Seminario de Investigación,Molina Paula,L:3 CLAS COM_309,Comunicaciones,2026-1
15432,COM3501,4,Seminario de Investigación,De Simone Rosa,J:3 CLAS 411,Comunicaciones,2026-1
22758,COM3501,5,Seminario de Investigación,Acuna Andres,W:3 CLAS 411,Comunicaciones,2026-1
33916,COM3501,6,Seminario de Investigación,Valenzuela Felipe,M:2 CLAS 411,Comunicaciones,2026-1
14005,COM3502,1,Análisis Comparado de Periodismo,"López Ignacio, Ramirez Camila","M:3,4 CLAS COM_308 V:4 AYU COM_308",Comunicaciones,2026-1
14009,COM3503,1,Taller de Periodismo Avanzado,Olate Catalina,"M:5,6 CLAS LAB-CREATI V:1,2 LAB 411",Comunicaciones,2026-1
14007,COM3503,2,Taller de Periodismo Avanzado,Miranda Benjamín,"J:1,2 CLAS 414 V:1,2 LAB 417",Comunicaciones,2026-1
15438,COM3503,3,Taller de Periodismo Avanzado,Ramirez Pedro,"J:1,2 CLAS A-1 V:1,2 LAB 415",Comunicaciones,2026-1
20263,COM3503,4,Taller de Periodismo Avanzado,Bezama Boris,"J:1,2 CLAS D404 V:1,2 LAB 416",Comunicaciones,2026-1
27832,COM3503,5,Taller de Periodismo Avanzado,Toro Paulina,"W:5,6 CLAS 414 V:1,2 LAB 414",Comunicaciones,2026-1
14013,COM3504,1,Industria Audiovisual,Santibáñez Marcela,"L:4,5 AYU 414 M:2,3 CLAS 415",Comunicaciones,2026-1
22954,COM400,1,Consumo y Tendencias Sociales,De Simone Rosa,"W:3,4 CLAS 414 W:5 LAB A-1",Comunicaciones,2026-1
17301,COM401,1,Marketing,Aldunate Cristián,"L:1,2 CLAS A-3",Comunicaciones,2026-1
14033,COM402,1,Comportamiento del Consumidor,Benítez Juan,"M:1,2 CLAS 414",Comunicaciones,2026-1
24683,COM403,1,Comunicación y Persuasión,Labarca Claudia,"L:3,4 CLAS COM_307",Comunicaciones,2026-1
14037,COM404,1,Introducción a la Publicidad,Fernández Gregorio,"M:5,6 CLAS 416",Comunicaciones,2026-1
27323,COM404,2,Introducción a la Publicidad,Guevara Antonia,"J:3,4 CLAS D404",Comunicaciones,2026-1
14042,COM405,1,Marcas,Mardones Olga,"J:6,7 CLAS 415",Comunicaciones,2026-1
14043,COM406,1,Narración Publicitaria,Morales Gastón,"L:1,2 CLAS 415",Comunicaciones,2026-1
23046,COM407,1,Teoría de las Organizaciones y Comunicación,Montero Claudia,"L:4,5 CLAS SALA-32",Comunicaciones,2026-1
31008,COM408,1,Planificación y Difusión Publicitaria,Ayala Javier,"V:1,2 CLAS COM_309",Comunicaciones,2026-1
14049,COM410,1,Taller Investigación Aplicada a la Publicidad,Pimentel Gianluigi,"W:4 TAL LAB-CREATI V:1,2 CLAS LAB-CREATI",Comunicaciones,2026-1
31085,COM410,2,Taller Investigación Aplicada a la Publicidad,Guevara Antonia,"W:1,2 CLAS 411 V:3 TAL LAB-CREATI",Comunicaciones,2026-1
14051,COM411,1,Taller Soluciones Publicitarias,Besnier Ignacio,"M:4 CLAS 417 W:1,2 TAL 415",Comunicaciones,2026-1
29855,COM411,2,Taller Soluciones Publicitarias,Fernández Gregorio,"L:3,4,5 CLAS LAB-CREATI",Comunicaciones,2026-1
14053,COM412,1,Taller de Realización Publicitaria,Risopatrón Cristián,"M:3 TAL 414 W:2,3 TAL LAB-CREATI",Comunicaciones,2026-1
14055,COM413,1,Taller de Comunicación Digital,Reyes Rafaela,"L:1,2 CLAS 417 M:1 TAL 417",Comunicaciones,2026-1
31150,COM413,2,Taller de Comunicación Digital,Contreras Daniela,"W:4 CLAS SIN SALA V:2,3 TAL COM310",Comunicaciones,2026-1
15519,COM414,1,Taller de Propuestas Integradas de Comunicación,Pimentel Gianluigi,"L:4 CLAS 416 W:1,2 TAL 417",Comunicaciones,2026-1
31155,COM414,2,Taller de Propuestas Integradas de Comunicación,Aldunate Cristián,"M:4 TAL 415 J:1,2 CLAS B-105",Comunicaciones,2026-1
32741,COM415,1,Comunicaciones Integradas de Marketing,Ferrari Maria,"V:6,7 CLAS 416",Comunicaciones,2026-1
24685,COM416,1,Dirección y Conceptualización Visual Publicitaria,"Vergara Enrique, Garin Tomas",M:6 CLAS S72-S73 J:6 CLAS LAB-CREATI V:4 LAB 413,Comunicaciones,2026-1
15521,COM490,1,Práctica Profesional,Vergara Enrique,: PRA SIN SALA,Comunicaciones,2026-1
25986,COM504,1,Taller de Creatividad Publicitaria,Camacho Francisco,L-W:7 CLAS 414 V:5 AYU 414,Comunicaciones,2026-1
23115,COM508,1,Marketing Social y Campañas,Montero Claudia,"M:5,6 CLAS A-1",Comunicaciones,2026-1
31457,COM6004,1,Percepciones y Marcas,"Pimentel Gianluigi, Kitzinger Melina","W:8,9 CLAS SIN SALA",Comunicaciones,2026-1
31458,COM6005,1,Gestión Estratégica de la Comunicación y la Confianza,"Venturino Paul, Mardones Olga","L:8,9 CLAS SIN SALA",Comunicaciones,2026-1
17254,COM6009,1,Comunicación en Situaciones de Crisis,Peralta Javier,"M:8,9 CLAS SIN SALA",Comunicaciones,2026-1
24240,COM6026,1,Marketing Digital para Un Entorno Comunicacional,Leon Cristian,"J:8,9 CLAS SIN SALA",Comunicaciones,2026-1
33610,COM6032,1,Storytelling Aplicado a la Comunicación Estratégica,Seguel Claudio,"J:8,9 CLAS SIN SALA",Comunicaciones,2026-1
24235,COM6041,1,Estrategias Comunicacionales 2.0: el Uso de Redes en Organizaciones,"Halpern Daniel, Calabrese Elisa","M:8,9 CLAS SIN SALA",Comunicaciones,2026-1
24236,COM6042,1,Redes Sociales en Distintos Ámbitos de la Comunicación,"Huerta Miguel, De Oliveira Serge","M:8,9 CLAS SIN SALA",Comunicaciones,2026-1
24241,COM6046,1,Diseño de Contenidos Digitales,"Camus Juan, Camilla Alvaro","J:8,9 CLAS SIN SALA",Comunicaciones,2026-1
31459,COM6050,1,Herramientas de Evaluación y Cuantificación de Procesos Comunicacionales Internos,"Palomino Sylvana, Garay Constanza","V:7,8 CLAS SIN SALA",Comunicaciones,2026-1
33611,COM6051,1,Modelos y Herramientas de Comunicación para Un Liderazgo Efectivo,Halpern Daniel,"J:8,9 CLAS SIN SALA",Comunicaciones,2026-1
32271,COM606,1,Direccion de Actores,Gaspar María,"L:5,6 CLAS A_101",Comunicaciones,2026-1
33614,COM6092,1,"Políticas, Sistemas y Servicios de Salud",Bastias Gabriel,"J:8,9 CLAS SIN SALA",Comunicaciones,2026-1
33612,COM6093,1,Comunicación Estratégica de Salud,Godoy Sergio,"M:8,9 CLAS SIN SALA",Comunicaciones,2026-1
33613,COM6094,1,Comunicación Interpersonal de Salud,Dirección Docente,"M:8,9 CLAS SIN SALA",Comunicaciones,2026-1
33615,COM6095,1,Diseño en Campañas en Salud,Montero Claudia,"J:8,9 CLAS SIN SALA",Comunicaciones,2026-1
32751,COM617,1,Lenguaje del Video Juego,Fernandez Francisco,"M:5,6 CLAS D405",Comunicaciones,2026-1
18975,COM628,1,Cine Clásico,Blanco Luis,"L:2,3 CLAS A-1",Comunicaciones,2026-1
30119,COM632,1,Escena y Diálogo,Akel Leticia,"W:5,6 CLAS COM_309",Comunicaciones,2026-1
31029,COM633,1,Cine Chileno y Latinoamericano Contemporáneo,Pinto Ivan,"L:6,7 CLAS SIN SALA",Comunicaciones,2026-1
32760,COM634,1,Diseño de Producción y Dirección de Arte,Superby Nicolás,"M:3,4 CLAS 416",Comunicaciones,2026-1
29861,COM7000,1,Creación Audiovisual Como Investigación,Murray Christopher,"M:8,9 CLAS AUD GASTON",Comunicaciones,2026-1
33583,COM7004,1,Historia y Análisis del Guión Cinematográfico,Calderon Guillermo,"M:8,9 CLAS R205",Comunicaciones,2026-1
10045,COM704,1,Seminario de Cine,Corro Pablo,"J:2,3 CLAS 416",Comunicaciones,2026-1
10047,COM705,1,Espectáculo Audiovisual,Furche Maria,"L:5,6 CLAS FD-101",Comunicaciones,2026-1
17324,COM705,2,Espectáculo Audiovisual,Akel Leticia,"V:3,4 CLAS C300",Comunicaciones,2026-1
10049,COM706,1,Herramientas de Gestion Audiovisual,Soto Jose,M-J:4 CLAS 414,Comunicaciones,2026-1
10051,COM708,1,Fundamentos Dramaticos de Lo Audiovisual,Eliash Elisa,"L:2,3 CLAS 414 V:3 LAB 416",Comunicaciones,2026-1
29725,COM709,1,Generacion y Desarrollo de Proyectos Audiovisuales,Acuna Andres,"J:3,4 CLAS COM310",Comunicaciones,2026-1
10055,COM710,1,Taller de Television,Garib Karen,"M:2,3,4 TAL LAB-CREATI M:5,6 LAB 414",Comunicaciones,2026-1
26016,COM710,2,Taller de Television,Moreno Rodrigo,"J:2,3,4 TAL 415 J:6,7 LAB 414",Comunicaciones,2026-1
10057,COM711,1,Seminario de Television,Silva Hernán,"M:5,6 CLAS 415",Comunicaciones,2026-1
10059,COM712,1,Géneros y Formatos del Guión Audiovisual,Bernardi Francisca,"V:3,4 CLAS 417",Comunicaciones,2026-1
10062,COM713,1,Taller de Documental,Castillo Paola,"W:3,4 LAB 415 W:5,6,7 TAL 416",Comunicaciones,2026-1
21862,COM713,2,Taller de Documental,Valenzuela Cristóbal,"M:3,4 LAB COM_309 M:5,6,7 CLAS COM310",Comunicaciones,2026-1
10065,COM714,1,Seminario de Nuevas Tendencias Audiovisuales,Urrutia Carolina,"W:5,6 CLAS 415",Comunicaciones,2026-1
10068,COM715,1,Escritura del Relato Audiovisual,Luco Antonio,"W:4 AYU A-1 J:3,4 TAL COM201",Comunicaciones,2026-1
22928,COM715,2,Escritura del Relato Audiovisual,Seeger Martín,"W:1,2 TAL D405 W:4 AYU A-1",Comunicaciones,2026-1
27858,COM716,1,Taller de Ficcion,Lavanderos Fernando,"L:1,2,3,4 TAL COM310 L:5,6 LAB 417",Comunicaciones,2026-1
21873,COM716,2,Taller de Ficcion,Arias Juan,"M:1,2,3,4 TAL COM310 M:5,6 LAB 417",Comunicaciones,2026-1
32807,COM716,3,Taller de Ficcion,Soto Diego,"M:1,2,3,4 TAL COM_113 M:5,6 LAB A-3",Comunicaciones,2026-1
10078,COM718,1,Taller de Lenguaje Audiovisual,Pérez Renato,"M:2,3 CLAS 417 W:1,2,3 TAL 413",Comunicaciones,2026-1
17325,COM718,2,Taller de Lenguaje Audiovisual,Hernandez Valeria,"W:1,2 CLAS S72-S73 J:1,2,3 TAL 413",Comunicaciones,2026-1
10084,COM719,1,Taller de Realización Audiovisual,"Eliash Elisa, Nadjar Maximiliano","W:1 CLAS COM310 W:2,3,4 TAL COM310 V:2,3 LAB 413",Comunicaciones,2026-1
16618,COM719,2,Taller de Realización Audiovisual,"Murray Christopher, Nadjar Maximiliano","W:4 CLAS 416 W:5,6,7 TAL COM310 V:2,3 LAB 413",Comunicaciones,2026-1
32576,COM719,3,Taller de Realización Audiovisual,"Videla Nicolás, Nadjar Maximiliano","L:4 CLAS COM_113 L:5,6,7 TAL COM310 V:2,3 LAB 413",Comunicaciones,2026-1
33528,COM719,4,Taller de Realización Audiovisual,"Eliash Elisa, Nadjar Maximiliano","W:1 CLAS COM310 W:2,3,4 TAL COM310 V:5,6 LAB 413",Comunicaciones,2026-1
33529,COM719,5,Taller de Realización Audiovisual,"Murray Christopher, Nadjar Maximiliano","W:4 CLAS 416 W:5,6,7 TAL COM310 V:5,6 LAB 413",Comunicaciones,2026-1
33530,COM719,6,Taller de Realización Audiovisual,"Videla Nicolás, Nadjar Maximiliano","L:4 CLAS SIN SALA L:5,6,7 TAL COM310 V:5,6 LAB 413",Comunicaciones,2026-1
10087,COM720,1,Seminario de Documental,Foxley Susana,"L:5,6 CLAS 415 V:4 AYU 415",Comunicaciones,2026-1
15781,COM721,1,Taller Avanzado de Realización,Foxley Susana,"W:4,5,6 TAL 417",Comunicaciones,2026-1
22250,COM721,2,Taller Avanzado de Realización,Atallah Niles,"J:2,3,4 TAL LAB-CREATI",Comunicaciones,2026-1
15905,COM790,1,Práctica Profesional I,Soto Jose,: PRA SIN SALA,Comunicaciones,2026-1
15906,COM791,1,Práctica Profesional II,Acuna Andres,: PRA SIN SALA,Comunicaciones,2026-1
10090,COM8000,1,Metodología Avanzada para las Comunicaciones I,Saldaña Magdalena,"V:3,4 CLAS SIN SALA",Comunicaciones,2026-1
10095,COM8001,1,Seminario de Sistemas de Comunicación,"Godoy Sergio, Fernandez Francisco","J:3,4 CLAS SIN SALA",Comunicaciones,2026-1
10098,COM8004,1,Seminario Avanzado de Teorías de la Comunicación,Porath William,"J:5,6 CLAS SIN SALA",Comunicaciones,2026-1
22712,COM8007,1,Tesis II,Urrutia Carolina,: TES SIN SALA,Comunicaciones,2026-1
22730,COM8007,2,Tesis II,Fernandez Francisco,: TES SIN SALA,Comunicaciones,2026-1
24136,COM8007,3,Tesis II,López Ignacio,: TES SIN SALA,Comunicaciones,2026-1
30646,COM8007,4,Tesis II,"Valenzuela Sebastian, Porath William",: CLAS SIN SALA,Comunicaciones,2026-1
33575,COM8008,1,Tesis III,"López Ignacio, Porath William",: TES SIN SALA,Comunicaciones,2026-1
10113,COM8009,1,Tesis IV,Grassau Daniela,: TES SIN SALA,Comunicaciones,2026-1
31476,COM8009,2,Tesis IV,Grassau Daniela,W: TES SIN SALA,Comunicaciones,2026-1
31481,COM8009,3,Tesis IV,"Mujica Maria, De Simone Rosa",: TES SIN SALA,Comunicaciones,2026-1
31487,COM8009,4,Tesis IV,"Labarca Claudia, Porath William",: TES SIN SALA,Comunicaciones,2026-1
20798,COM8012,1,Proyecto de Tesis,Labarca Claudia,: TES SIN SALA,Comunicaciones,2026-1
20800,COM8012,2,Proyecto de Tesis,Grassau Daniela,: TES SIN SALA,Comunicaciones,2026-1
20801,COM8012,3,Proyecto de Tesis,Godoy Sergio,: TES SIN SALA,Comunicaciones,2026-1
17846,COM8013,1,Examen de Candidatura,Labarca Claudia,,Comunicaciones,2026-1
18916,COM8013,2,Examen de Candidatura,Grassau Daniela,,Comunicaciones,2026-1
27714,COM8013,3,Examen de Candidatura,Godoy Sergio,,Comunicaciones,2026-1
22731,COM8014,1,Actividad Anual de Seguimiento I,Urrutia Carolina,: TES SIN SALA,Comunicaciones,2026-1
22732,COM8014,2,Actividad Anual de Seguimiento I,Fernandez Francisco,: TES SIN SALA,Comunicaciones,2026-1
22733,COM8014,3,Actividad Anual de Seguimiento I,López Ignacio,: TES SIN SALA,Comunicaciones,2026-1
31544,COM8014,4,Actividad Anual de Seguimiento I,"Valenzuela Sebastian, Porath William",: TES SIN SALA,Comunicaciones,2026-1
20792,COM8015,1,Actividad Anual de Seguimiento II,Grassau Daniela,: TES SIN SALA,Comunicaciones,2026-1
29015,COM8015,2,Actividad Anual de Seguimiento II,Grassau Daniela,: TES SIN SALA,Comunicaciones,2026-1
31546,COM8015,3,Actividad Anual de Seguimiento II,"Mujica Maria, De Simone Rosa",: CLAS SIN SALA,Comunicaciones,2026-1
32029,COM8015,4,Actividad Anual de Seguimiento II,"Labarca Claudia, Porath William",: CLAS SIN SALA,Comunicaciones,2026-1
25570,COM8016,1,Autoría de Artículo Científico,Dirección Docente,: SUP SIN SALA,Comunicaciones,2026-1
25790,COM8017,1,Pasantía,Dirección Docente,: SUP SIN SALA,Comunicaciones,2026-1
33609,COM8021,1,Seminario Doctoral de Metodologías de Investigación,Grassau Daniela,"M:5,6 CLAS SIN SALA",Comunicaciones,2026-1
33608,COM8027,1,Seminario de Introducción a los Estudios Doctorales y a la Carrera Académica,Condeza Ana,W:5 CLAS SIN SALA,Comunicaciones,2026-1
22882,COM813,1,Taller de Narración e Industria de Esports o Deportes Electrónicos,Rebolledo Francisco,"L:3,4 TAL 415",Comunicaciones,2026-1
32539,COM902,1,Análisis del Discurso Mediático,Matus Pablo,"M:3,4 CLAS COM_307",Comunicaciones,2026-1
31330,COM911,1,Uc Propone: Investigación Aplicada en Ciencias Sociales,Gomez Juan,L-M:6 CLAS COM_309,Comunicaciones,2026-1
17181,CCL2301,1,Taller de Gestión,Faundes Cristian,"M-J:5,6 TAL C401",Construcción Civil,2026-1
13815,CCL2372,1,"Instalaciones de Gas, Clima y Electricidad","Rebolledo Cristobal, Gallegos Joel, Tapia Celso","L:1,2 CLAS C507 W:1,2 TAL E16",Construcción Civil,2026-1
13818,CCL2373,1,Administración y Finanzas,Urrutia Jonathan,"M:5,6 CLAS E16 J:5 CLAS E16 J:6 AYU E16",Construcción Civil,2026-1
15256,CCL2381,1,Estructura y Procesos,De la Fuente Christopher,"M:1,2 CLAS E17 J:1 CLAS E16 J:2 AYU C204",Construcción Civil,2026-1
15187,CCL2382,1,Gestión de Proyectos,Ortega Jesus,"M-J:3,4 CLAS TMP102",Construcción Civil,2026-1
15262,CCL2383,1,Responsabilidad Social en Construcción,"Lange Tomas, Yañez Freddy","L:4 CLAS C503 W:3,4 CLAS E16",Construcción Civil,2026-1
15263,CCL2384,1,Emprendimiento y Habilidades Gerenciales,Reyes Rodrigo,"L:5,6 CLAS AG7 W:5,6 TAL E17",Construcción Civil,2026-1
31138,CCL2391,1,Residencia,"Mendez Daniela, Compte Sebastián, Fuentes Mikel, Ordonez Fanny","L-M-W-J:1,2,3,4,5,6 TER SIN SALA V:5,6 TAL SIN SALA",Construcción Civil,2026-1
25975,CCL2391,2,Residencia,Mendez Daniela,"L-M-W-J:1,2,3,4,5,6 TER SIN SALA V:1,2 TAL SIN SALA",Construcción Civil,2026-1
25976,CCL2391,3,Residencia,Fuentes Mikel,"L-M-W-J:1,2,3,4,5,6 TER SIN SALA V:5,6 TAL C507",Construcción Civil,2026-1
25977,CCL2391,4,Residencia,Compte Sebastián,"L-M-W-J:1,2,3,4,5,6 TER SIN SALA V:5,6 TAL K305",Construcción Civil,2026-1
28484,CCL2391,5,Residencia,Ordonez Fanny,"L-M-W-J:1,2,3,4,5,6 TER SIN SALA V:5,6 TAL C501",Construcción Civil,2026-1
25967,CCL2411,1,Construcción y Su Entorno,"Araya Gerardo, Palominos Paola","L:3,4 CLAS C508 V:1,2,3 TAL C402",Construcción Civil,2026-1
25968,CCL2411,2,Construcción y Su Entorno,Letelier Julio,"L:3,4 CLAS C406 V:1,2,3 TAL E14",Construcción Civil,2026-1
25969,CCL2411,3,Construcción y Su Entorno,"Urrutia Jonathan, Orrego Barbara","W:3,4 CLAS C401 V:1,2,3 TAL E15",Construcción Civil,2026-1
25970,CCL2411,4,Construcción y Su Entorno,"Letelier Julio, Bais Lukas","W:3,4 CLAS C406 V:1,2,3 TAL C401",Construcción Civil,2026-1
26027,CCL2412,1,Ciencia de los Materiales,Sancy Mamie,"M:2,3 CLAS AUD_DECON J:2 CLAS AUD_DECON J:4 AYU C302",Construcción Civil,2026-1
26028,CCL2412,2,Ciencia de los Materiales,Castañeda Erik,"M:2,3 CLAS CS403 J:2 CLAS C304 J:4 AYU CS403",Construcción Civil,2026-1
26029,CCL2412,3,Ciencia de los Materiales,Molina Paulo,"M:2,3 CLAS C302 J:2 CLAS E16 J:4 AYU C303",Construcción Civil,2026-1
26030,CCL2412,4,Ciencia de los Materiales,Sancy Mamie,"M:4 CLAS AUD_DECON J:3,4 CLAS AUD_DECON V:5 AYU C403",Construcción Civil,2026-1
29308,CCL2412,5,Ciencia de los Materiales,Castañeda Erik,"M:4 CLAS K300 J:3,4 CLAS C304 V:5 AYU AE205",Construcción Civil,2026-1
30917,CCL2412,6,Ciencia de los Materiales,Molina Paulo,"M:4 CLAS C302 J:3,4 CLAS E16 V:5 AYU E16",Construcción Civil,2026-1
26116,CCL2413,1,Taller de Habilidades Académicas,"González Camilo, Amores Victoria","W:3,4 TAL CC10",Construcción Civil,2026-1
26141,CCL2413,2,Taller de Habilidades Académicas,"González Camilo, Amores Victoria","W:3,4 TAL C506",Construcción Civil,2026-1
26142,CCL2413,3,Taller de Habilidades Académicas,"González Camilo, Amores Victoria","L:3,4 TAL E16",Construcción Civil,2026-1
26143,CCL2413,4,Taller de Habilidades Académicas,"González Camilo, Amores Victoria","L:3,4 TAL CC10",Construcción Civil,2026-1
28697,CCL2421,1,Anatomía de la Construcción,"Rodriguez Gonzalo, Caamaño José","W:2,3 CLAS AUD_DECON V:1,2 TAL CC201",Construcción Civil,2026-1
28693,CCL2422,1,Tecnología de los Materiales,"Molina Paulo, Guzmán Camilo","M:2,3 LAB LD_DECON_1 M:6 CLAS E13 J:5,6 CLAS E13",Construcción Civil,2026-1
28694,CCL2422,2,Tecnología de los Materiales,"Molina Paulo, Guzmán Camilo","M:2,3 LAB LD_DECON_1 M:6 CLAS E13 J:5,6 CLAS E13",Construcción Civil,2026-1
28695,CCL2422,3,Tecnología de los Materiales,"Molina Paulo, Di Mambro David","M:6 CLAS E13 J:5,6 CLAS E13 V:3,4 LAB LD_DECON_1",Construcción Civil,2026-1
28696,CCL2422,4,Tecnología de los Materiales,Molina Paulo,"M:6 CLAS E13 J:5,6 CLAS E13",Construcción Civil,2026-1
28698,CCL2431,1,Construcción Circular,Ossio Felipe,"J:2,3,4 CLAS E10",Construcción Civil,2026-1
28699,CCL2431,2,Construcción Circular,Hernandez Hector,"J:2,3,4 CLAS AL4",Construcción Civil,2026-1
28701,CCL2432,1,Tecnología del Hormigón,"Silva Yimmy, Di Mambro David","L:5,6 LAB LD_DECON_1 M:5,6 CLAS C201 W:6 CLAS CS303",Construcción Civil,2026-1
28702,CCL2432,2,Tecnología del Hormigón,"Silva Yimmy, Di Mambro David","L:5,6 LAB LD_DECON_1 M:5,6 CLAS C201 W:6 CLAS CS303",Construcción Civil,2026-1
28703,CCL2432,3,Tecnología del Hormigón,"Silva Yimmy, Guzmán Camilo","L:5,6 CLAS E13 M:5,6 LAB LD_DECON_1 W:5 CLAS B23",Construcción Civil,2026-1
28704,CCL2432,4,Tecnología del Hormigón,"Silva Yimmy, Guzmán Camilo","L:5,6 CLAS E13 M:5,6 LAB LD_DECON_1 W:5 CLAS B23",Construcción Civil,2026-1
28705,CCL2432,5,Tecnología del Hormigón,"Silva Yimmy, Guzmán Camilo","L:5,6 CLAS E13 W:5 CLAS B23 J:5,6 LAB LD_DECON_1",Construcción Civil,2026-1
31141,CCL2432,6,Tecnología del Hormigón,"Silva Yimmy, Guzmán Camilo","L:5,6 CLAS AP005 W:5 CLAS B23 J:5,6 LAB LD_DECON_1",Construcción Civil,2026-1
32055,CCL2432,7,Tecnología del Hormigón,"Silva Yimmy, Di Mambro David","M:5,6 CLAS C201 W:6 CLAS CS303 V:5,6 LAB E17",Construcción Civil,2026-1
32202,CCL2432,8,Tecnología del Hormigón,Silva Yimmy,"M:5,6 CLAS C201 W:6 CLAS CS303",Construcción Civil,2026-1
28708,CCL2433,1,Análisis de Datos Aplicado a la Construcción,Bravo Monica,"L:1 LAB CC10 W:1 CLAS E15 V:1,2 CLAS E12",Construcción Civil,2026-1
28709,CCL2433,2,Análisis de Datos Aplicado a la Construcción,Aravena Ricardo,"L:1 LAB CC200 W:1 CLAS C203 V:1,2 CLAS AL4",Construcción Civil,2026-1
34105,CCL2433,3,Análisis de Datos Aplicado a la Construcción,Guevara Ingrid,"L:1 TAL C100 W:1 CLAS C204 V:1,2 CLAS C204",Construcción Civil,2026-1
28487,CCL2434,1,Investigación de Operaciones,Lemus José,"M:3,4 CLAS CC200",Construcción Civil,2026-1
28494,CCL2434,2,Investigación de Operaciones,Lemus José,"V:5,6 CLAS CC200",Construcción Civil,2026-1
28495,CCL2435,1,Fundamentos de Seguridad en la Construcción,Olmos Rafael,"M:1,2 CLAS E13",Construcción Civil,2026-1
28496,CCL2435,2,Fundamentos de Seguridad en la Construcción,Herrera Rafael,"M:1,2 CLAS E12",Construcción Civil,2026-1
29348,CCL2441,1,Topografía,"Garrido Washington, González Camilo","M:1 CLAS E11 J:1,2 CLAS E13 V:1,2 TAL C100",Construcción Civil,2026-1
29349,CCL2441,2,Topografía,"Unda Luis, González Camilo","M:1 CLAS C302 J:1,2 CLAS E15 V:5,6 TAL C100",Construcción Civil,2026-1
29350,CCL2441,3,Topografía,"Unda Luis, González Camilo","M:1 CLAS C302 J:1,2 CLAS E15 V:5,6 TAL C100",Construcción Civil,2026-1
30559,CCL2441,4,Topografía,Garrido Washington,"M:1 CLAS E11 J:1,2 CLAS E13",Construcción Civil,2026-1
34064,CCL2441,5,Topografía,"Unda Luis, González Camilo","M:1 CLAS C302 J:1,2 CLAS E15 V:1,2 TAL C100",Construcción Civil,2026-1
29351,CCL2442,1,Fundamentos del Análisis Estructural,Maturana Pablo,"M:3,4 CLAS C003 J:3 CLAS C202 J:4 AYU C510",Construcción Civil,2026-1
32056,CCL2442,2,Fundamentos del Análisis Estructural,Maturana Pablo,"M:3,4 CLAS C003 J:3 CLAS C202 J:4 AYU E15",Construcción Civil,2026-1
29352,CCL2443,1,Hidráulica General,Ardiles Maxs,"L:1,2 CLAS E17",Construcción Civil,2026-1
32190,CCL2443,2,Hidráulica General,Ardiles Maxs,"J:5,6 CLAS C504",Construcción Civil,2026-1
29421,CCL2451,1,Fundamentos de Geotecnia,"Sanhueza Carola, López Moisés","L:3,4 CLAS E12 W:1,2 LAB LD_DECON_2 W:4 AYU E13",Construcción Civil,2026-1
29423,CCL2451,2,Fundamentos de Geotecnia,"Sanhueza Carola, López Moisés","L:3,4 CLAS E12 W:1,2 LAB LD_DECON_2 W:4 AYU E13",Construcción Civil,2026-1
29424,CCL2451,3,Fundamentos de Geotecnia,"Sanhueza Carola, López Moisés","L:1,2 LAB LD_DECON_2 W:3,4 CLAS E15 V:4 AYU E15",Construcción Civil,2026-1
29425,CCL2451,4,Fundamentos de Geotecnia,"Sanhueza Carola, López Moisés","L:1,2 LAB LD_DECON_2 W:3,4 CLAS E15 V:4 AYU E15",Construcción Civil,2026-1
29426,CCL2451,5,Fundamentos de Geotecnia,Sanhueza Carola,"L:3,4 CLAS E12 W:4 AYU E13",Construcción Civil,2026-1
31170,CCL2451,6,Fundamentos de Geotecnia,Sanhueza Carola,"W:3,4 CLAS E15 V:4 AYU E15",Construcción Civil,2026-1
29356,CCL2452,1,Comportamiento Estructural,Narváez Cristian,"M:5,6 CLAS E12 J:5 CLAS AUD_J J:6 AYU E17",Construcción Civil,2026-1
29357,CCL2452,2,Comportamiento Estructural,Narváez Cristian,"M:3 CLAS E14 M:4 AYU E14 J:3,4 CLAS E12",Construcción Civil,2026-1
32642,CCL2452,3,Comportamiento Estructural,Narváez Cristian,"M:5,6 CLAS E12 J:5 CLAS AUD_J J:6 AYU SEM_6_P4",Construcción Civil,2026-1
31129,CCL2461,1,Geotecnia Aplicada,Sanhueza Carola,"V:3,4 CLAS E12",Construcción Civil,2026-1
31130,CCL2462,1,"Estructura, Materialidad y Procesos Constructivos","Maturana Pablo, Letelier Julio, Madariaga Cristian","M:5,6 CLAS E14 J:5,6 TAL E14",Construcción Civil,2026-1
31132,CCL2463,1,Fundamentos del Análisis Financiero y Contable,Urrutia Jonathan,"W:5,6 CLAS E12",Construcción Civil,2026-1
31174,CCL2464,1,Instalaciones de Gas y Electricidad,"Rebolledo Cristobal, Gallegos Joel","M:1,2 CLAS C501 J:1,2 TAL E17",Construcción Civil,2026-1
31177,CCL2464,2,Instalaciones de Gas y Electricidad,"Rebolledo Cristobal, Gallegos Joel","M:1,2 CLAS E16 J:1,2 TAL K302",Construcción Civil,2026-1
31178,CCL2471,1,Gestión de Proyectos,Mesa Harrison,"M:3,4 CLAS E12 J:4 CLAS E14",Construcción Civil,2026-1
32191,CCL2471,2,Gestión de Proyectos,Ortega Jesus,"M:7,8 CLAS E14 J:7 CLAS E12",Construcción Civil,2026-1
31179,CCL2472,1,Terminaciones y Componentes en Edificación,Ravanal Efren,"M:1,2 CLAS E15",Construcción Civil,2026-1
32192,CCL2472,2,Terminaciones y Componentes en Edificación,Ravanal Efren,"J:1,2 CLAS E12",Construcción Civil,2026-1
31181,CCL2473,1,"Programación, Optimización y Control de Proyectos","Gimenez Zulay, Hernandez Hector","L:3,4 CLAS E14 W:3,4 TAL CC200",Construcción Civil,2026-1
32193,CCL2473,2,"Programación, Optimización y Control de Proyectos","Gimenez Zulay, Hernandez Hector","W:5,6 CLAS C204 V:5,6 TAL CC10",Construcción Civil,2026-1
31182,CCL2475,1,Instalaciones Sanitarias y de Climatización,"Hernandez Victor, Astorga Leandro","L:1,2 CLAS E12 W:1,2 TAL E12",Construcción Civil,2026-1
31183,CCL2475,2,Instalaciones Sanitarias y de Climatización,"Hernandez Victor, Astorga Leandro","L:1,2 CLAS E16 W:1,2 TAL E17",Construcción Civil,2026-1
32194,CCL2481,1,Administración de Obras,"Aburto Adolfo, Carrera Néstor, Madariaga Cristian","L:7,8 CLAS E12 W:7,8 TAL CC10",Construcción Civil,2026-1
32195,CCL2482,1,Sistemas para Obras de Infraestructura,Rueda Eduardo,"L:5,6 CLAS E16 W:5 CLAS E15",Construcción Civil,2026-1
32196,CCL2483,1,Habitabilidad y Sostenibilidad Energética,Meza Leonardo,"M:5,6 CLAS E11 J:5 CLAS E12",Construcción Civil,2026-1
32197,CCL2483,2,Habitabilidad y Sostenibilidad Energética,Meza Leonardo,"M:5,6 CLAS E11 J:5 CLAS E12",Construcción Civil,2026-1
32198,CCL2484,1,Transformación Digital en la Industria de la Construcción,"Linares Daniel, Castillo Eduardo","M:3,4 CLAS E17 J:3,4 TAL CC200",Construcción Civil,2026-1
32199,CCL2491,1,Taller de Desafíos en Construcción,"Calvetti Diego, Fresno Enrique","M-J:5,6 TAL AUD_DECON",Construcción Civil,2026-1
32200,CCL2492,1,Evaluación de Proyectos,Vidal Felipe,"M:3,4 CLAS E16 J:4 CLAS E17",Construcción Civil,2026-1
32201,CCL2492,2,Evaluación de Proyectos,Palominos Paola,"M:3,4 CLAS C202 J:4 CLAS C204",Construcción Civil,2026-1
31615,CCO3321,1,Construcción en Emergencia,Yañez Freddy,"M:5,6 CLAS AE103",Construcción Civil,2026-1
26307,CCO3807,1,Liderazgo Efectivo y Sostenibilidad Empresarial,"Frederick Pablo, Ramos Rodrigo","L:8,9 CLAS SIN SALA",Construcción Civil,2026-1
33876,CCO3808,1,Tecnologias de la Informacion para la Toma de Decisiones en Construccion,Vidal Felipe,"W:8,9 CLAS SIN SALA",Construcción Civil,2026-1
31201,CCO3819,1,Fisica de la Construccion,Meza Leonardo,"M:1,2 CLAS C300",Construcción Civil,2026-1
34088,CCO3825,1,Tecnologias Especiales en Pavimentos,Rueda Eduardo,"M:8,9 CLAS SIN SALA",Construcción Civil,2026-1
13850,CCO3827,1,Acustica en la Edificacion,"Meza Leonardo, Delannoy Jaime","M:8,9 CLAS SIN SALA",Construcción Civil,2026-1
22561,CCO3829,1,Gestión de Riesgos de Seguridad y Salud en el Trabajo,Olmos Rafael,"V:1,2 CLAS E16",Construcción Civil,2026-1
17460,CCO3834,1,Actividad Integradora de Graduación,Fuentes Mikel,: SUP SIN SALA,Construcción Civil,2026-1
16539,CCO3835,1,Construcción de Infraestructura Vial: Puentes y Túneles,"Marquez Marcelo, Por Fijar","W:8,9 CLAS SIN SALA",Construcción Civil,2026-1
22562,CCO3839,1,Industria Inmobiliaria,"Salgado Andres, Barahona Alberto, Bayard Víctor","J:8,9 CLAS SIN SALA",Construcción Civil,2026-1
21226,CCO3840,1,Lean Project Delivery en Proyectos de Construcción,Mesa Harrison,"M:8,9 CLAS SIN SALA",Construcción Civil,2026-1
33881,CCO3841,1,Bim para la Construcción,Linares Daniel,"J:8,9 CLAS SIN SALA",Construcción Civil,2026-1
33882,CCO3841,2,Bim para la Construcción,Linares Daniel,"V:3,4 CLAS C100",Construcción Civil,2026-1
26174,CCO3842,1,Innovación e Industrialización en la Construcción,"Fuentes Mikel, Hernandez Hector","L:8,9 CLAS SIN SALA",Construcción Civil,2026-1
31203,CCO3852,1,Gestión de Calidad en Proyectos de Construcción,Maturana Pablo,"W:8,9 CLAS SIN SALA",Construcción Civil,2026-1
31204,CCO3854,1,Métodos para la Generación de Valor en Proyectos de Construcción,Gimenez Zulay,"L:8,9 CLAS SIN SALA",Construcción Civil,2026-1
13856,CCO3901,1,Desarrollo Sustentable,Behar Nicolás,"L:8,9 CLAS SIN SALA",Construcción Civil,2026-1
34089,CCO3903,1,Formas Resistentes en Madera,Rodriguez Gonzalo,"J:8,9 CLAS C300",Construcción Civil,2026-1
26053,DPT5000,1,Acondicionamiento Fisico Con Pesas I,Montoya David,L-W-V:2 CLAS S-PESAS,Deportes,2026-1
12245,DPT5000,2,Acondicionamiento Fisico Con Pesas I,Castro Paulo,L-W-V:5 CLAS S-PESAS,Deportes,2026-1
12232,DPT5000,3,Acondicionamiento Fisico Con Pesas I,Montoya David,L-W-V:1 CLAS S-PESAS,Deportes,2026-1
12220,DPT5000,4,Acondicionamiento Fisico Con Pesas I,Castro Paulo,L-W-V:4 CLAS S-PESAS,Deportes,2026-1
12238,DPT5000,5,Acondicionamiento Fisico Con Pesas I,Avalos Jorge,L-M:6 CLAS S-PESAS J:5 CLAS S-PESAS,Deportes,2026-1
19139,DPT5000,6,Acondicionamiento Fisico Con Pesas I,Montoya David,L-W-V:3 CLAS S-PESAS,Deportes,2026-1
24843,DPT5000,7,Acondicionamiento Fisico Con Pesas I,Lopez Eduardo,"M:2,3 CLAS S-PESAS J:3 CLAS S-PESAS",Deportes,2026-1
24844,DPT5000,8,Acondicionamiento Fisico Con Pesas I,Lopez Eduardo,M-J:4 CLAS S-PESAS V:3 CLAS S-PESAS,Deportes,2026-1
26097,DPT5000,9,Acondicionamiento Fisico Con Pesas I,Lopez Eduardo,M-J-V:1 CLAS S-PESAS,Deportes,2026-1
27737,DPT5000,10,Acondicionamiento Fisico Con Pesas I,Horta Nicolas,L-W-V:4 CLAS AREA VERDE,Deportes,2026-1
31993,DPT5000,11,Acondicionamiento Fisico Con Pesas I,Avalos Jorge,L-W:5 CLAS S-PESAS J:6 CLAS S-PESAS,Deportes,2026-1
31994,DPT5000,12,Acondicionamiento Fisico Con Pesas I,Avalos Jorge,M-V:5 CLAS S-PESAS W:6 CLAS S-PESAS,Deportes,2026-1
19823,DPT5050,1,Entrenamiento Pesas Libres Halterofilia I,Castro Paulo,L-W-V:2 CLAS MULTICANCH,Deportes,2026-1
19826,DPT5050,2,Entrenamiento Pesas Libres Halterofilia I,Castro Paulo,L-W-V:3 CLAS MULTICANCH,Deportes,2026-1
12264,DPT5100,1,Atletismo I,San Jose Gerardo,L-W-V:1 CLAS P-ATLETICA,Deportes,2026-1
12257,DPT5100,2,Atletismo I,San Jose Gerardo,L-W-V:2 CLAS P-ATLETICA,Deportes,2026-1
16207,DPT5100,3,Atletismo I,San Jose Gerardo,L-W-V:3 CLAS P-ATLETICA,Deportes,2026-1
20201,DPT5200,1,Basquetbol I,Luvizetto Juan,L-M-J:3 CLAS GIMNASIO B,Deportes,2026-1
26105,DPT5205,1,Básquetbol Mujeres I,Luvizetto Juan,L-M-J:1 CLAS GIMNASIO B,Deportes,2026-1
24947,DPT5206,1,Básquetbol Hombres I,Luvizetto Juan,L-M-J:4 CLAS GIMNASIO B,Deportes,2026-1
26104,DPT5251,1,Básquetbol II,Luvizetto Juan,L-M-J:2 CLAS GIMNASIO B,Deportes,2026-1
26106,DPT5453,1,Fútbol I,Valenzuela Walter,L-W-V:4 CLAS GIMNASIO B,Deportes,2026-1
26107,DPT5453,2,Fútbol I,Pozo Fernando,M:1 CLAS C-FUTBOL W-V:3 CLAS C-FUTBOL,Deportes,2026-1
26109,DPT5453,4,Fútbol I,Pozo Fernando,L-M-J:2 CLAS C-FUTBOL,Deportes,2026-1
26110,DPT5453,5,Fútbol I,Pozo Fernando,L-M-J:3 CLAS C-FUTBOL,Deportes,2026-1
24949,DPT5454,1,Fútbol Mujeres I,Acevedo Sebastian,L-W-V:3 CLAS C-FUTBOL,Deportes,2026-1
30876,DPT5454,2,Fútbol Mujeres I,Acevedo Sebastian,L-W-V:4 CLAS C-FUTBOL,Deportes,2026-1
31125,DPT5454,3,Fútbol Mujeres I,Acevedo Sebastian,L-W-V:2 CLAS C-FUTBOL,Deportes,2026-1
27739,DPT5456,1,Fútbol II,Pellicer Pablo,M-W-J:5 CLAS C-FUTBOL,Deportes,2026-1
12410,DPT5502,1,Preparación Física y Recreación I,Gomez Edmundo,L-W-V:3 CLAS AREA VERDE,Deportes,2026-1
12452,DPT5502,2,Preparación Física y Recreación I,Gomez Edmundo,L-W-V:4 CLAS AREA VERDE,Deportes,2026-1
12417,DPT5502,3,Preparación Física y Recreación I,Lopez Eduardo,L-W-V:4 CLAS AREA VERDE,Deportes,2026-1
12465,DPT5502,5,Preparación Física y Recreación I,Acevedo Sebastian,L-W-V:6 CLAS AREA VERDE,Deportes,2026-1
12431,DPT5502,6,Preparación Física y Recreación I,Montoya David,L-M-J:4 CLAS AREA VERDE,Deportes,2026-1
12424,DPT5502,7,Preparación Física y Recreación I,Miranda Hugo,L-W-V:1 CLAS AREA VERDE,Deportes,2026-1
12445,DPT5502,8,Preparación Física y Recreación I,Gomez Edmundo,L-W-V:1 CLAS AREA VERDE,Deportes,2026-1
12438,DPT5502,9,Preparación Física y Recreación I,Horta Nicolas,L-W-V:3 CLAS AREA VERDE,Deportes,2026-1
16253,DPT5502,13,Preparación Física y Recreación I,Miranda Hugo,L:4 CLAS AREA VERDE M-J:3 CLAS AREA VERDE,Deportes,2026-1
20065,DPT5502,15,Preparación Física y Recreación I,Acevedo Sebastian,L-W-V:5 CLAS AREA VERDE,Deportes,2026-1
25039,DPT5705,1,Gimnasia Aeróbica I,Vargas Ana,M-J:3 CLAS CORPORAL2 V:1 CLAS CORPORAL2,Deportes,2026-1
25042,DPT5705,3,Gimnasia Aeróbica I,Vargas Ana,L-W:3 CLAS CORPORAL1 V:2 CLAS CORPORAL1,Deportes,2026-1
25060,DPT5755,1,Gimnasia Aeróbica Step I,Vargas Ana,L-W:4 CLAS CORPORAL1 V:3 CLAS CORPORAL1,Deportes,2026-1
25062,DPT5755,2,Gimnasia Aeróbica Step I,Vargas Ana,M-J:4 CLAS CORPORAL1 S:2 CLAS CORPORAL1,Deportes,2026-1
28889,DPT5756,1,Gimnasia Aeróbica Step A+S,Vargas Ana,M-W-J:6 CLAS CORPORAL1,Deportes,2026-1
26120,DPT5806,1,Balonmano Mujeres I,Valdebenito Francisco,L-M-J:2 CLAS MULTICANCH,Deportes,2026-1
27847,DPT5806,2,Balonmano Mujeres I,Valdebenito Francisco,L-M-J:3 CLAS MULTICANCH,Deportes,2026-1
26118,DPT5807,1,Balonmano Hombres I,Valdebenito Francisco,L-M-J:1 CLAS MULTICANCH,Deportes,2026-1
27848,DPT5807,2,Balonmano Hombres I,Valdebenito Francisco,L-M-J:4 CLAS MULTICANCH,Deportes,2026-1
25032,DPT5901,1,Gimnasia Artistíca I,Cubillos Felipe,L-W-V:1 CLAS GIMNASIO B,Deportes,2026-1
26121,DPT5901,2,Gimnasia Artistíca I,Cubillos Felipe,L-W-V:2 CLAS GIMNASIO B,Deportes,2026-1
12568,DPT6000,1,Judo I,Parra Luis,W-V:2 CLAS DOJO J:4 CLAS DOJO,Deportes,2026-1
12560,DPT6000,2,Judo I,Parra Luis,M-W-V:4 CLAS DOJO,Deportes,2026-1
12553,DPT6000,3,Judo I,Parra Luis,M-V:6 CLAS DOJO W:5 CLAS DOJO,Deportes,2026-1
26122,DPT6051,1,Judo II,Parra Luis,L-W-J:6 CLAS DOJO,Deportes,2026-1
12581,DPT6100,1,Judo Defensa Personal,Parra Luis,W-J-V:3 CLAS DOJO,Deportes,2026-1
12586,DPT6100,2,Judo Defensa Personal,Parra Luis,M-J-V:5 CLAS DOJO,Deportes,2026-1
21944,DPT6150,1,Karate I,Chirino Ramiro,L-M:6 CLAS GIMNASIO B J:1 CLAS GIMNASIO B,Deportes,2026-1
29680,DPT6150,2,Karate I,Chirino Ramiro,L:7 CLAS GIMNASIO B W:1 CLAS GIMNASIO B V:6 CLAS GIMNASIO B,Deportes,2026-1
19820,DPT6270,1,Escalada Deportiva Nivel I,Serey Felipe,L-W-V:3 CLAS BOULDER,Deportes,2026-1
29609,DPT6270,2,Escalada Deportiva Nivel I,Serey Felipe,L-W-V:4 CLAS BOULDER,Deportes,2026-1
31124,DPT6270,3,Escalada Deportiva Nivel I,Serey Felipe,L-W-V:2 CLAS BOULDER,Deportes,2026-1
17732,DPT6300,1,Natación I,Vecilla Dayenu,L-W-V:4 CLAS PISCINA,Deportes,2026-1
27745,DPT6300,2,Natación I,Terreros Luz,L-W-V:5 CLAS PISCINA,Deportes,2026-1
26124,DPT6300,3,Natación I,Terreros Luz,M-J-S:3 CLAS PISCINA,Deportes,2026-1
17735,DPT6300,4,Natación I,Toledo Claudio,L-W-V:4 CLAS PISCINA,Deportes,2026-1
17736,DPT6300,5,Natación I,Vecilla Dayenu,L-W-V:2 CLAS PISCINA,Deportes,2026-1
28895,DPT6300,6,Natación I,Terreros Luz,M-J-S:2 CLAS PISCINA,Deportes,2026-1
17739,DPT6300,8,Natación I,Toledo Claudio,L-W-V:3 CLAS PISCINA,Deportes,2026-1
17740,DPT6300,9,Natación I,Terreros Luz,M-J:5 CLAS PISCINA V:6 CLAS PISCINA,Deportes,2026-1
27514,DPT6302,1,Natación II,Vecilla Dayenu,L-W-V:3 CLAS PISCINA,Deportes,2026-1
27515,DPT6302,2,Natación II,Toledo Claudio,L-W-V:2 CLAS PISCINA,Deportes,2026-1
30874,DPT6302,3,Natación II,Terreros Luz,L-W-V:1 CLAS PISCINA,Deportes,2026-1
33346,DPT6302,4,Natación II,Terreros Luz,M-J-S:1 CLAS PISCINA,Deportes,2026-1
26128,DPT6381,3,Fútbol Sala I,Pozo Fernando,L-V:4 CLAS GIMNASIO A J:1 CLAS GIMNASIO A,Deportes,2026-1
26129,DPT6381,4,Fútbol Sala I,Pozo Fernando,M-W-J:4 CLAS GIMNASIO A,Deportes,2026-1
26131,DPT6381,6,Fútbol Sala I,Guerra Jorge,M-J-V:5 CLAS GIMNASIO A,Deportes,2026-1
31302,DPT6382,1,Fútbol Sala Mujeres I,Pozo Fernando,L:1 CLAS GIMNASIO A W-V:2 CLAS GIMNASIO A,Deportes,2026-1
26161,DPT6400,1,Rugby I,Barra Daniel,M-J-V:3 CLAS C- RUGBY,Deportes,2026-1
26162,DPT6400,2,Rugby I,Gomez Edmundo,L-W-V:2 CLAS C- RUGBY,Deportes,2026-1
26392,DPT6400,3,Rugby I,Barra Daniel,M-J-V:4 CLAS C- RUGBY,Deportes,2026-1
12745,DPT6500,1,Tenis I,Soar Iván,L-W-V:1 CLAS C_TENIS_DU,Deportes,2026-1
26135,DPT6500,2,Tenis I,Miranda Hugo,M-J-V:4 CLAS C_TENIS_DU,Deportes,2026-1
26136,DPT6500,3,Tenis I,Soar Iván,L-W-V:3 CLAS C_TENIS_DU,Deportes,2026-1
12703,DPT6500,4,Tenis I,Soar Iván,L:4 CLAS C_TENIS_DU M-J:6 CLAS C_TENIS_DU,Deportes,2026-1
26137,DPT6500,5,Tenis I,Miranda Hugo,M-J:2 CLAS C_TENIS_DU W:5 CLAS C_TENIS_DU,Deportes,2026-1
12708,DPT6500,6,Tenis I,Soar Iván,L-M-J:5 CLAS C_TENIS_DU,Deportes,2026-1
27750,DPT6500,7,Tenis I,Miranda Hugo,L-W-V:2 CLAS C_TENIS_DU,Deportes,2026-1
26138,DPT6555,1,Tenis II,Soar Iván,L-W-V:2 CLAS C_TENIS_DU,Deportes,2026-1
27754,DPT6555,2,Tenis II,Miranda Hugo,L-W-V:3 CLAS C_TENIS_DU,Deportes,2026-1
12774,DPT6560,1,Tenis de Mesa I,Fredes Rafael,L-W-V:5 CLAS GIMNASIO B,Deportes,2026-1
17776,DPT6700,1,Voleibol I,Osorio Patricio,L-W-V:1 CLAS GIMNASIO B,Deportes,2026-1
20202,DPT6700,2,Voleibol I,Osorio Patricio,L-W-V:2 CLAS GIMNASIO B,Deportes,2026-1
25033,DPT6700,3,Voleibol I,Salinas José,L-W-V:3 CLAS GIMNASIO B,Deportes,2026-1
26145,DPT6700,4,Voleibol I,Salinas José,L-W:6 CLAS GIMNASIO B V:5 CLAS GIMNASIO B,Deportes,2026-1
31310,DPT6755,1,Voleibol II,Salinas José,L-W:5 CLAS GIMNASIO B V:4 CLAS GIMNASIO B,Deportes,2026-1
21843,DPT6760,1,Vóleibol Playa I,Osorio Patricio,L-W-V:5 CLAS VB. PLAYA,Deportes,2026-1
21906,DPT6760,2,Vóleibol Playa I,Osorio Patricio,L-W-V:6 CLAS VB. PLAYA,Deportes,2026-1
27755,DPT6760,3,Vóleibol Playa I,Osorio Patricio,L-W-V:3 CLAS VB. PLAYA,Deportes,2026-1
27756,DPT6760,4,Vóleibol Playa I,Salinas José,L-W-V:2 CLAS VB. PLAYA,Deportes,2026-1
26144,DPT6805,1,Hockey Césped I,Barra Daniel,M-J-V:1 CLAS C-SINTETIC,Deportes,2026-1
25035,DPT6805,2,Hockey Césped I,Barra Daniel,M-J-V:2 CLAS C-SINTETIC,Deportes,2026-1
12817,DPT6900,1,Ajedrez I,Chavez Bastian,"W:6 CLAS S_SPINNING V:5,6 CLAS S_SPINNING",Deportes,2026-1
26177,DPT7005,1,Selección de Ajedrez,Valdes Alvaro,: CLAS S_SPINNING,Deportes,2026-1
26178,DPT7055,1,Selección de Atletismo Mujeres,San Jose Gerardo,: CLAS P-ATLETICA,Deportes,2026-1
26179,DPT7060,1,Selección de Atletismo Hombres,San Jose Gerardo,: CLAS P-ATLETICA,Deportes,2026-1
26180,DPT7160,1,Selección de Básquetbol Muejeres,Luvizetto Juan,: CLAS GIMNASIO A,Deportes,2026-1
26181,DPT7170,1,Selección de Básquetbol Hombres,Sandoval Luis,: CLAS GIMNASIO A,Deportes,2026-1
26182,DPT7260,1,Selección de Fútbol Mujeres,Perez Jorge,: CLAS C-FUTBOL,Deportes,2026-1
26183,DPT7270,1,Selección de Fútbol Hombres,Pellicer Pablo,: CLAS C-FUTBOL,Deportes,2026-1
26186,DPT7355,1,Selección de Balonmano Mujeres,Ortiz Rodrigo,: CLAS GIMNASIO A,Deportes,2026-1
26196,DPT7360,1,Selección de Balonmano Hombres,Valdebenito Francisco,: CLAS GIMNASIO A,Deportes,2026-1
26197,DPT7375,1,Selección de Escalada Deportiva Hombres,Serey Felipe,: CLAS BOULDER,Deportes,2026-1
26199,DPT7380,1,Selección de Escalada Deportiva Mujeres,Serey Felipe,: CLAS BOULDER,Deportes,2026-1
26204,DPT7460,1,Selección de Judo Hombres,Parra Luis,: CLAS DOJO,Deportes,2026-1
26205,DPT7470,1,Selección de Judo Mujeres,Parra Luis,: CLAS DOJO,Deportes,2026-1
26208,DPT7525,1,Seleción de Karate Mujeres,Chirino Ramiro,: CLAS GIMNASIO B,Deportes,2026-1
26209,DPT7535,1,Selección de Karate Hombres,Chirino Ramiro,: CLAS GIMNASIO B,Deportes,2026-1
26212,DPT7665,1,Selección de Gimnasia Artística Mujeres,Cubillos Felipe,: CLAS GIMNASIO B,Deportes,2026-1
26213,DPT7675,1,Selección de Gimnasia Artística Hombres,Cubillos Felipe,: CLAS GIMNASIO B,Deportes,2026-1
26214,DPT7710,1,Selección de Gimansia Rítmica,Torres Karina,: CLAS GIMNASIO B,Deportes,2026-1
26216,DPT7815,1,Selección de Natación Mujeres,Toledo Claudio,: CLAS PISCINA,Deportes,2026-1
26217,DPT7825,1,Selección de Natación Hombres,Toledo Claudio,: CLAS PISCINA,Deportes,2026-1
26219,DPT7875,1,Selección de Tenis Hombres,Miranda Hugo,: CLAS C-TENIS,Deportes,2026-1
26218,DPT7885,1,Selección de Tenis Mujeres,Miranda Hugo,: CLAS C-TENIS,Deportes,2026-1
26221,DPT7915,1,Selección de Tenis de Mesa Mujeres,Sepulveda Manuel,: CLAS GIMNASIO B,Deportes,2026-1
26222,DPT7925,1,Selección de Tenis de Mesa Hombres,Sepulveda Manuel,: CLAS GIMNASIO B,Deportes,2026-1
26223,DPT7955,1,Selección de Vóleibol Hombres,Salinas José,: CLAS GIMNASIO B,Deportes,2026-1
26224,DPT7960,1,Selección de Vóleibol Mujeres,Saez Tamara,: CLAS GIMNASIO B,Deportes,2026-1
26225,DPT8025,1,Selección de Vóleibol Playa Mujeres,Osorio Patricio,: CLAS VB. PLAYA,Deportes,2026-1
26226,DPT8035,1,Selección de Vóleibol Playa Hombres,Osorio Patricio,: CLAS VB. PLAYA,Deportes,2026-1
26227,DPT8065,1,Selección de Rugby Mujeres,Gomez Edmundo,: CLAS C- RUGBY,Deportes,2026-1
26228,DPT8075,1,Selección de Rugby Hombres,Alvarado Jorge,: CLAS C- RUGBY,Deportes,2026-1
26230,DPT8110,1,Selección de Hockey Césped Mujeres,Barra Daniel,: CLAS C-SINTETIC,Deportes,2026-1
26231,DPT8165,1,Selección de Cross Country Mujeres,Diaz Cesar,: CLAS AREA VERDE,Deportes,2026-1
26232,DPT8175,1,Selección de Cross Country Hombres,Diaz Cesar,: CLAS AREA VERDE,Deportes,2026-1
26233,DPT8310,1,Selección de Fútbol Sala Mujeres,Ibarra Hugo,: CLAS GIMNASIO A,Deportes,2026-1
26235,DPT8315,1,Selección de Fútbol Sala Hombres,Guerra Jorge,: CLAS GIMNASIO A,Deportes,2026-1
26237,DPT8415,1,Selección de Halterofilia Mujeres,Castro Paulo,: CLAS S-PESAS,Deportes,2026-1
26238,DPT8425,1,Selección de Halterofilia Hombres,Castro Paulo,: CLAS S-PESAS,Deportes,2026-1
26236,DPT8455,1,Selección Deportiva No Tradicional,Gajardo Guillermo,: CLAS SIN SALA,Deportes,2026-1
32951,DPT9002,1,Hidrogimnasia al Servicio de la Comunidad,Terreros Luz,M-J-V:4 CLAS PISCINA,Deportes,2026-1
32956,DPT9004,1,Fútbol Sala II al Servicio de la Comunidad,Guerra Jorge,M-J-V:6 CLAS GIMNASIO A,Deportes,2026-1
26150,DPT9015,1,Expresión Corporal y Foclor I,Martinez Ana,L:2 CLAS CORPORAL1 W-V:1 CLAS CORPORAL1,Deportes,2026-1
26151,DPT9015,2,Expresión Corporal y Foclor I,Martinez Ana,L:3 CLAS CORPORAL1 W-V:2 CLAS CORPORAL1,Deportes,2026-1
26152,DPT9015,3,Expresión Corporal y Foclor I,Martinez Ana,L:4 CLAS CORPORAL1 W-V:3 CLAS CORPORAL1,Deportes,2026-1
26153,DPT9015,4,Expresión Corporal y Foclor I,Martinez Ana,L:5 CLAS CORPORAL1 W-V:4 CLAS CORPORAL1,Deportes,2026-1
26154,DPT9035,1,"Liderazgo, Juegos y Recreación I",Ibanez Luis,L-W-V:1 CLAS C-SINTETIC,Deportes,2026-1
26155,DPT9035,2,"Liderazgo, Juegos y Recreación I",Ibanez Luis,L-W-V:2 CLAS C-SINTETIC,Deportes,2026-1
26156,DPT9035,3,"Liderazgo, Juegos y Recreación I",Rojas Cristian,L-M-J:3 CLAS AREA VERDE,Deportes,2026-1
26157,DPT9035,4,"Liderazgo, Juegos y Recreación I",Rojas Cristian,L-M-J:4 CLAS AREA VERDE,Deportes,2026-1
27845,DPT9035,5,"Liderazgo, Juegos y Recreación I",Rojas Cristian,L-M-J:5 CLAS AREA VERDE,Deportes,2026-1
30289,DPT9035,6,"Liderazgo, Juegos y Recreación I",Rojas Cristian,L-M-J:6 CLAS AREA VERDE,Deportes,2026-1
31523,DPT9035,7,"Liderazgo, Juegos y Recreación I",Cortes Veronica,"L:5,6 CLAS SIN SALA M:6 CLAS SIN SALA",Deportes,2026-1
26158,DPT9045,1,"Actividad Física, Deporte y Salud",Serrano Andres,M-J:4 CLAS C403,Deportes,2026-1
26159,DPT9055,1,"Intro a la Práctica Deportiva para Personas Con Discapacidad Visual, Motora e Intelectual Niv Básico",Carvajal Maria,"W:6,7 CLAS AREA VERDE",Deportes,2026-1
32967,DPT9056,1,Deporte Adaptado e Inclusión al Servicio de la Comunidad,Carvajal Maria,"M:5,6 CLAS C304",Deportes,2026-1
30860,DPT9065,2,"Embajadores de Cambio, para Una Vida Activa",Vargas Ana,M-J:5 CLAS CORPORAL2 V:4 CLAS CORPORAL2,Deportes,2026-1
32215,DPT9100,1,Taichi y Cultura Tradicional China,Boisseranc Aznous,"M:3 CLAS R201 J:2,3 CLAS R205",Deportes,2026-1
32939,DPT9105,1,Danza Estilo Libre,Ortiz Denisse,L-M-J:1 CLAS CORPORAL1,Deportes,2026-1
32945,DPT9105,2,Danza Estilo Libre,Ortiz Denisse,L-M-J:2 CLAS CORPORAL1,Deportes,2026-1
32947,DPT9105,3,Danza Estilo Libre,Ortiz Denisse,L-M-J:3 CLAS CORPORAL1,Deportes,2026-1
26160,DPT9335,1,Motricidad en el Ciclo Vital I,Marin Claudia,"L:7,8 CLAS D401 W:7 CLAS D401",Deportes,2026-1
33417,DPT9336,1,Motricidad en el Ciclo Vital al Servicio de la Comunidad,Marin Claudia,"W:8 CLAS C400 V:7,8 CLAS CS402",Deportes,2026-1
34191,DDE0001,1,Taller de Ética e Integridad en la Investigación,Widow Felipe,L:4 CLAS ALLENDE-1,Derecho,2026-1
31073,DDE3130,1,Introducción a la Investigación Jurídica,Wegmann Adolfo,L:3 CLAS SIN SALA,Derecho,2026-1
27579,DDE3137,1,Libertad de Expresión y Libertad de Cátedra,(Sin Profesores),,Derecho,2026-1
29225,DDE3137,2,Libertad de Expresión y Libertad de Cátedra,(Sin Profesores),,Derecho,2026-1
34132,DDE3139,1,Seminario de Preparación de Tesis Doctoral,Ossandon Maria,:2 CLAS SIN SALA,Derecho,2026-1
16380,DDE3140,1,Proyecto de Tesis Doctoral,Dirección Docente,: TES SIN SALA,Derecho,2026-1
17255,DDE3142,1,Tesis Doctoral I,Dirección Docente,: TES SIN SALA,Derecho,2026-1
20083,DDE3144,1,Tesis Doctoral III,Dirección Docente,: CLAS SIN SALA,Derecho,2026-1
19989,DDE3150,1,Autoría o Artículo Científico,Dirección Docente,"M:7,8 TES SIN SALA",Derecho,2026-1
22257,DDE3151,1,Pasantía,Dirección Docente,: TES SIN SALA,Derecho,2026-1
21973,DEL318,1,Derecho de la Comunicación,Leturia Francisco,"J:5,6 CLAS COM_103 V:3 AYU COM_103",Derecho,2026-1
16130,DER001C,1,Teoría del Acto Jurídico y Teoría de la Ley,"Correa Mario, Germain Andres",L-W-V:1 CLAS EDO_FREI_M,Derecho,2026-1
16132,DER001C,2,Teoría del Acto Jurídico y Teoría de la Ley,"Cifuentes Ramon, Dibarrart Miguel",L-W-V:1 CLAS S_PIÑERA_E,Derecho,2026-1
16121,DER001C,3,Teoría del Acto Jurídico y Teoría de la Ley,"Fernandez Gonzalo, Fontecilla Arturo",L-M-J:4 CLAS CAR_OVIEDO,Derecho,2026-1
16124,DER001C,4,Teoría del Acto Jurídico y Teoría de la Ley,"Eyzaguirre Cristobal, Allende Vicente",L-W-V:1 CLAS CLARO,Derecho,2026-1
16127,DER001C,5,Teoría del Acto Jurídico y Teoría de la Ley,"Gandarillas Cristian, Vergara Nicolas",L-W-V:1 CLAS CINE_CEX,Derecho,2026-1
17403,DER001C,6,Teoría del Acto Jurídico y Teoría de la Ley,Barrientos Marcelo,M-J:4 CLAS D402 W:2 CLAS D402,Derecho,2026-1
24803,DER001C,7,Teoría del Acto Jurídico y Teoría de la Ley,"Villaseca Roberto, Faúndes Fernando",L-W-V:1 CLAS COM_103,Derecho,2026-1
10842,DER001F,1,Derecho Romano I,Correa Mario,L-W:3 CLAS EDO_FREI_M,Derecho,2026-1
10831,DER001F,2,Derecho Romano I,Carvajal Patricio,L-W:3 CLAS A_201,Derecho,2026-1
10838,DER001F,3,Derecho Romano I,Amunategui Carlos,L-W:1 CLAS AUD-51,Derecho,2026-1
10856,DER001F,4,Derecho Romano I,Correa Mario,L-W:3 CLAS PLIRA,Derecho,2026-1
10849,DER001F,5,Derecho Romano I,Wegmann Adolfo,L-W:1 CLAS P_AYLWIN_A,Derecho,2026-1
16083,DER001F,6,Derecho Romano I,Schiele Claudia,L-W:1 CLAS A_102,Derecho,2026-1
23180,DER001F,7,Derecho Romano I,Rodriguez Javier,L-W:1 CLAS PLIRA,Derecho,2026-1
26357,DER001F,8,Derecho Romano I,Musso Benjamín,L-W:1 CLAS D402,Derecho,2026-1
16135,DER001L,1,Instituciones del Estado de Derecho Chileno,"Fermandois Arturo, Garcia Jose",M-J:2 CLAS S_PIÑERA_E W:5 CLAS RAULSILVAH,Derecho,2026-1
16138,DER001L,2,Instituciones del Estado de Derecho Chileno,"Fernandez Miguel, Parodi Alejandro",M-W-J:5 CLAS MATTE_CEX,Derecho,2026-1
16140,DER001L,3,Instituciones del Estado de Derecho Chileno,Rosales Cecilia,M-J:2 CLAS PLIRA W:5 CLAS EDO_FREI_M,Derecho,2026-1
16144,DER001L,4,Instituciones del Estado de Derecho Chileno,Soto Jose,M-J:2 CLAS MOSCATTI W:5 CLAS A_102,Derecho,2026-1
16146,DER001L,5,Instituciones del Estado de Derecho Chileno,Ovalle Alejandra,M-J:2 CLAS M7 W:5 CLAS P_AYLWIN_A,Derecho,2026-1
23219,DER001L,6,Instituciones del Estado de Derecho Chileno,Candia Gonzalo,M-J:2 CLAS M5 W:5 CLAS CELIAPEREZ,Derecho,2026-1
26360,DER001L,7,Instituciones del Estado de Derecho Chileno,"Pavez Maximo, Vodanovic Andres",M-J:2 CLAS JGUZMAN W:5 CLAS A_201,Derecho,2026-1
17033,DER001P,1,Derecho Penal Parte General I,Izquierdo Cristobal,L-M:4 CLAS AUD-81 W:3 CLAS RAULSILVAH,Derecho,2026-1
17034,DER001P,2,Derecho Penal Parte General I,Santibanez Maria,L-M-J:5 CLAS A_102,Derecho,2026-1
17035,DER001P,3,Derecho Penal Parte General I,Pina Juan,L-M-J:4 CLAS S_PIÑERA_E,Derecho,2026-1
17036,DER001P,4,Derecho Penal Parte General I,"Rosenblut Veronica, Aldoney Rodrigo",L-M-J:5 CLAS D402,Derecho,2026-1
17037,DER001P,5,Derecho Penal Parte General I,Ossandon Maria,L-M-J:4 CLAS RAULSILVAH,Derecho,2026-1
21000,DER001P,6,Derecho Penal Parte General I,"Riquelme Eduardo, Irarrazaval Cristian",L-M-J:5 CLAS JGUZMAN,Derecho,2026-1
17009,DER001R,1,Instituciones Procesales I,Machado Priscila,L-W-V:2 CLAS JGUZMAN,Derecho,2026-1
17008,DER001S,1,Derecho del Trabajo,"Tagle Teresita, Irureta Pedro",M-W-J:3 CLAS A_102,Derecho,2026-1
17007,DER002C,1,Personas y Bienes,Carmona Pedro,L-M-J:6 CLAS JGUZMAN,Derecho,2026-1
27808,DER002F,1,Derecho Romano II,Musso Benjamín,L-M-J:6 CLAS AUD-51,Derecho,2026-1
16150,DER002L,1,Derecho Internacional Público,Lopez Rafael,L-W-V:3 CLAS CLARO,Derecho,2026-1
16153,DER002L,2,Derecho Internacional Público,Paul Alvaro,L-M-V:3 CLAS ASILVA,Derecho,2026-1
16152,DER002L,3,Derecho Internacional Público,Cobo Nicolas,M-W:3 CLAS CINE_CEX J:4 CLAS PLIRA,Derecho,2026-1
16151,DER002L,4,Derecho Internacional Público,Paul Alvaro,"L:5,6 CLAS P_AYLWIN_A V:2 CLAS P_AYLWIN_A",Derecho,2026-1
16154,DER002L,5,Derecho Internacional Público,Rioseco Sebastian,L-W-V:3 CLAS A_301,Derecho,2026-1
16155,DER002L,6,Derecho Internacional Público,Rioseco Sebastian,L:4 CLAS A_301 W:6 CLAS A_201 V:2 CLAS A_301,Derecho,2026-1
24848,DER002L,7,Derecho Internacional Público,"Tagle Felipe, Chiappini Valeria",L-W-V:3 CLAS S_PIÑERA_E,Derecho,2026-1
31952,DER002N,1,Derecho Canónico,"Pimstein Maria, Celis Ana",M-W-J:2 CLAS COM_308,Derecho,2026-1
19003,DER002P,1,Derecho Penal Parte General II,Belmonte Matias,L-M-J:4 CLAS CLARO,Derecho,2026-1
23780,DER002P,2,Derecho Penal Parte General II,"Gajardo Tania, Contreras Sebastian",L-M-J:4 CLAS MATTE_CEX,Derecho,2026-1
17021,DER002R,1,Instituciones Procesales II,"Bertin Felipe, Balmaceda Jaime",L-V:2 CLAS S_PIÑERA_E W:6 CLAS JGUZMAN,Derecho,2026-1
17023,DER002R,2,Instituciones Procesales II,Luco Nicolas,L-W-V:2 CLAS A_102,Derecho,2026-1
17024,DER002R,3,Instituciones Procesales II,"Ilharreborde Jose, Vial Gonzalo",L-W-V:2 CLAS M8,Derecho,2026-1
17022,DER002R,4,Instituciones Procesales II,"Frias Nicolas, Roman Paulo",L-W-V:2 CLAS MSANTANDER,Derecho,2026-1
17025,DER002R,5,Instituciones Procesales II,"Martinez Patricio, Gutierrez Javiera",L:2 CLAS EDO_FREI_M M-W:6 CLAS EDO_FREI_M,Derecho,2026-1
26363,DER002R,6,Instituciones Procesales II,Machado Priscila,L-W-V:3 CLAS JGUZMAN,Derecho,2026-1
17015,DER003C,1,Obligaciones,Dominguez Carmen,L-M-W:3 CLAS COM_103,Derecho,2026-1
17016,DER003C,2,Obligaciones,"Verdugo Claudio, Cruz Luciano",L-W:1 CLAS CAR_OVIEDO J:3 CLAS COM_308,Derecho,2026-1
17017,DER003C,3,Obligaciones,Goldenberg Juan,L-W:1 CLAS RAULSILVAH J:3 CLAS PLIRA,Derecho,2026-1
17018,DER003C,4,Obligaciones,"Boetsch Cristian, Rios Jaime",L-W-V:1 CLAS A_301,Derecho,2026-1
17019,DER003C,5,Obligaciones,Alcalde Jaime,L-W-V:1 CLAS COM_308,Derecho,2026-1
26362,DER003C,6,Obligaciones,"Vives Alvaro, Hubner Felipe",L-W-V:1 CLAS B-101,Derecho,2026-1
10869,DER003F,1,Fundamentos Filosóficos del Derecho,Madrid Raul,L-M-W:3 CLAS P_AYLWIN_A,Derecho,2026-1
10887,DER003F,2,Fundamentos Filosóficos del Derecho,Widow Felipe,L-W-V:2 CLAS MOSCATTI,Derecho,2026-1
10880,DER003F,3,Fundamentos Filosóficos del Derecho,Ferrer Alvaro,L-W-V:3 CLAS MATTE_CEX,Derecho,2026-1
10875,DER003F,4,Fundamentos Filosóficos del Derecho,Lopez Antonio,L-M-V:3 CLAS RAULSILVAH,Derecho,2026-1
16089,DER003F,5,Fundamentos Filosóficos del Derecho,Bruna Leonardo,L-W-V:3 CLAS MSANTANDER,Derecho,2026-1
10862,DER003F,6,Fundamentos Filosóficos del Derecho,"Letelier Gonzalo, Bersezio Aldo",L-W-V:2 CLAS A_201,Derecho,2026-1
26358,DER003F,7,Fundamentos Filosóficos del Derecho,Recabarren Clemente,L-W-V:2 CLAS B-104,Derecho,2026-1
33884,DER003F,8,Fundamentos Filosóficos del Derecho,"Guijarro Sebastian, Squella Juan",L-W-V:2 CLAS RAULSILVAH,Derecho,2026-1
17010,DER003L,1,Derechos Fundamentales y Derechos Humanos,Ovalle Alejandra,M-W-J:3 CLAS M7,Derecho,2026-1
18986,DER003P,1,Derecho Penal Parte Especial,"Martorell Daniel, Salim-Hanna Roberto",L-J:4 CLAS P_AYLWIN_A M:5 CLAS D302,Derecho,2026-1
18987,DER003P,2,Derecho Penal Parte Especial,Van Weezel Alex,L-M-J:5 CLAS ASILVA,Derecho,2026-1
18988,DER003P,3,Derecho Penal Parte Especial,"Rivera Hugo, Bonacic Cristobal",L-M-J:4 CLAS A_102,Derecho,2026-1
18989,DER003P,4,Derecho Penal Parte Especial,"Galvez Jorge, Cortés José",L-M-J:4 CLAS D302,Derecho,2026-1
21005,DER003P,5,Derecho Penal Parte Especial,"Martorell Daniel, Krause Maria",L-M-J:4 CLAS D303,Derecho,2026-1
26366,DER003P,6,Derecho Penal Parte Especial,Ossandon Maria,L-M-J:6 CLAS ASILVA,Derecho,2026-1
19000,DER003R,1,Procedimientos Civiles I,"Niklitschek Alfredo, Correa Pablo",L-W-V:2 CLAS CLARO,Derecho,2026-1
19001,DER003R,2,Procedimientos Civiles I,"Bravo Maria, Zañartu Simon",L-W-V:2 CLAS CAR_OVIEDO,Derecho,2026-1
18998,DER004C,1,Fuentes de Obligaciones I,"Ossa Juan, Leal Patricia",L-W-V:1 CLAS FD-101,Derecho,2026-1
27811,DER004C,2,Fuentes de Obligaciones I,Palominos Orlando,L-W-V:1 CLAS FCAP,Derecho,2026-1
23350,DER004F,1,Derecho Natural,Madrid Raul,L-W:2 CLAS P_AYLWIN_A M:4 CLAS P_AYLWIN_A,Derecho,2026-1
16296,DER004F,2,Derecho Natural,Ferrer Alvaro,L-W-V:2 CLAS FCAP,Derecho,2026-1
17027,DER004L,1,Derecho Administrativo I,Vergara Alejandro,M-J:3 CLAS CAR_OVIEDO W:5 CLAS CAR_OVIEDO,Derecho,2026-1
17028,DER004L,2,Derecho Administrativo I,"Bocksang Gabriel, Enteiche Nicolás",M-J:2 CLAS CLARO W:5 CLAS COM_103,Derecho,2026-1
17029,DER004L,3,Derecho Administrativo I,"Ponce de Leon Sandra, Femenias Jorge",M-J:2 CLAS A_201 W:5 CLAS D402,Derecho,2026-1
17031,DER004L,4,Derecho Administrativo I,"Lara José, Bocchi Giannina",M-J:2 CLAS D304 W:5 CLAS D304,Derecho,2026-1
24804,DER004L,5,Derecho Administrativo I,"Cordero Eduardo, González Francisco",M-J:2 CLAS COM_307 W:5 CLAS S_PIÑERA_E,Derecho,2026-1
17030,DER004L,6,Derecho Administrativo I,"Poblete Victor, Helfmann Carolina",M-J:2 CLAS D303 W:5 CLAS D303,Derecho,2026-1
33891,DER004L,7,Derecho Administrativo I,Rivera Daniela,M-J:2 CLAS ASILVA W:5 CLAS ASILVA,Derecho,2026-1
18993,DER004R,1,Procedimientos Civiles II,"Silva Jose, Oyarzun Macarena",L-W:2 CLAS D302,Derecho,2026-1
18994,DER004R,2,Procedimientos Civiles II,"Vial Jorge, Burmester Angelica",L-W:2 CLAS PLIRA,Derecho,2026-1
18995,DER004R,3,Procedimientos Civiles II,Gonzalez Paulina,L-W:2 CLAS D303,Derecho,2026-1
18996,DER004R,4,Procedimientos Civiles II,"Riesco Ricardo, Blavi Francisco",L-W:2 CLAS M7,Derecho,2026-1
26365,DER004R,5,Procedimientos Civiles II,"Moreno Raimundo, Rencoret Pedro",L-W:2 CLAS MATTE_CEX,Derecho,2026-1
27806,DER004R,6,Procedimientos Civiles II,"Naudon Ignacio, Villablanca Jose",L-W:2 CLAS CINE_CEX,Derecho,2026-1
18973,DER005C,1,Fuentes de las Obligaciones II,"Contreras Oscar, Cuchacovich Rodrigo",L-W:1 CLAS MOSCATTI,Derecho,2026-1
18974,DER005C,2,Fuentes de las Obligaciones II,Carvajal Patricio,L-W:1 CLAS JGUZMAN,Derecho,2026-1
18976,DER005C,3,Fuentes de las Obligaciones II,"Lecaros Raul, Lecaros Pablo",L-W:1 CLAS D302,Derecho,2026-1
18977,DER005C,4,Fuentes de las Obligaciones II,"Rencoret Gonzalo, Garces Felipe",L-W:1 CLAS D303,Derecho,2026-1
24927,DER005C,5,Fuentes de las Obligaciones II,"Ugarte Jose, Ugarte Jorge",L-W:1 CLAS ASILVA,Derecho,2026-1
31944,DER005C,6,Fuentes de las Obligaciones II,"Jimenez Jose, Ferrada Benjamin",L:1 CLAS COM_307 W:6 CLAS P_AYLWIN_A,Derecho,2026-1
10900,DER005F,1,Historia del Derecho,"Lopez Enrique, Menanteau Jean",L-M-J:4 CLAS EDO_FREI_M,Derecho,2026-1
10912,DER005F,2,Historia del Derecho,Frontaura Carlos,M-J:4 CLAS M3 W:2 CLAS S_PIÑERA_E,Derecho,2026-1
10919,DER005F,3,Historia del Derecho,Botto Andrea,L-M-J:4 CLAS CELIAPEREZ,Derecho,2026-1
10924,DER005F,4,Historia del Derecho,"Unzueta Carolina, Astudillo Paula",L-M-J:4 CLAS M7,Derecho,2026-1
10893,DER005F,5,Historia del Derecho,"Zepeda Cristobal, Rodríguez Bruno",L-M-J:4 CLAS CINE_CEX,Derecho,2026-1
18931,DER005F,6,Historia del Derecho,Infante Javier,L-M-J:4 CLAS A_201,Derecho,2026-1
26359,DER005F,7,Historia del Derecho,"Jara Alejandro, Moreno Constanza",L-M-J:4 CLAS AUD-71,Derecho,2026-1
18999,DER005L,1,Derecho Administrativo II,"Contreras Oscar, Pastene Paulina",M-J:2 CLAS A_301 W:5 CLAS JGUZMAN,Derecho,2026-1
21029,DER005R,1,Procedimientos Penales,"Martorell Daniel, Ried Ignacio",L-W-V:2 CLAS FD-101,Derecho,2026-1
25391,DER005R,2,Procedimientos Penales,Rodriguez Manuel,"M:5,6 CLAS FD-101 J:5 CLAS FD-101",Derecho,2026-1
21975,DER006C,1,Derecho de Familia,Salinas Carolina,M-W-J:3 CLAS D304,Derecho,2026-1
27813,DER006C,2,Derecho de Familia,"Zuñiga Fernando, Morales Pablo",L-W-V:1 CLAS MATTE_CEX,Derecho,2026-1
17006,DER006F,1,"Historia de las Instituciones Jurídicas, Políticas y Sociales Chilenas","Frontaura Carlos, Sfeir Javiera",L-V:4 CLAS D402 W:6 CLAS CAR_OVIEDO,Derecho,2026-1
16157,DER006L,1,Derecho Económico II,Bravo Felipe,M-J:1 CLAS FD-101 W:4 CLAS D302,Derecho,2026-1
16158,DER006L,2,Derecho Económico II,"Menchaca Tomas, Sahd Jorge",M-J:1 CLAS COM_103 W:4 CLAS JGUZMAN,Derecho,2026-1
16159,DER006L,3,Derecho Económico II,González Marco,M-J:1 CLAS D303 W:4 CLAS COM_307,Derecho,2026-1
16160,DER006L,4,Derecho Económico II,Romero Juan,M-J:5 CLAS EDO_FREI_M W:4 CLAS RAULSILVAH,Derecho,2026-1
16161,DER006L,5,Derecho Económico II,"Jungmann Ricardo, Celis Juan","M:5,6 CLAS D303 V:4 CLAS P_AYLWIN_A",Derecho,2026-1
17002,DER006L,6,Derecho Económico II,"Coeymans Juan, Ramirez Guillermo",M-J:1 CLAS CLARO W:4 CLAS D402,Derecho,2026-1
33887,DER006L,7,Derecho Económico II,"Bustamante Jose, Aránguiz Matías",M-J:1 CLAS ASILVA W:4 CLAS ASILVA,Derecho,2026-1
20919,DER007C,1,Derecho Sucesorio,"Diaz de Valdes Rodrigo, Ruiz-Tagle Jose",L-W-V:1 CLAS A_MAGNACEX,Derecho,2026-1
20920,DER007C,2,Derecho Sucesorio,"Sochting Andres, Eyzaguirre Fernando",L-W-V:1 CLAS M8,Derecho,2026-1
20921,DER007C,3,Derecho Sucesorio,Salinas Carolina,M-J:4 CLAS D304 W:2 CLAS D304,Derecho,2026-1
20922,DER007C,4,Derecho Sucesorio,Correa Mario,L-W-V:1 CLAS A_201,Derecho,2026-1
26367,DER007C,5,Derecho Sucesorio,Barrientos Marcelo,M-W-J:3 CLAS D402,Derecho,2026-1
33908,DER007C,6,Derecho Sucesorio,"Awad Alvaro, Vial Jose",L-W-V:1 CLAS MSANTANDER,Derecho,2026-1
10944,DER007F,1,Teoría y Fuentes del Derecho,Vergara Alejandro,M-J:2 CLAS CAR_OVIEDO,Derecho,2026-1
10939,DER007F,2,Teoría y Fuentes del Derecho,"Frontaura Carlos, Reyes Constanza",L-M:2 CLAS B-101,Derecho,2026-1
10929,DER007F,3,Teoría y Fuentes del Derecho,Amunategui Carlos,M-J:2 CLAS AUD-71,Derecho,2026-1
10935,DER007F,4,Teoría y Fuentes del Derecho,Romero Juan,M-J:2 CLAS AUD-81,Derecho,2026-1
10949,DER007F,5,Teoría y Fuentes del Derecho,"Farias Alejandro, Tagle Diego",M-J:2 CLAS RAULSILVAH,Derecho,2026-1
16105,DER007F,6,Teoría y Fuentes del Derecho,Villalonga Cristian,M-J:2 CLAS MATTE_CEX,Derecho,2026-1
18932,DER007F,7,Teoría y Fuentes del Derecho,Alcalde Jaime,L-W:3 CLAS AUD-51,Derecho,2026-1
26965,DER007F,8,Teoría y Fuentes del Derecho,Carmona Pedro,M-J:2 CLAS A_102,Derecho,2026-1
20930,DER007L,1,Derecho Tributario I,"Pereira Julio, Carloza Mauricio",L-M-J:5 CLAS MOSCATTI,Derecho,2026-1
20931,DER007L,2,Derecho Tributario I,"Gorziglia Mario, Gorziglia Franco",M-J:1 CLAS CAR_OVIEDO W:4 CLAS AUD-61,Derecho,2026-1
20932,DER007L,3,Derecho Tributario I,"Hurtado Francisco, Hormazábal Diego",M-J:1 CLAS RAULSILVAH W:4 CLAS B-103,Derecho,2026-1
20933,DER007L,4,Derecho Tributario I,"Ferrari Oscar, Fernandez Trinidad",M-J:1 CLAS MOSCATTI W:4 CLAS A_201,Derecho,2026-1
24983,DER007L,5,Derecho Tributario I,"Del Valle Jaime, Cruzat Rafael",M-J:1 CLAS MSANTANDER W:4 CLAS AUD-81,Derecho,2026-1
33909,DER007L,6,Derecho Tributario I,"Alvarado Nicolas, Vallebona Sebastián",M-J:1 CLAS M7 W:4 CLAS M7,Derecho,2026-1
17039,DER008C,1,El Comerciante y Bases de la Contratación Mercantil,"Nacrur Miguel, Moya Wildo",M-J:1 CLAS EDO_FREI_M W:4 CLAS EDO_FREI_M,Derecho,2026-1
17040,DER008C,2,El Comerciante y Bases de la Contratación Mercantil,"Alvarez Rodrigo, Gorziglia Arnaldo",M-J:1 CLAS CINE_CEX W:4 CLAS B-102,Derecho,2026-1
17041,DER008C,3,El Comerciante y Bases de la Contratación Mercantil,"Ochagavia Rodrigo, Poblete Arturo",M-J:1 CLAS AUD-71 W:4 CLAS A_102,Derecho,2026-1
17042,DER008C,4,El Comerciante y Bases de la Contratación Mercantil,"Martin Jorge, Bravo Fernando",M-J:1 CLAS P_AYLWIN_A W:4 CLAS CAR_OVIEDO,Derecho,2026-1
17043,DER008C,5,El Comerciante y Bases de la Contratación Mercantil,"Halpern Mauricio, De la Cerda Pablo",M-J:1 CLAS PLIRA W:4 CLAS MS-1,Derecho,2026-1
21004,DER008C,6,El Comerciante y Bases de la Contratación Mercantil,"Rios Roberto, Martínez Francisca",M-J:3 CLAS JGUZMAN W:4 CLAS P_AYLWIN_A,Derecho,2026-1
21022,DER008F,1,Derecho Económico I,"Ramos Camila, Ossa Maria",M-J:5 CLAS A_201,Derecho,2026-1
23359,DER008L,1,Derecho Tributario II,"Lagos Eduardo, Arancibia Jorge",M-J:1 CLAS MEDIACION,Derecho,2026-1
27815,DER008L,2,Derecho Tributario II,"Alvarez Rodrigo, Ceron Javier",M-J:2 CLAS CINE_CEX,Derecho,2026-1
19002,DER009C,1,Derecho de Sociedades,"Valdes Juan, Valdivieso Juan",M-J:1 CLAS COM_308 W:4 CLAS MATTE_CEX,Derecho,2026-1
16305,DER009F,1,Derecho Político,Rudinsky Jordan,M-J:3 CLAS D303,Derecho,2026-1
18980,DER010C,1,Financiamiento de la Empresa,"Labbe Alberto, Palma Juan",M-J:1 CLAS M5 W:4 CLAS M8,Derecho,2026-1
18981,DER010C,2,Financiamiento de la Empresa,"Guerrero Roberto, Kubick Tomas",M-J:1 CLAS AUD-61 W:4 CLAS A_301,Derecho,2026-1
18983,DER010C,3,Financiamiento de la Empresa,"Ried Jose, Carpentier Cristian",M-J:1 CLAS D402 W:4 CLAS COM_308,Derecho,2026-1
18985,DER010C,4,Financiamiento de la Empresa,"Zegers Matias, Ferrada Juan",M-J:1 CLAS JGUZMAN W:4 CLAS PLIRA,Derecho,2026-1
19610,DER010C,5,Financiamiento de la Empresa,"Herrera Cristian, Guerrero Pablo",L-W:3 CLAS COM_308 M:1 CLAS COM_307,Derecho,2026-1
26364,DER010C,6,Financiamiento de la Empresa,"Dalgalarrando Felipe, Ilharreborde Juan",M-J:1 CLAS A_102 W:4 CLAS CINE_CEX,Derecho,2026-1
26370,DER011C,1,Contratos Mercantiles y Concursos,"Goldenberg Juan, Gaspar Jose",M-J:1 CLAS FCAP W:4 CLAS FCAP,Derecho,2026-1
21032,DER011C,2,Contratos Mercantiles y Concursos,"De la Barra Francisco, Anguita Fernanda",M-J:2 CLAS D405 V:4 CLAS FD-101,Derecho,2026-1
23357,DER012C,1,Derecho Internacional Privado,"Zaldivar Felipe, Palavecino Franco",M-J:7 CLAS EDO_FREI_M,Derecho,2026-1
10974,DER100H,1,Taller de Metodología de la Investigación,Dirección Docente,W-V:4 CLAS AUD-51,Derecho,2026-1
10954,DER100H,2,Taller de Metodología de la Investigación,Dirección Docente,W-V:4 CLAS S_PIÑERA_E,Derecho,2026-1
10959,DER100H,3,Taller de Metodología de la Investigación,Dirección Docente,W-V:4 CLAS D303,Derecho,2026-1
10968,DER100H,4,Taller de Metodología de la Investigación,Dirección Docente,W-V:4 CLAS MOSCATTI,Derecho,2026-1
10964,DER100H,5,Taller de Metodología de la Investigación,Dirección Docente,W-V:4 CLAS AUD-41,Derecho,2026-1
10977,DER100H,6,Taller de Metodología de la Investigación,Dirección Docente,W-V:4 CLAS M5,Derecho,2026-1
18934,DER100H,7,Taller de Metodología de la Investigación,Dirección Docente,W-V:4 CLAS D304,Derecho,2026-1
24888,DER100H,8,Taller de Metodología de la Investigación,Dirección Docente,W-V:4 CLAS CLARO,Derecho,2026-1
28125,DER102E,1,Sustentabilidad Corporativa y Relación Con las Comunidades,"Gutiérrez María, Franken Stefan","M:5,6 CLAS A_301",Derecho,2026-1
28126,DER102E,2,Sustentabilidad Corporativa y Relación Con las Comunidades,"Loyola Francisco, Acuña Gabriel","M:5,6 CLAS AE204",Derecho,2026-1
31946,DER102E,3,Sustentabilidad Corporativa y Relación Con las Comunidades,"Cerda Juan, Santini Alfonso","M:5,6 CLAS AE210",Derecho,2026-1
31947,DER102E,4,Sustentabilidad Corporativa y Relación Con las Comunidades,"Katz Eduardo, Infante Felipe","M:5,6 CLAS CS301",Derecho,2026-1
33952,DER102E,5,Sustentabilidad Corporativa y Relación Con las Comunidades,"Alvarez Felipe, Jaque Margarita","M:5,6 CLAS SALA102",Derecho,2026-1
31949,DER104E,1,Debates Constitucionales,Zapata Patricio,"M:6,7 CLAS SALA-10",Derecho,2026-1
25517,DER105E,1,Protección de Datos Personales en la Sociedad de la Información,Aránguiz Matías,"J:5,6 CLAS P_AYLWIN_A",Derecho,2026-1
25472,DER106E,1,Esencia y Protección de los Derechos Humanos,Candia Gonzalo,"M:5,6 CLAS A2",Derecho,2026-1
31951,DER107E,1,"Aguas en Chile: Uso, Gestión y Conflictos",Rivera Daniela,"M:5,6 CLAS AE208",Derecho,2026-1
33953,DER109E,1,Todo Lo que Usted Siempre Quiso Saber para Actuar Conforme a la Ley y Nunca Se Atrevió a Preguntar,Leturia Francisco,"W:3,4 CLAS C404",Derecho,2026-1
27820,DER110E,1,"Razón y Fe, Unidad en la Verdad",Bruna Leonardo,L-W:5 CLAS D203,Derecho,2026-1
33979,DER110E,2,"Razón y Fe, Unidad en la Verdad",Bruna Leonardo,M-J:4 CLAS JGUZMAN,Derecho,2026-1
30521,DER113E,1,"Amor, Amistad y Bien Común",Bruna Leonardo,M-J:5 CLAS A6,Derecho,2026-1
33980,DER113E,2,"Amor, Amistad y Bien Común",Bruna Leonardo,L-W:4 CLAS MSANTANDER,Derecho,2026-1
31950,DER115E,1,Cultura y Entretenimiento: Un Enfoque Jurídico,Silva Juan,"W:5,6 CLAS D104",Derecho,2026-1
24989,DER200H,1,Entrega de Monografía,Dirección Docente,: CLAS SIN SALA,Derecho,2026-1
21846,DER201H,1,Seminario de Investigación (Derecho Privado),Burmester Angelica,L:3 CLAS GORZIGLIA,Derecho,2026-1
27816,DER201H,2,Seminario de Investigación (Derecho Privado),Leal Patricia,W:2 CLAS CMPC,Derecho,2026-1
33976,DER201H,4,Seminario de Investigación (Derecho Privado),Rios Roberto,L:4 CLAS CMPC,Derecho,2026-1
21854,DER202H,1,Seminario de Investigación (Derecho Público),Soto Jose,M:3 CLAS CMPC,Derecho,2026-1
25384,DER203H,1,Seminario de Investigación (Derecho Procesal),Gonzalez Paulina,W:3 CLAS GORZIGLIA,Derecho,2026-1
33919,DER204H,1,Seminario de Investigación (Derecho Penal),Ossandon Maria,L:3 CLAS CMPC,Derecho,2026-1
21860,DER205H,1,Seminario de Investigación (Derecho del Trabajo),Urzua Romina,W:3 CLAS CMPC,Derecho,2026-1
21609,DER301H,1,Clínica Jurídica I (Derecho Privado Patrimonial),"Castillo Jaime, Callejas Lina","J:6,7 CLAS MEDIACION",Derecho,2026-1
21869,DER301H,2,Clínica Jurídica I (Derecho Privado Patrimonial),"Vio Andres, Callejas Lina","W:5,6 CLAS D401",Derecho,2026-1
21872,DER301H,3,Clínica Jurídica I (Derecho Privado Patrimonial),"Montecinos Gabriel, Castillo Jaime","M:6,7 CLAS FCAP",Derecho,2026-1
23250,DER301H,4,Clínica Jurídica I (Derecho Privado Patrimonial),"Gutierrez Isidora, Venturelli Kevin","L:6,7 CLAS D304",Derecho,2026-1
23251,DER301H,5,Clínica Jurídica I (Derecho Privado Patrimonial),"Julio Carolina, Bobadilla Lucia","J:6,7 CLAS D404",Derecho,2026-1
24805,DER301H,6,Clínica Jurídica I (Derecho Privado Patrimonial),"Venturelli Kevin, Callejas Lina","W:6,7 CLAS MEDIACION",Derecho,2026-1
31945,DER301H,7,Clínica Jurídica I (Derecho Privado Patrimonial),"Larrain Carolina, De la Maza Francisca","W:5,6 CLAS P-CIA",Derecho,2026-1
21874,DER302H,1,Clínica Jurídica I (Derecho de Familia),"Román Heydi, Coddou Matías","L:6,7 CLAS MEDIACION",Derecho,2026-1
21875,DER302H,2,Clínica Jurídica I (Derecho de Familia),"Román Heydi, Coddou Matías","W:5,6 CLAS FD-101",Derecho,2026-1
21878,DER302H,3,Clínica Jurídica I (Derecho de Familia),"Miranda Walterio, Espinoza Fernanda","J:6,7 CLAS J-ORAL",Derecho,2026-1
22096,DER302H,4,Clínica Jurídica I (Derecho de Familia),"Olivares Mario, Román Heydi","W:6,7 CLAS FCAP",Derecho,2026-1
33914,DER302H,5,Clínica Jurídica I (Derecho de Familia),"Murray Francisca, Espinoza Fernanda","M:6,7 CLAS J-ORAL",Derecho,2026-1
21880,DER303H,1,Clínica Jurídica I (Derecho Público),"Jordan Maria, Bocchi Giannina","M:5,6 CLAS D304",Derecho,2026-1
21883,DER303H,2,Clínica Jurídica I (Derecho Público),"Ortega Magdalena, Valencia Daniela","W:5,6 CLAS J-ORAL",Derecho,2026-1
26369,DER303H,3,Clínica Jurídica I (Derecho Público),"Bocchi Giannina, Jordan Maria","J:5,6 CLAS FCAP",Derecho,2026-1
29577,DER303H,4,Clínica Jurídica I (Derecho Público),"Serrano Maria, Silva Solange","M:5,6 CLAS P-CIA",Derecho,2026-1
21891,DER304H,1,Clínica Jurídica I (Derecho Penal),"Santibanez Maria, Castillo Jaime","L:6,7 CLAS FCAP",Derecho,2026-1
21893,DER304H,2,Clínica Jurídica I (Derecho Penal),"Santibanez Maria, Julio Carolina","M:6,7 CLAS MEDIACION",Derecho,2026-1
21894,DER306H,1,Clínica Jurídica I (Derecho del Trabajo),"Azócar Rodrigo, Rodriguez Isaias","M:6,7 CLAS D401",Derecho,2026-1
21974,DER306H,2,Clínica Jurídica I (Derecho del Trabajo),"Azócar Rodrigo, Rojas María","W:6,7 CLAS D303",Derecho,2026-1
28093,DER306H,3,Clínica Jurídica I (Derecho del Trabajo),"Rodriguez Isaias, Novoa Gabriela","W:5,6 CLAS D404",Derecho,2026-1
23360,DER401H,1,Clínica Jurídica II (Derecho Privado Patrimonial),"Montecinos Gabriel, Arriagada Paz","L:6,7 CLAS J-ORAL",Derecho,2026-1
26372,DER401H,2,Clínica Jurídica II (Derecho Privado Patrimonial),"Julio Carolina, Miranda Walterio","W:5,6 CLAS A_101",Derecho,2026-1
21907,DER501C,1,Derecho de Aguas,"Zanartu Hipolito, Baltra Maria",M-J:2 CLAS SIN SALA,Derecho,2026-1
27055,DER501N,1,Justicia Canónica y Estatal: Desafíos de Un Diálogo Mutuo,Pimstein Maria,M-J:3 CLAS SIN SALA,Derecho,2026-1
23879,DER501T,1,Modelos de Litigación Internacional y Resolución de Problemas Jurídicos,Dirección Docente,: CLAS,Derecho,2026-1
21913,DER502C,1,Derecho de Minería,"Zanartu Hipolito, Baltra Maria",M-J:2 CLAS FCAP,Derecho,2026-1
33928,DER502G,1,"Trade, Economy & Current Issues",Eyzaguirre Fernando,"V:2,3 CLAS J-ORAL",Derecho,2026-1
31965,DER502N,1,"Estado, Laicidad y Religión",Celis Ana,M-J:3 CLAS D302,Derecho,2026-1
30519,DER502P,1,Organizaciones Criminales y Asociación  Ilícita,Gonzalez Patricio,"M:2,3 CLAS MEDIACION",Derecho,2026-1
31973,DER502R,1,Arbitraje,"Ossa Felipe, De Marinis Felipe",M-J:5 CLAS J-ORAL,Derecho,2026-1
33977,DER502S,1,"Subcontratación, Suministro de Personal y Empresas de Grupo",Dominguez Carmen,M-J:4 CLAS FCAP,Derecho,2026-1
27837,DER502T,1,Modelos de Litigación Internacional y Resolución de Problemas Jurídicos,Dirección Docente,: CLAS,Derecho,2026-1
28111,DER503F,1,Justicia y Doctrina Social de la Iglesia,"Widow Felipe, Bersezio Aldo",M-W:3 CLAS SIN SALA,Derecho,2026-1
32001,DER503G,1,Corporate Leading Cases and Their Impact on Regulation,Por Fijar,M-J:2 CLAS J-ORAL,Derecho,2026-1
21920,DER503R,1,Negociación,"Saieh Cristian, Larrain Carolina","J:2,3 CLAS MEDIACION",Derecho,2026-1
33948,DER505C,1,Introducción al Derecho Comparado,Wegmann Adolfo,L-W:5 CLAS MEDIACION,Derecho,2026-1
33921,DER505L,1,Derecho de las Migraciones,"Valencia Daniela, Melgarejo Catalina",M-J:3 CLAS SIN SALA,Derecho,2026-1
30348,DER506S,1,Derecho Procesal Laboral,"Fuica Sergio, Jerez Lilia",M-J:4 CLAS SIN SALA,Derecho,2026-1
21930,DER507F,1,"Política y Derecho Durante la Unidad Popular, 1970-1973",San Francisco Alejandro,"L:5,6 CLAS D401",Derecho,2026-1
33922,DER508G,1,International Contracts,"Cobo Nicolas, Garcia Jaime","J:2,3 CLAS SIN SALA",Derecho,2026-1
33949,DER508L,1,Debates Constitucionales Actuales,Hube Constanza,"J:3,4 CLAS D405",Derecho,2026-1
33924,DER508R,1,Debido Proceso y Litigación,Cienfuegos Ana,M-J:3 CLAS D401,Derecho,2026-1
31970,DER509C,1,Derecho Inmobiliario,"Gillmore Robert, Rosemary Jose",M-J:4 CLAS MEDIACION,Derecho,2026-1
33945,DER510S,1,Aspectos Tributarios de las Relaciones Laborales,"Oddo David, Cifuentes Hugo",M-J:3 CLAS FCAP,Derecho,2026-1
30343,DER511P,1,Delitos de Corrupción,Navarrete Nicolas,M-J:2 CLAS FD-101,Derecho,2026-1
33925,DER512L,1,Literatura e Instituciones Políticas de Occidente,"Concha German, Millañir José","M:2,3 CLAS SIN SALA",Derecho,2026-1
26383,DER512R,1,Vocación Judicial,"Ravanales Adelita, Martinez Patricio","W:5,6 CLAS A_301",Derecho,2026-1
33923,DER514C,1,Derecho Notarial y Registral,Astudillo Mauricio,L-W:5 CLAS SIN SALA,Derecho,2026-1
31961,DER514R,1,Modernización del Poder Judicial y el Estatuto de los Jueces,Larrain Hernan,M-J:2 CLAS P_AYLWIN_A,Derecho,2026-1
28118,DER515C,1,Derecho Romano Desde la Casuística: Negocio Jurídico y Bienes,Correa Mario,M-J:4 CLAS SIN SALA,Derecho,2026-1
30513,DER515R,1,"Derecho del Fútbol: Instituciones, Desafíos y Resolución de Conflictos","Mettroz Pablo, Correa Joaquín",L-W:2 CLAS MEDIACION,Derecho,2026-1
33978,DER518F,1,"Capitalismo, Derecho y Doctrina Social de la Iglesia","Widow Felipe, Bersezio Aldo",M-W:3 CLAS MOSCATTI,Derecho,2026-1
31959,DER518L,1,"Derechos Económicos, Sociales y Culturales: Debates Contemporáneos",Schalper Diego,"J:2,3 CLAS SIN SALA",Derecho,2026-1
31975,DER520F,1,Derecho y Literatura,Rendich Francisca,M-J:4 CLAS SIN SALA,Derecho,2026-1
31968,DER521P,1,Delitos Económicos: Hacia Un Nuevo Derecho Penal,Silva Jose,L-J:5 CLAS D404,Derecho,2026-1
23481,DER602C,1,Financiamiento de la Empresa y Mercado de Valores,Garcia Pedro,M-J:5 CLAS SIN SALA,Derecho,2026-1
28579,DER604C,1,Contabilidad Jurídica de la Empresa,Greiber Pablo,L-M:4 CLAS SIN SALA,Derecho,2026-1
31960,DER604G,1,Comparative Constitutional Law,Rudinsky Jordan,M-J:4 CLAS FD-101,Derecho,2026-1
30520,DER605C,1,Aspectos Teoricos y Prácticos de la Adquisición de Empresas,"Valdes Salvador, Figueroa Cristian",M-J:4 CLAS ASILVA,Derecho,2026-1
33947,DER613L,1,Derecho Penal Internacional,"Escobar Jose, Chiappini Valeria",M-J:4 CLAS D401,Derecho,2026-1
26373,DER615C,1,Análisis Económico del Derecho,Jaramillo Jorge,L-M:4 CLAS D404,Derecho,2026-1
31957,DER617L,1,Casos Latinoamericanos Ante la Corte Internacional de Justicia,Lopez Rafael,M-J:3 CLAS FD-101,Derecho,2026-1
33946,DER619L,1,Derecho Internacional del Medio Ambiente,"Cruz Maria, Massardo Felipe",M-J:3 CLAS J-ORAL,Derecho,2026-1
31976,DER620C,1,Temas Avanzados de Derecho Societario,"Silva Clemente, Alfaro Ignacio",M-W:3 CLAS SIN SALA,Derecho,2026-1
24815,DER621C,1,Reorganización de Empresas en Crisis,Anguita Alejandra,M-J:5 CLAS MEDIACION,Derecho,2026-1
24816,DER622C,1,Abuso de Posición Dominante y Prácticas Exclusorias,Menchaca Tomas,M-J:2 CLAS COM_103,Derecho,2026-1
31964,DER624C,1,Aspectos Teóricos y Prácticos de la Protección de la Innovación Desde Una Perspectiva Jurídica,Porzio Cristobal,M-J:4 CLAS SIN SALA,Derecho,2026-1
31977,DER633C,1,Libre Competencia en la Economía Digital,"Ilharreborde María, Montero Diego",M-W:3 CLAS D404,Derecho,2026-1
21941,DER802L,1,Derecho de los Recursos Naturales,Alburquenque Winston,M-J:5 CLAS SIN SALA,Derecho,2026-1
27060,DER809L,1,Fundamentos y Gestión Ambiental,Irarrazabal Ricardo,M-J:4 CLAS J-ORAL,Derecho,2026-1
23243,DER901C,1,Ética Profesional (Privado),"Correa Mario, Germain Andres",M:2 CLAS EDO_FREI_M,Derecho,2026-1
23247,DER901L,1,Ética Profesional (Derecho Público),Poblete Victor,L:3 CLAS D402,Derecho,2026-1
23246,DER901P,1,Ética Profesional (Derecho Penal),"Riquelme Eduardo, Contreras Sebastian",L:2 CLAS D402,Derecho,2026-1
23249,DER901R,1,Ética Profesional (Derecho Procesal),Luco Nicolas,L:3 CLAS A_102,Derecho,2026-1
23244,DER902C,1,Ética Profesional (Financiero),"Larrain Francisca, Loyola Francisco",W:2 CLAS EDO_FREI_M,Derecho,2026-1
23245,DER903C,1,Ética Profesional (Derecho de Familia),Jottar Monica,L:2 CLAS COM_308,Derecho,2026-1
11268,DMD3001,1,Seminario de Graduación I (Investigación),Dirección Docente,: CLAS SIN SALA,Derecho,2026-1
11276,DMD3002,1,Seminario de Graduación II (Caso),"Enteiche Nicolás, Alarcon Pablo, Bocchi Giannina, Court Maria","V:6,7,8 CLAS A92",Derecho,2026-1
23013,DMD3002,2,Seminario de Graduación II (Caso),"Kubick Tomas, Espinosa Jorge, Fuica Sergio, Novoa Gabriela","V:6,7,8 CLAS A91",Derecho,2026-1
28185,DMD3002,4,Seminario de Graduación II (Caso),"Catalan Renato, Gana Aída","V:6,7,8 CLAS S93",Derecho,2026-1
33607,DMD3002,6,Seminario de Graduación II (Caso),"Inostroza Maria, Carcamo Alejandro, Gomez Rosa, Saez Andres","W:7,8,9 CLAS S94",Derecho,2026-1
11284,DMD3003,1,Seminario de Graduación III (Pasantía),Dirección Docente,: CLAS SIN SALA,Derecho,2026-1
11291,DMD3004,1,Método y Razonamiento Jurídico,"Gonzalez Paulina, Beattie Carolina","L-W-J-V:8,9 CLAS SIN SALA",Derecho,2026-1
11312,DMD3004,2,Método y Razonamiento Jurídico,Leiva Antonio,"L-W-J-V:8,9 CLAS SIN SALA",Derecho,2026-1
11304,DMD3004,3,Método y Razonamiento Jurídico,Ferrer Alvaro,"L-W-J-V:8,9 CLAS SIN SALA",Derecho,2026-1
30410,DMD3004,4,Método y Razonamiento Jurídico,Bagioli Paula,"L-W-J-V:8,9 CLAS SIN SALA",Derecho,2026-1
11335,DMD3005,1,Ética Profesional,Gana Aída,"L-M-W-J:8,9 CLAS SIN SALA",Derecho,2026-1
11322,DMD3005,2,Ética Profesional,Henriquez Ian,"L-M-W-J:8,9 CLAS SIN SALA",Derecho,2026-1
11329,DMD3005,3,Ética Profesional,Burgos Ruben,"L-M-W-J:8,9 CLAS SIN SALA",Derecho,2026-1
11317,DMD3005,4,Ética Profesional,Jaraquemada Jorge,"L-M-W-J:8,9 CLAS SIN SALA",Derecho,2026-1
11368,DMD3122,1,Financiamiento de la Empresa,"Rubilar Alejandro, Dalgalarrando Felipe",J:7 CLAS S94,Derecho,2026-1
11388,DMD3129,1,La Empresa y el Desarrollo Sostenible,"Valdes Mauro, Schaeffer Juan","L:8,9 CLAS SIN SALA",Derecho,2026-1
11394,DMD3130,1,Fusiones y Adquisiciones,"Salgado Marco, Ugarte Francisco","J:8,9 CLAS S94",Derecho,2026-1
33601,DMD3133,1,Arbitraje Comercial,"Alamo Valentina, Amenábar Catalina","W:6,7 CLAS A91",Derecho,2026-1
33602,DMD3136,1,Derecho Laboral de la Empresa,Fuica Sergio,"J:8,9 CLAS SIN SALA",Derecho,2026-1
28403,DMD3154,1,Responsabilidad Legal de la Empresa,"Marcazzolo Ximena, Isler Erika","W:6,7 CLAS SIN SALA",Derecho,2026-1
33600,DMD3157,1,Estrategia de Negocios. Competencia y Cooperación,Peña Richard,"L:6,7 CLAS S94",Derecho,2026-1
31605,DMD3166,1,Transformación y Desafíos de las Gerencias Legales Modernas,"Santibañez Ximena, Novoa Gabriela","W:8,9 CLAS SIN SALA",Derecho,2026-1
33571,DMD3170,1,Introducción al Derecho de Sociedades,"Herrera Cristobal, Campaña Raúl","L:8,9 CLAS S94",Derecho,2026-1
11412,DMD3401,1,Tributación de las Sociedades y Otras Entidades Jurídicas,"Marchant Bernardo, Gutierrez Samuel","L:8,9 CLAS S93",Derecho,2026-1
11419,DMD3407,1,Iva Teórico y Práctico,"Subiabre Manuel, San Martin Norberto","M:8,9 CLAS A91",Derecho,2026-1
11428,DMD3408,1,Tributación Internacional I,Thevenot Marcel,"J:8,9 CLAS SIN SALA",Derecho,2026-1
28197,DMD3419,1,Derechos y Deberes de los Contribuyentes,"Catalan Renato, Toledo Patricia","J:6,7 CLAS A92",Derecho,2026-1
33577,DMD3421,1,Tributación de Pequeñas y Medianas Empresas y Régimen Presunto,"Boada Carlos, Boada Maximiliano","L:8,9 CLAS SIN SALA",Derecho,2026-1
33580,DMD3440,1,Fiscalizaciones en Materias Tributarias: Preparación y Ejecución,"Ocampo Luis, Diaz Ricardo",M:7 CLAS SIN SALA,Derecho,2026-1
30211,DMD3442,1,Política Fiscal,"Liberona Cristóbal, Gonzalez Hermann","M:8,9 CLAS SIN SALA",Derecho,2026-1
30213,DMD3443,1,Impuesto Adicional,"Vergara Gonzalo, Delcorto Christian","J:6,7 CLAS SIN SALA",Derecho,2026-1
31365,DMD3447,1,Tributación al Traspaso Familiar de Patrimonio,"Cattaneo Isaías, Reyes Cristian",M:7 CLAS A91,Derecho,2026-1
31612,DMD3501,1,Teoría Política y Constitucional,Pena Marisol,"J:8,9 CLAS A91",Derecho,2026-1
22896,DMD3505,1,Interpretación Constitucional,Delaveau Rodrigo,"J:8,9 CLAS SIN SALA",Derecho,2026-1
30354,DMD3508,1,Acciones y Recursos Constitucionales,Fernandez Miguel,"J:6,7 CLAS A91",Derecho,2026-1
33604,DMD3522,1,"Derecho Indígena: Identidad, Territorio y Consulta",Precht Alejandra,"L:6,7 CLAS SIN SALA",Derecho,2026-1
33587,DMD3526,1,Los Derechos Humanos Según la Jurisprudencia de la Corte Interamericana,Paul Alvaro,"M:8,9 CLAS SIN SALA",Derecho,2026-1
21139,DMD3528,1,"Propiedad, Limitaciones y Expropiación",Ponce de Leon Sandra,"L:8,9 CLAS A91",Derecho,2026-1
33582,DMD3532,1,Igualdad y No Discriminación,Zapata Patricio,"W:8,9 CLAS A91",Derecho,2026-1
17717,DMD3533,1,La Litigación Constitucional en Sede de Inaplicabilidad,Salem Catalina,"M:8,9 CLAS S94",Derecho,2026-1
33584,DMD3549,1,Constitucionalismo Contemporáneo,Por Fijar,L:7 CLAS SIN SALA,Derecho,2026-1
31608,DMD3550,1,El Debido Proceso en la Jurisprudencia,Romero Juan,"L:8,9 CLAS SIN SALA",Derecho,2026-1
33581,DMD3552,1,Derecho y Política de Competencia en la Union Europea,Bravo Felipe,M:7 CLAS S94,Derecho,2026-1
33585,DMD3553,1,"Derecho Constitucional Económico: Nuevos Debates, Litigación y Jurisprudencia","Garcia Jose, Peredo Marcela",M:7 CLAS SIN SALA,Derecho,2026-1
21269,DMD3604,1,Problemas Actuales del Derecho Individual del Trabajo,"Fuenzalida Patricia, Aranguiz Roxana","M:8,9 CLAS S93",Derecho,2026-1
21270,DMD3605,1,Problemas Actuales de Derecho Colectivo del Trabajo,"Tapia Francisco, Por Fijar","W:6,7 CLAS SIN SALA",Derecho,2026-1
31609,DMD3608,1,Problemas Actuales de Derecho Laboral Procesal,Cisternas Lamberto,"J:6,7 CLAS SIN SALA",Derecho,2026-1
33589,DMD3610,1,Jornada de Trabajo y Compensaciones,"Sanchez Maria, Salmona Francisco","W:6,7 CLAS S93",Derecho,2026-1
33591,DMD3627,1,Legislación Migratoria y Contratación de Trabajadores Extranjeros,"Azócar Rodrigo, Melgarejo Catalina",J:8 CLAS S93,Derecho,2026-1
26412,DMD3629,1,Libertad Sindical,"Tapia Francisco, Por Fijar","J:6,7 CLAS S93",Derecho,2026-1
30228,DMD3633,1,"Trabajo, Protección Social y Nuevas Tecnologías",Castro Jose,"M:8,9 CLAS SIN SALA",Derecho,2026-1
30226,DMD3634,1,El Derecho a la Seguridad Social en la Jurisprudencia Nacional,Cifuentes Hugo,M:7 CLAS S93,Derecho,2026-1
33598,DMD3642,1,Doctrina Social de la Iglesia,Hodge Cristian,J:9 CLAS S93,Derecho,2026-1
33595,DMD3643,1,Los Indicios de la Relación de Trabajo,Por Fijar,W:8 CLAS SIN SALA,Derecho,2026-1
20101,DMD3806,1,Estrategias de Liderazgo Efectivo y Trabajo,Pucheu Juan,"W:8,9 CLAS SIN SALA",Derecho,2026-1
26413,DMD3809,1,Juicios Orales y Técnicas de Litigación Oral,Azócar Rodrigo,"W:8,9 CLAS S93",Derecho,2026-1
33661,DMD3833,1,Mercado Legal y Job Hunting Skills: Herramientas para Impulsar Tu Perfil Profesional,Garcia-Huidobro Paula,W:7 CLAS SIN SALA,Derecho,2026-1
33660,DMD3834,1,Inglés Legal,Delaveau Rodrigo,L:7 CLAS A91,Derecho,2026-1
33603,DMD3910,1,Derecho Eléctrico,"Evans Eugenio, Le Blanc Arturo","M:8,9 CLAS SIN SALA",Derecho,2026-1
26409,DMD3917,1,Contratación Administrativa,"Lara José, Hermosilla Andres","J:6,7 CLAS SIN SALA",Derecho,2026-1
11551,DMD3922,1,Sistema de Evaluación de Impacto Ambiental,"Carrasco Edesio, Leiva Felipe","L:8,9 CLAS SIN SALA",Derecho,2026-1
17725,DMD3935,1,La Responsabilidad por Daño Ambiental,Femenias Jorge,"J:8,9 CLAS SIN SALA",Derecho,2026-1
22919,DMD3936,1,Derecho Administrativo Sancionador,Cordero Eduardo,"M:7,8 CLAS A92",Derecho,2026-1
28404,DMD3939,1,Responsabilidad del Estado,Soto Eduardo,L:7 CLAS SIN SALA,Derecho,2026-1
24941,DMD3943,1,Procedimiento Administrativo,"Bagioli Paula, Gomez Rosa","W:6,7 CLAS A92",Derecho,2026-1
24768,DMD3945,1,Derecho a la Educación y Libertad de Enseñanza,"Vergara Alberto, Palma Joaquín","W:8,9 CLAS SIN SALA",Derecho,2026-1
24794,DMD3947,1,Derecho Sanitario,"Novoa Gabriela, Hubner Jorge","W:8,9 CLAS A92",Derecho,2026-1
28417,DMD3951,1,El Derecho Administrativo en la Jurisprudencia. Estudio de Fallos y Dictámenes Relevantes,"Cafena Paulina, Osorio Cristobal","M:6,7 CLAS SIN SALA",Derecho,2026-1
30216,DMD3954,1,Introducción al Derecho Regulatorio,Guerrero Gonzalo,"L:8,9 CLAS A92",Derecho,2026-1
33606,DMD3961,1,Procedimientos Sancionatorios del Mercado Financiero,Gaspar Jose,J:8 CLAS A92,Derecho,2026-1
33605,DMD3964,1,Derecho Ambiental: Gestión y Tutela,Irarrazabal Ricardo,M:9 CLAS A92,Derecho,2026-1
11575,DME3431,1,Metodología de la Investigación en Ciencias Jurídicas y Sociales,Zarate Sebastian,: CLAS SIN SALA,Derecho,2026-1
19770,DME3432,1,Empresa y Gobierno,Sahd Jorge,: CLAS SIN SALA,Derecho,2026-1
28994,DME3433,1,Compliance Corporativo y Buenas Prácticas,Jungmann Ricardo,: CLAS SIN SALA,Derecho,2026-1
31618,DME3470,1,"Reorganizacion y Adquisicion de Empresas, Pactos de Accionistas y Gobierno Corporativo",Alvarez Rodrigo,: CLAS SIN SALA,Derecho,2026-1
22370,DME3490,1,Mercado de Capitales,Gaspar Jose,: CLAS SIN SALA,Derecho,2026-1
23114,DME3520,1,Proteccion de la Libre Competencia,Jungmann Ricardo,: CLAS SIN SALA,Derecho,2026-1
27542,DME3571,1,Responsabilidad Extracontractual de la Empresa,Barrientos Marcelo,: CLAS SIN SALA,Derecho,2026-1
27245,DME3610,1,Financiamiento de la Empresa,Eyzaguirre Fernando,: CLAS SIN SALA,Derecho,2026-1
23100,DME3680,1,Derecho del Medio Ambiente,Irarrazabal Ricardo,: CLAS SIN SALA,Derecho,2026-1
21198,DME3690,1,Estrategias de Negociacion y Mediacion,Frias Nicolas,: CLAS SIN SALA,Derecho,2026-1
20388,DME3700,1,Tributacion Internacional,Espinosa Jorge,: CLAS SIN SALA,Derecho,2026-1
27244,DME3720,1,Economía y Derecho de la Regulación,Romero Juan,: CLAS SIN SALA,Derecho,2026-1
31620,DME3730,1,Derecho Internacional de la Inversión Extranjera,Lopez Rafael,: CLAS SIN SALA,Derecho,2026-1
11604,DME4010,1,Seminario de Graduación,"Gonzalez Paulina, Espinosa Jorge, Salgado Marco",: CLAS SIN SALA,Derecho,2026-1
30705,DME4011,1,"Trade, Economy & Current Legal Global Issues",Eyzaguirre Fernando,: CLAS SIN SALA,Derecho,2026-1
28995,DME4013,1,Sostenibilidad Corporativa: Desafíos de la Empresa Moderna,Ibañez Juan,: CLAS SIN SALA,Derecho,2026-1
31553,SUS1000,1,Cmd Sustentabilidad,Glatz Pedro,"L:5,6 CLAS AP501 V:5 AYU SIN SALA",Desarrollo Sustentable,2026-1
31555,SUS1000,2,Cmd Sustentabilidad,Araya Claudio,"L:5,6 CLAS AP003 V:5 AYU SIN SALA",Desarrollo Sustentable,2026-1
31572,SUS1000,3,Cmd Sustentabilidad,Munoz Carolina,"M:5,6 CLAS AP101 V:5 AYU SIN SALA",Desarrollo Sustentable,2026-1
31573,SUS1000,4,Cmd Sustentabilidad,Hernandez Jorge,"M:5,6 CLAS AP401 V:5 AYU SIN SALA",Desarrollo Sustentable,2026-1
31560,SUS1000,5,Cmd Sustentabilidad,Sola Iván,"W:5,6 CLAS FT-102 V:5 AYU SIN SALA",Desarrollo Sustentable,2026-1
31561,SUS1000,6,Cmd Sustentabilidad,Camoglino Patricio,"W:5,6 CLAS AG4 V:5 AYU SIN SALA",Desarrollo Sustentable,2026-1
31569,SUS1000,7,Cmd Sustentabilidad,Calcagni Pedro,"J:5,6 CLAS AP301 V:5 AYU SIN SALA",Desarrollo Sustentable,2026-1
31570,SUS1000,8,Cmd Sustentabilidad,Álvarez Iván,"V:3,4 CLAS AP504 V:5 AYU SIN SALA",Desarrollo Sustentable,2026-1
31571,SUS1000,9,Cmd Sustentabilidad,Amo Claudia,"V:3,4 CLAS AP403 V:5 AYU SIN SALA",Desarrollo Sustentable,2026-1
31557,SUS1000,10,Cmd Sustentabilidad,Urquiza Francisco,M:4 CLAS N13-B J:4 TAL C307 V:5 AYU SIN SALA,Desarrollo Sustentable,2026-1
31558,SUS1000,11,Cmd Sustentabilidad,Urquiza Francisco,M:4 CLAS N13-B J:5 TAL J1 V:5 AYU SIN SALA,Desarrollo Sustentable,2026-1
33714,SUS1000,12,Cmd Sustentabilidad,Perez Pedro,"J:5,6 CLAS A-SALA2 V:5 AYU SIN SALA",Desarrollo Sustentable,2026-1
31547,SUS2001,1,Sistemas Alimentarios Regenerativos,"Jara Valentina, Arellano Eduardo","M:3,4 CLAS AE201 J:3 TAL E17",Desarrollo Sustentable,2026-1
31900,SUS2001,2,Sistemas Alimentarios Regenerativos,"Jara Valentina, Arellano Eduardo","M:3,4 CLAS AE201 J:4 TAL AP201",Desarrollo Sustentable,2026-1
31580,SUS2011,1,Antropoceno e Imaginarios del Futuro,Fredes Constanza,"V:2 AYU AP001 V:3,4 CLAS AP501 V:5 TAL J3",Desarrollo Sustentable,2026-1
32846,SUS2041,1,Investigación-Acción: Métodos para Entender Territorios en Transformación,"Cortinez Luz, Madrid Camila","W:5 AYU NT203 V:3,4 CLAS ID300",Desarrollo Sustentable,2026-1
32218,SUS2061,1,Introducción a la Economía Circular,"Frey Maximiliano, Kopaitic Alejandra","V:3,4 CLAS AP601 V:5 TAL R4",Desarrollo Sustentable,2026-1
32968,SUS2071,1,"Diseño, Futuro y Sustentabilidad",Cea Pablo,"W:3,4 CLAS AP601",Desarrollo Sustentable,2026-1
32219,SUS2091,1,Aprendizaje y Transformación para la Sustentabilidad,"Guerrero Gonzalo, Perez Pedro","M:3,4 CLAS AP004 V:4 AYU S6",Desarrollo Sustentable,2026-1
31539,SUS2101,1,"Ciencia, Política y Políticas Públicas: la Tormenta Perfecta",Reyes Francisca,L-W:3 CLAS AP102 V:3 AYU S15,Desarrollo Sustentable,2026-1
32025,SUS2111,1,Sustainability and Development in Chile,"Barton Jonathan, Santander Claudio",M-J:2 CLAS SIN SALA,Desarrollo Sustentable,2026-1
33524,SUS2141,1,Descarbonización Energética Acelerada: Un Desafío al 2050,Nomez Francisco,"M:2 AYU N11 M:3,4 CLAS AP401",Desarrollo Sustentable,2026-1
32224,SUS2151,1,Nuevas Economías y Gestión Ética para Un Desarrollo Sustentable y Regenerativo.,Wijnant Gerardo,"L:5,6 CLAS ID300 V:5 AYU C405",Desarrollo Sustentable,2026-1
32225,SUS2181,1,Organismos Pensantes: Aprendizajes Socioambientales Desde la Práctica Artística,De Solminihac Paula,"L:5,6 TAL C504",Desarrollo Sustentable,2026-1
31680,SUS2211,1,Mapeando la (In)Sustentabilidad,Jordan Felipe,"L:3,4 CLAS SIN SALA L:5 TAL SIN SALA",Desarrollo Sustentable,2026-1
33682,SUS3021,1,Formación de Capacidades para el Intercambio de Conocimiento Con el Congreso,Reyes Francisca,"W:5,6 CLAS K307",Desarrollo Sustentable,2026-1
11609,DNO001,1,Iluminacion,Munoz Ximena,"J:1,2 CLAS 201",Diseño,2026-1
11616,DNO002,1,Introduccion a la Tipografia,Galvez Francisco,"M:3,4 CLAS LMORENO",Diseño,2026-1
11629,DNO004,1,Manejo y Aplicacion del Color,Cox Maria,"J:3,4 CLAS MAGISTER",Diseño,2026-1
11712,DNO016,1,Diseno y Manufactura Digital Cad/Cam,Andueza Luis,"V:1,2,3 CLAS ALFERO",Diseño,2026-1
11726,DNO020,1,Fotografiar Hoy,Graham Justine,"W:1,2 CLAS SALA-10",Diseño,2026-1
33462,DNO025,1,Sistemas de Configuración Desde el Textil,Hoces de la Guardia Maria,"W:3,4 CLAS 201",Diseño,2026-1
11788,DNO031,1,Diseño y Nuevas Tendencias de la Audiovisualidad Contemporánea,Parada Marcela,"J:3,4 CLAS A-SALA17",Diseño,2026-1
11902,DNO036,1,Design Sketching,Gonzalez Alberto,"M:3,4 CLAS 201",Diseño,2026-1
31240,DNO040,1,Del Plano al Volumen Textil,Rios Camila,"M:3,4 CLAS 203",Diseño,2026-1
12064,DNO044,1,Pensar la Artesanía. Bases para la Comprensión y Acción,Alfaro Elena,"J:3,4 CLAS LMORENO",Diseño,2026-1
12072,DNO048,1,Design Bootcamp: Herramientas y Métodos Prácticos para Innovar,Wuth Paula,"J:3,4 CLAS AP102",Diseño,2026-1
24744,DNO050,1,Nuevas Tendencias en el Diseño de Carteles,Amenabar Alejandra,"L:1,2 CLAS MAGISTER",Diseño,2026-1
19907,DNO052,1,Ilustración Creativa,Conejeros Sandra,"V:3,4 CLAS MAGISTER",Diseño,2026-1
32792,DNO0521,1,Taller de Titulacion,Alfaro Elena,: CLAS SIN SALA,Diseño,2026-1
33811,DNO0521,2,Taller de Titulacion,Allard Jose,: CLAS SIN SALA,Diseño,2026-1
33812,DNO0521,3,Taller de Titulacion,Alvarez Pedro,: CLAS SIN SALA,Diseño,2026-1
33813,DNO0521,4,Taller de Titulacion,Andueza Luis,: CLAS SIN SALA,Diseño,2026-1
33814,DNO0521,5,Taller de Titulacion,Avendaño Cristobal,: CLAS SIN SALA,Diseño,2026-1
33815,DNO0521,6,Taller de Titulacion,Bravo Viviana,: CLAS SIN SALA,Diseño,2026-1
33816,DNO0521,7,Taller de Titulacion,Campos Patricia,: CLAS SIN SALA,Diseño,2026-1
33817,DNO0521,8,Taller de Titulacion,Caro Ivan,: CLAS SIN SALA,Diseño,2026-1
33818,DNO0521,9,Taller de Titulacion,Carrasco Javier,: CLAS SIN SALA,Diseño,2026-1
33819,DNO0521,10,Taller de Titulacion,Cox Maria,: CLAS SIN SALA,Diseño,2026-1
33820,DNO0521,11,Taller de Titulacion,Durán Alejandro,: CLAS SIN SALA,Diseño,2026-1
33821,DNO0521,12,Taller de Titulacion,Figueroa Maria,: CLAS SIN SALA,Diseño,2026-1
33822,DNO0521,13,Taller de Titulacion,Garretón Manuela,: CLAS SIN SALA,Diseño,2026-1
33823,DNO0521,14,Taller de Titulacion,Guerra José,: CLAS SIN SALA,Diseño,2026-1
33824,DNO0521,15,Taller de Titulacion,Hermansen Pablo,: CLAS SIN SALA,Diseño,2026-1
33825,DNO0521,16,Taller de Titulacion,Hinojosa Álvaro,: CLAS SIN SALA,Diseño,2026-1
33826,DNO0521,17,Taller de Titulacion,Jelvez Paulina,: CLAS SIN SALA,Diseño,2026-1
33827,DNO0521,18,Taller de Titulacion,Larraín María,: CLAS SIN SALA,Diseño,2026-1
33828,DNO0521,19,Taller de Titulacion,Merino Leonel,: CLAS SIN SALA,Diseño,2026-1
33829,DNO0521,20,Taller de Titulacion,Mollenhauer Katherine,: CLAS SIN SALA,Diseño,2026-1
33830,DNO0521,21,Taller de Titulacion,Montt Denise,: CLAS SIN SALA,Diseño,2026-1
33831,DNO0521,22,Taller de Titulacion,Mora Marcela,: CLAS SIN SALA,Diseño,2026-1
33832,DNO0521,23,Taller de Titulacion,Moraga Edgardo,: CLAS SIN SALA,Diseño,2026-1
33833,DNO0521,24,Taller de Titulacion,Morales Nicolás,: CLAS SIN SALA,Diseño,2026-1
33834,DNO0521,25,Taller de Titulacion,Morales Gonzalo,: CLAS SIN SALA,Diseño,2026-1
33835,DNO0521,26,Taller de Titulacion,Novoa Hector,: CLAS SIN SALA,Diseño,2026-1
33836,DNO0521,27,Taller de Titulacion,Oviedo Natalia,: CLAS SIN SALA,Diseño,2026-1
33837,DNO0521,28,Taller de Titulacion,Ramirez Sergio,: CLAS SIN SALA,Diseño,2026-1
33838,DNO0521,29,Taller de Titulacion,Rico Maria,: CLAS SIN SALA,Diseño,2026-1
33840,DNO0521,30,Taller de Titulacion,Sandoval Gabriela,: CLAS SIN SALA,Diseño,2026-1
33839,DNO0521,31,Taller de Titulacion,Sanchez Patricia,: CLAS SIN SALA,Diseño,2026-1
33841,DNO0521,32,Taller de Titulacion,Simian María,: CLAS SIN SALA,Diseño,2026-1
33842,DNO0521,33,Taller de Titulacion,Toro Florencia,: CLAS SIN SALA,Diseño,2026-1
33843,DNO0521,34,Taller de Titulacion,Ulibarri Maria,: CLAS SIN SALA,Diseño,2026-1
33844,DNO0521,35,Taller de Titulacion,Villela Andres,: CLAS SIN SALA,Diseño,2026-1
33845,DNO0521,36,Taller de Titulacion,Vivanco Tomas,: CLAS SIN SALA,Diseño,2026-1
34058,DNO0521,37,Taller de Titulacion,Ramirez Rodrigo,: CLAS,Diseño,2026-1
33472,DNO053,1,Introducción al Diseño de Servicios,Hepp Catalina,"W:5,6 CLAS SALA104",Diseño,2026-1
33464,DNO057,1,Introducción al Diseño de Packaging,Lazcano Leonardo,"M:1,2 CLAS MAGISTER",Diseño,2026-1
15180,DNO061,1,Historia de la Indumentaria,Moreno Sylvia,"M:3,4 CLAS MAGISTER",Diseño,2026-1
33466,DNO068,1,Revolución Textil,Farias Gabriela,"L:3,4 CLAS 201",Diseño,2026-1
33467,DNO075,1,Infografía Digital,Carles Julie,"W:1,2 CLAS 201",Diseño,2026-1
33468,DNO077,1,Diseño para Proyectos de Innovación en Ciencia y Tecnología,Oviedo Natalia,"L:3,4 CLAS MAGISTER",Diseño,2026-1
27138,DNO081,1,Diseño para la Justicia Social y Medioambiental,Bernasconi Renato,"W:3,4 CLAS A-SALA2",Diseño,2026-1
33475,DNO082,1,Diseño y Economía Circular,Munoz Carolina,"M:1,2 CLAS S-MULTIUSO",Diseño,2026-1
28007,DNO083,1,Diseño de Juegos,Villamandos Antonio,"L:3,4 CLAS 203",Diseño,2026-1
33469,DNO086,1,"Diseño, Género y Feminismos",Sanchez Patricia,"J:3,4 CLAS AUD_S",Diseño,2026-1
28014,DNO089,1,Narrativas Inmersivas para el Aprendizaje y la Cooperación,Avendaño Cristobal,"M:1,2 CLAS LMORENO",Diseño,2026-1
31241,DNO091,1,Introducción al Diseño Regenerativo y los Biomateriales,"Rodriguez Sebastian, Fierro Angelica","J:1,2 CLAS LMORENO",Diseño,2026-1
28872,DNO092,1,"Pasado Mañana, Taller de Diseño y Antropología de Futuros Posibles","Allard Jose, Mora Gerardo","M:5,6,7 CLAS AUD-81",Diseño,2026-1
29329,DNO093,1,Diseño Inclusivo: Innovaciones Tecnológicas para la Diversidad,Rico Maria,"W:3,4 CLAS SALA-10",Diseño,2026-1
33470,DNO094,1,Factores Humanos para el Diseño de Sistemas,Julia María,"J:1,2 CLAS MAGISTER",Diseño,2026-1
29522,DNO097,1,Desarrollo Web y Diseño Visual de Información,Cortez Felipe,"V:1,2 CLAS 201",Diseño,2026-1
26316,DNO1011,1,Taller de Introducción al Proyecto de Diseño,"Ubilla Mario, Du Pontavice Carlota","L-W:2,3,4 CLAS I_BAIXAS",Diseño,2026-1
33030,DNO1011,2,Taller de Introducción al Proyecto de Diseño,"Perez Catalina, Eaglehurst Alan","L-W:2,3,4 CLAS LAMPARA",Diseño,2026-1
33031,DNO1011,3,Taller de Introducción al Proyecto de Diseño,"Malacchini Maria, Perez Maria","L-W:2,3,4 CLAS SALA101",Diseño,2026-1
26336,DNO1012,1,Técnicas de Representación,"Vaccaro Javiera, Ubilla Mario","M:5,6 CLAS I_BAIXAS",Diseño,2026-1
26337,DNO1012,2,Técnicas de Representación,"Ubilla Mario, Vaccaro Javiera","J:5,6 CLAS I_BAIXAS",Diseño,2026-1
26332,DNO1013,1,Introducción a la Investigación en Diseño,"Vio Olga, Cristi Nicole","V:1,2 CLAS S-MULTIUSO",Diseño,2026-1
29285,DNO1013,2,Introducción a la Investigación en Diseño,"Zurob Carola, Guerra José","V:1,2 CLAS A-SALA17",Diseño,2026-1
26334,DNO1014,1,Historias del Diseño y Sus Contextos Históricos,"Palmarola Hugo, Jiménez Yazmín","M:3,4 CLAS AUD_N",Diseño,2026-1
31223,DNO1014,2,Historias del Diseño y Sus Contextos Históricos,"Alvarez Pedro, Palmarola Hugo","J:3,4 CLAS AUD_N",Diseño,2026-1
32084,DNO101P,1,Práctica Profesional de Oficina,Silva Zinnia,: CLAS SIN SALA,Diseño,2026-1
27888,DNO1021,1,Taller de Ideación y Formalización para el Diseño,"Bravo Lizbeth, Cabrera Macarena","M-J:2,3,4 CLAS I_BAIXAS",Diseño,2026-1
33426,DNO1021,2,Taller de Ideación y Formalización para el Diseño,"Larraín María, Fox Alan","M-J:2,3,4 CLAS SALA101",Diseño,2026-1
33427,DNO1021,3,Taller de Ideación y Formalización para el Diseño,"Piña Antonia, Molina Maria","M-J:2,3,4 CLAS SALA102",Diseño,2026-1
27889,DNO1022,1,Percepción y Composición,"Cox Maria, Galvez Francisco, Morales Gonzalo, Perez Catalina","W:5,6 CLAS I_BAIXAS",Diseño,2026-1
27890,DNO1023,1,"Diseño, Tecnología y Sociedad",Bravo Viviana,"L:2,3,4 CLAS FADEU",Diseño,2026-1
33429,DNO1023,2,"Diseño, Tecnología y Sociedad",Moraga Edgardo,"L:2,3,4 CLAS LMORENO",Diseño,2026-1
32085,DNO102P,1,Práctica Profesional de Servicio,Silva Zinnia,: CLAS SIN SALA,Diseño,2026-1
27891,DNO1031,1,Taller de Problematización y Conceptualización para el Diseño,"Monroy Federico, Montedónico Vicente","L-W:2,3,4 CLAS SALA103",Diseño,2026-1
27892,DNO1031,2,Taller de Problematización y Conceptualización para el Diseño,"Contreras Maximiliano, Palominos Martina","L-W:2,3,4 CLAS SALA102",Diseño,2026-1
27893,DNO1031,3,Taller de Problematización y Conceptualización para el Diseño,"Rios Camila, González María","L:2,3,4 CLAS CAPILLA W:2,3,4 CLAS M_PALMER",Diseño,2026-1
27894,DNO1032,1,Laboratorio de Experimentación y Prototipado,"Contreras Maximiliano, Valenzuela Juan","L:5 AYU LAMPARA J:5,6 CLAS LAMPARA",Diseño,2026-1
27895,DNO1032,2,Laboratorio de Experimentación y Prototipado,"Burgos Trinidad, Bravo Santiago","L:5 AYU AUD_S J:5,6 CLAS AUD_S",Diseño,2026-1
27896,DNO1032,3,Laboratorio de Experimentación y Prototipado,"Bravo Santiago, Contreras Maximiliano","L:5 AYU SALA104 V:3,4 CLAS SALA102",Diseño,2026-1
27897,DNO1033,1,Investigación para el Diseño,"Mora Gerardo, Lira Sofía","V:1,2 CLAS AUD_N",Diseño,2026-1
33640,DNO1033,2,Investigación para el Diseño,"Perez Catalina, Vallejos Gabriela","V:1,2 CLAS SALA-10",Diseño,2026-1
29309,DNO1041,1,Taller de Diseño Integral,"Silva Zinnia, Rebolledo Francisco","M-J:2,3,4 CLAS SALA104",Diseño,2026-1
29310,DNO1041,2,Taller de Diseño Integral,"Hinojosa Álvaro, Campos Patricia","M-J:2,3,4 CLAS SALA103",Diseño,2026-1
29311,DNO1041,3,Taller de Diseño Integral,"Carrasco Javier, Sandoval Gabriela","M-J:2,3,4 CLAS LAMPARA",Diseño,2026-1
29314,DNO1042,1,Materiales y Procesos,Oviedo Natalia,"W:2,3,4 CLAS CAPILLA",Diseño,2026-1
31228,DNO1042,2,Materiales y Procesos,Andueza Luis,"W:2,3,4 CLAS REFECTORIO",Diseño,2026-1
33431,DNO1042,3,Materiales y Procesos,Campos Patricia,"W:2,3,4 CLAS LMORENO",Diseño,2026-1
29315,DNO1043,1,Teoría y Crítica Contemporánea de la Cultura del Diseño,"Hermansen Pablo, Chilet Marcos","M:5,6 CLAS FADEU",Diseño,2026-1
29316,DNO1051,1,Taller de Diseño Estratégico,"Manns Patricia, Gonzalez Alberto","M-J:5,6,7 CLAS LMORENO",Diseño,2026-1
29318,DNO1051,2,Taller de Diseño Estratégico,"Vivanco Tomas, Lopez Tamara","M-J:5,6,7 CLAS SALA101",Diseño,2026-1
29320,DNO1051,3,Taller de Diseño Estratégico,"Villela Andres, Diaz del Rio Isabel","M-J:5,6,7 CLAS SALA103",Diseño,2026-1
29321,DNO1052,1,Formulación de Proyectos de Diseño,"Morales Nicolás, Jacob Ruben, Silva Camila","W:3,4 CLAS FADEU",Diseño,2026-1
29322,DNO1053,1,Investigación a Traves del Diseño,"Sanchez Patricia, Rodriguez Sebastian","L:3,4 CLAS S-MULTIUSO",Diseño,2026-1
33432,DNO1053,2,Investigación a Traves del Diseño,"Garretón Manuela, Tironi Martin","L:3,4 CLAS SALA-10",Diseño,2026-1
31229,DNO1061,1,Taller de Diseño para la Innovación,"Wuth Paula, Novoa Hector","M-J:5,6,7 CLAS 201",Diseño,2026-1
31230,DNO1061,2,Taller de Diseño para la Innovación,"Cardenas Lina, Weil Anaís","M-J:5,6,7 CLAS 207",Diseño,2026-1
31231,DNO1061,3,Taller de Diseño para la Innovación,"Durán Alejandro, Velez Jose","M-J:5,6,7 CLAS MAGISTER",Diseño,2026-1
26343,DNO1062,1,Diseño Crítico,"Bernasconi Renato, Lopez Ana","W:5,6 CLAS S_FACULTAD",Diseño,2026-1
33449,DNO1062,2,Diseño Crítico,"Tironi Martin, Burboa Diamela","W:5,6 CLAS AUD_N",Diseño,2026-1
31232,DNO1063,1,Pensamiento Computacional,"Rebolledo Francisco, Vera Rodrigo","V:1,2,3 CLAS LAMPARA",Diseño,2026-1
31233,DNO1071,1,Taller de Diseño para Escenarios Futuros,"Allard Jose, Chilet Marcos","L-W:5,6,7 CLAS SALA102",Diseño,2026-1
31234,DNO1071,2,Taller de Diseño para Escenarios Futuros,"Moreno Sylvia, Hoces de la Guardia Maria","L-W:5,6,7 CLAS SALA101",Diseño,2026-1
31236,DNO1071,3,Taller de Diseño para Escenarios Futuros,"Hermansen Pablo, Mora Marcela","W:1,2,3,4,5,6,7 CLAS A-SALA1",Diseño,2026-1
31237,DNO1072,1,Diseño de Intangibles y Sistemas,"Figueroa Maria, Valdivieso Diego","J:1,2 CLAS S_FACULTAD",Diseño,2026-1
31238,DNO1073,1,Diseño para el Desarrollo Sostenible,"Munoz Carolina, Lopez Tamara, Orellana Daniela","V:3,4 CLAS I_BAIXAS",Diseño,2026-1
32793,DNO1081,1,Taller de Integración Interdisciplinar,Leonard Douglas,"L-W:5,6,7 CLAS LAB-ILUM",Diseño,2026-1
32794,DNO1081,2,Taller de Integración Interdisciplinar,Manríquez Magdalena,"L-W:5,6,7 CLAS 201",Diseño,2026-1
32795,DNO1081,3,Taller de Integración Interdisciplinar,Mollenhauer Katherine,"L-W:5,6,7 CLAS MAGISTER",Diseño,2026-1
32796,DNO1081,4,Taller de Integración Interdisciplinar,Montt Denise,"L-W:5,6,7 CLAS SALA103",Diseño,2026-1
32797,DNO1081,5,Taller de Integración Interdisciplinar,Morales Nicolás,"L-W:5,6,7 CLAS 207",Diseño,2026-1
32798,DNO1081,6,Taller de Integración Interdisciplinar,Simian María,"L-W:5,6,7 CLAS 203",Diseño,2026-1
32799,DNO1081,7,Taller de Integración Interdisciplinar,Ulibarri Maria,"L-W:5,6,7 CLAS LMORENO",Diseño,2026-1
32800,DNO1082,1,Ética del Diseño,"Jiménez Yazmín, Jarry Gaspar","J:5,6 CLAS FADEU",Diseño,2026-1
32776,DNO1091,1,Seminario de Título,Amenabar Alejandra,: CLAS SIN SALA,Diseño,2026-1
32777,DNO1091,2,Seminario de Título,Bravo Viviana,: CLAS SIN SALA,Diseño,2026-1
32778,DNO1091,3,Seminario de Título,Carles Julie,: CLAS SIN SALA,Diseño,2026-1
32779,DNO1091,4,Seminario de Título,Durán Alejandro,: CLAS SIN SALA,Diseño,2026-1
32780,DNO1091,5,Seminario de Título,Guerra José,: CLAS SIN SALA,Diseño,2026-1
32781,DNO1091,6,Seminario de Título,Jacob Ruben,: CLAS SIN SALA,Diseño,2026-1
32783,DNO1091,8,Seminario de Título,Mollenhauer Katherine,: CLAS SIN SALA,Diseño,2026-1
32784,DNO1091,9,Seminario de Título,Mora Marcela,: CLAS SIN SALA,Diseño,2026-1
32785,DNO1091,10,Seminario de Título,Moraga Edgardo,: CLAS SIN SALA,Diseño,2026-1
32786,DNO1091,11,Seminario de Título,Rios Camila,: CLAS SIN SALA,Diseño,2026-1
32787,DNO1091,12,Seminario de Título,Sandoval Gabriela,: CLAS SIN SALA,Diseño,2026-1
32788,DNO1091,13,Seminario de Título,Velez Jose,: CLAS SIN SALA,Diseño,2026-1
32789,DNO1091,14,Seminario de Título,Villela Andres,: CLAS SIN SALA,Diseño,2026-1
32790,DNO1091,15,Seminario de Título,Vivanco Tomas,: CLAS SIN SALA,Diseño,2026-1
32791,DNO1091,16,Seminario de Título,Zurob Carola,: CLAS SIN SALA,Diseño,2026-1
34059,DNO1091,17,Seminario de Título,Burgos Trinidad,: CLAS SIN SALA,Diseño,2026-1
34060,DNO1091,18,Seminario de Título,Carrasco Javier,: CLAS SIN SALA,Diseño,2026-1
31242,DNO151,1,"La Resistencia de las Imágenes. Registro, Archivo y Memoria",Parada Marcela,"V:3,4 CLAS SALA104",Diseño,2026-1
12143,DNO151P,1,Diseño por Computación I,Silva Zinnia,"W:1,2 CLAS ALFERO",Diseño,2026-1
31306,DNO157,1,Tejeduría Contemporánea,Du Pontavice Carlota,"J:5,6 CLAS 203",Diseño,2026-1
33476,DNO158,1,Investigando Realidades: Más Allá de Números y Palabras,Robles Juan,"V:1,2 CLAS LMORENO",Diseño,2026-1
34080,DNO158,2,Investigando Realidades: Más Allá de Números y Palabras,Robles Juan,"L:5,6 CLAS SIN SALA",Diseño,2026-1
33474,DNO159,1,Identidad Visual y Branding,Pozo Patricio,"V:3,4 CLAS LMORENO",Diseño,2026-1
12150,DNO3004,1,Proyecto Final de Graduación,Dirección Docente,: CLAS SIN SALA,Diseño,2026-1
32826,DNO3225,1,Diseño Orientado a la Manufactura,Oviedo Natalia,"J:8,9 CLAS MAGISTER",Diseño,2026-1
19946,DNO3246,1,Detección de Necesidades,Fulgueiras Mariana,"V:5,6,7 CLAS MAGISTER",Diseño,2026-1
12175,DNO3248,1,Investigación Aplicada para Proyectos de Diseño,Mollenhauer Katherine,"M:8,9 CLAS MAGISTER",Diseño,2026-1
12181,DNO3249,1,Ética: Un Desafío Personal y Profesional,Jiménez Yazmín,"M:8,9 CLAS MAGISTER",Diseño,2026-1
12208,DNO3254,1,Diseño Orientado a los Servicios,Moraga Edgardo,"L:8,9 CLAS MAGISTER",Diseño,2026-1
32833,DNO3265,1,Diseño de Interacción y Experiencia de Usuario,Vera Rodrigo,"S:2,3 CLAS MAGISTER",Diseño,2026-1
32818,DNO3305,1,Contaminación Lumínica,"Kopaitic Ivan, Fingerhuth Sebastian","W:8,9 CLAS SIN SALA",Diseño,2026-1
32831,DNO3310,1,Fundamentos de Iluminación,"Leonard Douglas, Kopaitic Ivan, Por Fijar","L:8,9 CLAS SIN SALA",Diseño,2026-1
31670,DNO3323,1,Workshop Mada,"Fierro Angelica, Rodriguez Sebastian","L-M-W-J-V:8,9 TAL MAGISTER",Diseño,2026-1
12898,EAA100P,1,Practica Basica,Caceres Nora,: CLAS SIN SALA,Economía y Administración,2026-1
29539,EAA110A,1,Contabilidad I,"Herrera Natalia, Santelices Antonia",L:6 AYU CS301 M-J:5 CLAS N14,Economía y Administración,2026-1
22533,EAA1110,1,Comportamiento Organizacional,Munoz Gonzalo,M-J:2 CLAS AE106 V:6 AYU AE106,Economía y Administración,2026-1
22596,EAA1110,2,Comportamiento Organizacional,Valenzuela Sergio,M-J:4 CLAS A2 V:6 AYU CS202,Economía y Administración,2026-1
22597,EAA1110,3,Comportamiento Organizacional,Vigneaux Maria,M-J:4 CLAS D201 V:6 AYU CS201,Economía y Administración,2026-1
22598,EAA1110,4,Comportamiento Organizacional,Kausel Edgar,L-W:3 CLAS AP203 V:6 AYU CS301,Economía y Administración,2026-1
22599,EAA1110,5,Comportamiento Organizacional,Valenzuela Sergio,M-J:5 CLAS AE104 V:6 AYU CS302,Economía y Administración,2026-1
22600,EAA1110,6,Comportamiento Organizacional,Munoz Gonzalo,M-J:3 CLAS AE106 V:6 AYU AE104,Economía y Administración,2026-1
27870,EAA1110,7,Comportamiento Organizacional,Valdovinos Fredy,M-J:1 CLAS D101 V:6 AYU D104,Economía y Administración,2026-1
32836,EAA1110,8,Comportamiento Organizacional,Vigneaux Maria,M-J:3 CLAS D201 V:6 AYU D101,Economía y Administración,2026-1
22532,EAA1210,1,Contabilidad,Galvez Julio,L:7 TAL SIN SALA M-J:3 CLAS AE104 V:3 AYU AE105,Economía y Administración,2026-1
22602,EAA1210,2,Contabilidad,Godoy Hector,L-W:1 CLAS AE104 L:7 TAL SIN SALA V:3 AYU AE104,Economía y Administración,2026-1
22603,EAA1210,3,Contabilidad,Guerra Paulina,L-W:3 CLAS D203 L:7 TAL SIN SALA V:3 AYU AE107,Economía y Administración,2026-1
22604,EAA1210,4,Contabilidad,Galvez Julio,L:7 TAL SIN SALA M-J:4 CLAS AE104 V:3 AYU N13-A,Economía y Administración,2026-1
22605,EAA1210,5,Contabilidad,Moreta Antonio,L-W:3 CLAS D201 L:7 TAL SIN SALA V:3 AYU AE001,Economía y Administración,2026-1
22606,EAA1210,6,Contabilidad,Moreta Antonio,L-W:5 CLAS AE002 L:7 TAL SIN SALA V:3 AYU AE106,Economía y Administración,2026-1
22607,EAA1210,7,Contabilidad,Moreta Antonio,L-W:2 CLAS D201 L:7 TAL SIN SALA V:3 AYU D302,Economía y Administración,2026-1
32837,EAA1210,8,Contabilidad,Mc Intyre Cristóbal,L-W:4 CLAS D203 L:7 TAL SIN SALA V:3 AYU D306,Economía y Administración,2026-1
24587,EAA1220,1,Fundamentos de Finanzas,Hernandez Fernando,L:7 TAL SIN SALA M-J:3 CLAS AE001 V:2 AYU N16-A,Economía y Administración,2026-1
29542,EAA1220,2,Fundamentos de Finanzas,Hernandez Fernando,L:7 TAL AE106 M-J:4 CLAS AE001 V:2 AYU E13,Economía y Administración,2026-1
24590,EAA1220,3,Fundamentos de Finanzas,Hernandez Fernando,L:7 TAL SIN SALA M-J:5 CLAS N2 V:2 AYU ED113,Economía y Administración,2026-1
25966,EAA1220,4,Fundamentos de Finanzas,Burga Carlos,L-W:3 CLAS N5 L:7 TAL SIN SALA V:2 AYU ED111,Economía y Administración,2026-1
30474,EAA1220,5,Fundamentos de Finanzas,Burga Carlos,L-W:5 CLAS D303 L:7 TAL AE108 V:2 AYU AE205,Economía y Administración,2026-1
24604,EAA1510,1,Probabilidad y Estadística,Vasquez Cristian,L-W:4 CLAS AE203 W:6 AYU AE203,Economía y Administración,2026-1
24605,EAA1510,2,Probabilidad y Estadística,Aravena Ricardo,L-W:2 CLAS C203 W:6 AYU AE106,Economía y Administración,2026-1
27948,EAA1510,3,Probabilidad y Estadística,Olea Ricardo,L-W:1 CLAS N3 W:6 AYU AE104,Economía y Administración,2026-1
24611,EAA1520,1,Inferencia Estadística,Vicuna Maria,L-W:2 CLAS AE101 L:6 AYU AE202 J:5 LAB AE002,Economía y Administración,2026-1
24612,EAA1520,2,Inferencia Estadística,Vicuna Maria,L-W:4 CLAS AE101 L:6 AYU AE201 V:3 LAB AE101,Economía y Administración,2026-1
26007,EAA1520,3,Inferencia Estadística,Olea Ricardo,L:6 AYU AE001 M-J:4 CLAS A7 W:4 LAB N16-B,Economía y Administración,2026-1
30635,EAA1520,4,Inferencia Estadística,Rafols Martín,L:6 AYU AE106 M-J:1 CLAS AE106 W:2 LAB N14,Economía y Administración,2026-1
33900,EAA1520,5,Inferencia Estadística,Aravena Ricardo,L:3 LAB N15 L:6 AYU AE104 M-J:2 CLAS AM1,Economía y Administración,2026-1
12942,EAA162C,1,Taller de Computación I,Canales Andrea,,Economía y Administración,2026-1
12945,EAA163C,1,Taller de Computación II,Fuster Sebastian,,Economía y Administración,2026-1
32909,EAA200E,1,Decisiones Difíciles,Portales Carlos,L-W:4 CLAS AE204 W:6 AYU AE210,Economía y Administración,2026-1
12950,EAA200P,1,Practica Profesional,Caceres Nora,: CLAS SIN SALA,Economía y Administración,2026-1
33482,EAA2018,1,Estrategias Competitivas en Plataformas Digitales,Saraiva Gustavo,M-J:1 CLAS AE208 W:5 AYU AE104,Economía y Administración,2026-1
12952,EAA201E,1,Tópicos para Emprender I: Marketing y Servicios,Fabres Valentina,"W:5,6 CLAS AE205",Economía y Administración,2026-1
32911,EAA2072,1,Innovación y Tecnologías Emergentes,Moncada Natalia,L:2 CLAS AE103 W:2 CLAS AE103,Economía y Administración,2026-1
31188,EAA2075,1,Financiamiento de Startups,Schkolnick Yael,W:4 CLAS AE215 W:7 AYU AE103,Economía y Administración,2026-1
31190,EAA2079,1,Metodologías Ágiles para la Innovación Organizacional,Fernández María,"M:7 AYU AE106 J:6,7 CLAS AG4",Economía y Administración,2026-1
32912,EAA2080,1,Innovación Sistémica y Ecosistemas de Emprendimiento,Moncada Natalia,L-W:3 CLAS AE103 J:4 AYU AE206,Economía y Administración,2026-1
29595,EAA2081,1,Gestión de la Innovación,Chapa Jose,L:1 AYU S3 W:1 CLAS S3,Economía y Administración,2026-1
12965,EAA208E,1,Desafios en la Creacion de Empresas,Hernandez Catalina,"J:5,6 CLAS SALA102",Economía y Administración,2026-1
29596,EAA2091,1,Fundamentos de la Teoría y Práctica de la Innovación,Broitman Paula,M-J:2 CLAS AE205,Economía y Administración,2026-1
31191,EAA2091,2,Fundamentos de la Teoría y Práctica de la Innovación,Villalobos Macarena,L-W:1 CLAS AE208,Economía y Administración,2026-1
12968,EAA209L,1,Design Thinking para los Negocios,Chapa Jose,M-J:1 CLAS AE204,Economía y Administración,2026-1
33127,EAA209L,2,Design Thinking para los Negocios,Broitman Paula,M-J:3 CLAS AE205,Economía y Administración,2026-1
12969,EAA210E,1,Fundamentos de Gestion Financiera,Gana Raimundo,L-W:5 CLAS N7,Economía y Administración,2026-1
27920,EAA2110,1,Dirección de Personas,Raineri Andres,M-J:2 CLAS N4 V:1 AYU AE104,Economía y Administración,2026-1
27937,EAA2110,2,Dirección de Personas,Raineri Andres,M-J:3 CLAS D101 V:1 AYU N13-B,Economía y Administración,2026-1
27939,EAA2110,3,Dirección de Personas,Portales Carlos,L-W:3 CLAS N18 V:1 AYU N16-A,Economía y Administración,2026-1
27941,EAA2110,4,Dirección de Personas,Mehech Alejandra,L-W:5 CLAS AE102 V:1 AYU AE106,Economía y Administración,2026-1
12977,EAA220B,1,Finanzas I,Buchuk David,L-W:3 CLAS N7 V:6 AYU E12,Economía y Administración,2026-1
29549,EAA220B,2,Finanzas I,Buchuk David,L-W:4 CLAS N2 V:6 AYU E13,Economía y Administración,2026-1
32862,EAA220B,3,Finanzas I,Valenzuela Marcela,M-J:1 CLAS AG2 V:6 AYU AG2,Economía y Administración,2026-1
32867,EAA220B,4,Finanzas I,Silva Consuelo,M-J:6 CLAS AE104 V:6 AYU N10,Economía y Administración,2026-1
25980,EAA2210,1,Teoría Financiera,Buchuk David,L-W:3 CLAS N7 V:6 AYU E12,Economía y Administración,2026-1
25981,EAA2210,2,Teoría Financiera,Buchuk David,L-W:4 CLAS N2 V:6 AYU E13,Economía y Administración,2026-1
27878,EAA2210,3,Teoría Financiera,Valenzuela Marcela,M-J:1 CLAS AG2 V:6 AYU AG2,Economía y Administración,2026-1
27879,EAA2210,4,Teoría Financiera,Silva Consuelo,M-J:6 CLAS AE104 V:6 AYU N10,Economía y Administración,2026-1
27881,EAA2220,1,Contabilidad de Costos,Maturana Gustavo,W:2 CLAS AE204 V:2 AYU AE108,Economía y Administración,2026-1
27885,EAA2220,2,Contabilidad de Costos,Maturana Gustavo,W:3 CLAS AE204 V:2 AYU AE215,Economía y Administración,2026-1
27887,EAA2220,3,Contabilidad de Costos,Del Sante Marta,M:3 CLAS AE208 V:2 AYU AE103,Economía y Administración,2026-1
29551,EAA2220,4,Contabilidad de Costos,Del Sante Marta,M:4 CLAS AE208 V:2 AYU AE210,Economía y Administración,2026-1
29601,EAA2225,1,Finanzas Internacionales,Burga Carlos,L-W:4 CLAS N5 J:1 AYU AE205,Economía y Administración,2026-1
22609,EAA222F,1,Mercado de Capitales,Kaplan Alejandro,"L:5,6 CLAS AE215",Economía y Administración,2026-1
27875,EAA2230,1,Empresa y Legislación,Moore Karin,M-J:2 CLAS AE210,Economía y Administración,2026-1
27876,EAA2230,2,Empresa y Legislación,"Letonja Alexander, Aguayo Octavio",M-J:4 CLAS AE108,Economía y Administración,2026-1
27877,EAA2230,3,Empresa y Legislación,Bernstein Benjamin,M-J:5 CLAS AE108 J:6 AYU AE108,Economía y Administración,2026-1
12978,EAA223A,1,Contabilidad Gerencial,Rodriguez Ignacio,M-J:3 CLAS AP202 V:6 AYU N13-A,Economía y Administración,2026-1
32874,EAA223A,2,Contabilidad Gerencial,Del Sante Marta,L-W:2 CLAS N4 V:6 AYU AE001,Economía y Administración,2026-1
32881,EAA223A,3,Contabilidad Gerencial,Del Sante Marta,L-W:4 CLAS AE106 V:6 AYU N8,Economía y Administración,2026-1
32882,EAA223A,4,Contabilidad Gerencial,Camilla Luis,L-W:1 CLAS N4 V:6 AYU N15,Economía y Administración,2026-1
27903,EAA2240,1,Contabilidad Gerencial,Rodriguez Ignacio,M-J:3 CLAS AP202 V:6 AYU N13-A,Economía y Administración,2026-1
27904,EAA2240,2,Contabilidad Gerencial,Del Sante Marta,L-W:2 CLAS N4 V:6 AYU AE001,Economía y Administración,2026-1
27906,EAA2240,3,Contabilidad Gerencial,Del Sante Marta,L-W:4 CLAS AE106 V:6 AYU N8,Economía y Administración,2026-1
27908,EAA2240,4,Contabilidad Gerencial,Camilla Luis,L-W:1 CLAS N4 V:6 AYU N15,Economía y Administración,2026-1
28081,EAA2245,1,Inversiones de Renta Fija,Buchuk David,M-J:3 CLAS AE108 J:5 AYU AE210,Economía y Administración,2026-1
15372,EAA224A,1,Seminario de Finanzas,Muñoz Rodrigo,"L:2,3 CLAS AE204 W:2 CLAS AE108",Economía y Administración,2026-1
28083,EAA2260,1,Valoración Financiera de Empresas,"Errazuriz Max, Errazuriz Maximo","L:7,8 CLAS AE103",Economía y Administración,2026-1
25992,EAA2310,1,Fundamentos de Marketing,Palacios Luis,M-J:4 CLAS AE207 V:3 AYU AE204,Economía y Administración,2026-1
25994,EAA2310,2,Fundamentos de Marketing,Ibañez Jorge,M-J:3 CLAS AE215 V:3 AYU AE208,Economía y Administración,2026-1
27916,EAA2310,3,Fundamentos de Marketing,Rocca Francisco,M-J:2 CLAS AE207 V:3 AYU AE215,Economía y Administración,2026-1
29554,EAA2310,4,Fundamentos de Marketing,Fernández María,M-J:2 CLAS AE211 V:3 AYU AE103,Economía y Administración,2026-1
27917,EAA2320,1,Marketing Analytics,Montoya Ricardo,M-J:3 CLAS E13 V:3 AYU AE206,Economía y Administración,2026-1
27919,EAA2320,2,Marketing Analytics,Montoya Ricardo,M-J:4 CLAS E13 V:3 AYU AG3,Economía y Administración,2026-1
29559,EAA2320,3,Marketing Analytics,Marshall Pablo,L-W:4 CLAS AG4 V:3 AYU ED113,Economía y Administración,2026-1
12983,EAA240A,1,Administracion de Recursos Humanos,Raineri Andres,M-J:2 CLAS N4 V:1 AYU AE104,Economía y Administración,2026-1
32892,EAA240A,2,Administracion de Recursos Humanos,Raineri Andres,M-J:3 CLAS D101 V:1 AYU N13-B,Economía y Administración,2026-1
32894,EAA240A,3,Administracion de Recursos Humanos,Portales Carlos,L-W:3 CLAS N18 V:1 AYU N16-A,Economía y Administración,2026-1
32896,EAA240A,4,Administracion de Recursos Humanos,Mehech Alejandra,L-W:5 CLAS AE102 V:1 AYU AE106,Economía y Administración,2026-1
25995,EAA2410,1,Estrategia de la Organización,Ruiz Francisco,L-W:4 CLAS AE206 V:2 AYU AE207,Economía y Administración,2026-1
25996,EAA2410,2,Estrategia de la Organización,Ruiz Francisco,L-W:5 CLAS AE107 V:2 AYU AE001,Economía y Administración,2026-1
29565,EAA2410,3,Estrategia de la Organización,Saraiva Gustavo,M-J:6 CLAS AE106 V:2 AYU AE104,Economía y Administración,2026-1
27946,EAA2420,1,Estrategia Competitiva,Gonzalez Andres,M-J:2 CLAS N16-A V:4 AYU N12,Economía y Administración,2026-1
27947,EAA2420,2,Estrategia Competitiva,Gonzalez Andres,M-J:3 CLAS N16-A V:4 AYU N5,Economía y Administración,2026-1
12985,EAA251A,1,Metodos de Optimizacion,Espinoza Ariel,"W:5,6 CLAS D302 V:4 AYU FT-101",Economía y Administración,2026-1
32904,EAA251A,2,Metodos de Optimizacion,Espinoza Ariel,"L:5,6 CLAS N15 V:4 AYU S3",Economía y Administración,2026-1
32905,EAA251A,3,Metodos de Optimizacion,Cepeda Manuel,"J:5,6 CLAS A2 V:4 AYU SEM_2_P4",Economía y Administración,2026-1
28514,EAA2841,1,Sociedad Civil y Filantropía,"Holzapfel Armando, Streeter Paula","M:5,6 CLAS AE215 J:5 AYU AE215",Economía y Administración,2026-1
12986,EAA284A,1,Derecho de la Empresa,Moore Karin,M-J:3 CLAS AE210,Economía y Administración,2026-1
27276,EAA296A,1,Estudios de Administración de Empresas I,Galvez Julio,: CLAS SIN SALA,Economía y Administración,2026-1
30416,EAA3019,1,Cambio y Desarrollo Organizacional,Raineri Andres,V-S: CLAS,Economía y Administración,2026-1
26054,EAA3020,1,Legislación y Relaciones Laborales,Azócar Rodrigo,: CLAS SIN SALA,Economía y Administración,2026-1
26050,EAA3022,1,Liderazgo y Competencias para Recursos Humanos,Cortés Juan,V-S:8 CLAS SIN SALA,Economía y Administración,2026-1
26055,EAA3023,1,Negociación y Resolución de Conflictos,Kausel Edgar,: CLAS SIN SALA,Economía y Administración,2026-1
34199,EAA3023,4,Negociación y Resolución de Conflictos,Kausel Edgar,W-J-V-S: CLAS SIN SALA,Economía y Administración,2026-1
13000,EAA305A,1,Direccion de Empresas y Estrategia,Rivera Jose,"L:5,6 CLAS AE205 V:1 AYU AE108",Economía y Administración,2026-1
15304,EAA305A,2,Direccion de Empresas y Estrategia,Rivera Jose,"M:5,6 CLAS AE205 V:1 AYU AE204",Economía y Administración,2026-1
21070,EAA305A,3,Direccion de Empresas y Estrategia,Tarzijan Jorge,L-W:4 CLAS AE205 V:1 AYU AE209,Economía y Administración,2026-1
24784,EAA305A,4,Direccion de Empresas y Estrategia,Portales Carlos,L-W:2 CLAS AE206 V:1 AYU AE103,Economía y Administración,2026-1
13002,EAA305E,1,Creacion de Nuevas Empresas,Lecaros Maria,"W:5,6 CLAS AE207",Economía y Administración,2026-1
13001,EAA305E,2,Creacion de Nuevas Empresas,Schkolnick Yael,"W:5,6 CLAS AE215",Economía y Administración,2026-1
26017,EAA305E,3,Creacion de Nuevas Empresas,Moncada Natalia,"W:5,6 CLAS E13",Economía y Administración,2026-1
27962,EAA3101,1,Liderazgo Estratégico,Vasquez Veronica,"L:3,4 CLAS AP004",Economía y Administración,2026-1
31196,EAA3101,2,Liderazgo Estratégico,Valenzuela Sergio,"M:2,3 CLAS A2",Economía y Administración,2026-1
31197,EAA3101,3,Liderazgo Estratégico,Valenzuela Sergio,"J:2,3 CLAS A2",Economía y Administración,2026-1
31198,EAA3101,4,Liderazgo Estratégico,Vigneaux Maria,"M:5,6 CLAS AE213",Economía y Administración,2026-1
27979,EAA3112,1,La Persona del Líder,Vasquez Veronica,"M:3,4 CLAS K303",Economía y Administración,2026-1
33486,EAA3119,1,Inteligencia Emocional en la Empresa,Abarca Nureya,"L:3 CLAS AE213 W:2,3 CLAS ED215",Economía y Administración,2026-1
31205,EAA317A,1,Liderazgo Orientado por Valores: Un Enfoque Práctico,"Paul Constanza, Kaplan María","M:1,2 CLAS AP005 V:5 AYU S5",Economía y Administración,2026-1
29587,EAA3201,1,Dirección Financiera,Rodriguez Ignacio,M-J:4 CLAS AP202 V:2 AYU AE209,Economía y Administración,2026-1
29588,EAA3201,2,Dirección Financiera,Gorostiaga Juan,M-J:2 CLAS AP103 V:2 AYU AE211,Economía y Administración,2026-1
29590,EAA3201,3,Dirección Financiera,Gorostiaga Juan,M-J:3 CLAS AE209 V:2 AYU AE204,Economía y Administración,2026-1
29591,EAA3201,4,Dirección Financiera,Joannon Felipe,L-W:3 CLAS AE205 V:2 AYU AE206,Economía y Administración,2026-1
33696,EAA3201,5,Dirección Financiera,Orellana Augusto,L-W:2 CLAS AE207 V:2 AYU AP102,Economía y Administración,2026-1
13010,EAA3210,1,Teoria de Inversiones,Walker Eduardo,L:4 AYU AE103 M-J:4 CLAS AE210,Economía y Administración,2026-1
31206,EAA3218,1,Inversión en Activos Alternativos,Mogrovejo Roger,"W:1,2 CLAS AE215 J:1 AYU AE210",Economía y Administración,2026-1
13008,EAA321B,1,Finanzas II,Rodriguez Ignacio,M-J:4 CLAS AP202 V:2 AYU AE209,Economía y Administración,2026-1
13009,EAA321B,2,Finanzas II,Gorostiaga Juan,M-J:2 CLAS AP103 V:2 AYU AE211,Economía y Administración,2026-1
18950,EAA321B,3,Finanzas II,Gorostiaga Juan,M-J:3 CLAS AE209 V:2 AYU AE204,Economía y Administración,2026-1
24699,EAA321B,4,Finanzas II,Joannon Felipe,L-W:3 CLAS AE205 V:2 AYU AE206,Economía y Administración,2026-1
33679,EAA321B,5,Finanzas II,Orellana Augusto,L-W:2 CLAS AE207 V:2 AYU AP102,Economía y Administración,2026-1
33150,EAA3223,1,Fundamentos de Finanzas Sostenibles,Walker Eduardo,M-J:5 CLAS AE207 V:6 AYU AE215,Economía y Administración,2026-1
29605,EAA3226,1,Fusiones y Adquisiciones,Clivio Gabriela,L-W:1 CLAS AE206 V:2 AYU AE208,Economía y Administración,2026-1
31207,EAA3236,1,Análisis Financiero Aplicado,Bulnes Jose,"L:1,2 CLAS AE211 V:3 AYU AE108",Economía y Administración,2026-1
28086,EAA3241,1,Laboratorio de Banca de Inversión,Singer Marcos,"L:5 AYU AE213 L:6,7 CLAS H4",Economía y Administración,2026-1
13014,EAA3290,1,Seminario Final de Graduacion,"Valenzuela Marcela, Larrain Francisco, Silva Consuelo",: CLAS,Economía y Administración,2026-1
26234,EAA3315,1,Estrategias de Comunicación Digital,Valenzuela Pablo,M-J:1 CLAS AE108,Economía y Administración,2026-1
31208,EAA3341,1,Comportamiento del Consumidor,Gonzalez Claudia,"L:4 AYU AP007 W:3,4 CLAS S5",Economía y Administración,2026-1
32927,EAA3351,1,Gestión y Dirección de Ventas,Guzmán Claudio,L-W:3 CLAS AE209,Economía y Administración,2026-1
32931,EAA3381,1,Gestión del Valor del Cliente,Ibañez Jorge,M-J:2 CLAS AE215 V:5 AYU AE215,Economía y Administración,2026-1
32933,EAA3382,1,Retail y Entendimiento del Shopper,Guzmán Claudio,L-W:4 CLAS AE209,Economía y Administración,2026-1
32934,EAA3391,1,"Experiencia de Cliente: Diseño, Gestión e Impacto",Fernández María,M-J:4 CLAS AE211 V:6 AYU AE103,Economía y Administración,2026-1
33151,EAA3392,1,Estrategia de Producto y Marca,Palacios Luis,M-J:3 CLAS AE207 V:3 AYU AE211,Economía y Administración,2026-1
29582,EAA3401,1,Dirección de Empresas y Estrategia,Rivera Jose,"L:5,6 CLAS AE205 V:1 AYU AE108",Economía y Administración,2026-1
29584,EAA3401,2,Dirección de Empresas y Estrategia,Rivera Jose,"M:5,6 CLAS AE205 V:1 AYU AE204",Economía y Administración,2026-1
29585,EAA3401,3,Dirección de Empresas y Estrategia,Tarzijan Jorge,L-W:4 CLAS AE205 V:1 AYU AE209,Economía y Administración,2026-1
29586,EAA3401,4,Dirección de Empresas y Estrategia,Portales Carlos,L-W:2 CLAS AE206 V:1 AYU AE103,Economía y Administración,2026-1
31212,EAA3406,1,Estrategia y Sustentabilidad,Ramirez Cristian,M-J:2 CLAS AE204,Economía y Administración,2026-1
32926,EAA3411,1,Estrategia Competitiva Aplicada,Gonzalez Andres,M-J:5 CLAS AE206 J:6 AYU AE210,Economía y Administración,2026-1
27963,EAA3500,1,Práctica Profesional Administración,Caceres Nora,: CLAS SIN SALA,Economía y Administración,2026-1
27961,EAA3501,1,Gestión de Operaciones,Espinoza Ariel,"W:5,6 CLAS D302 V:4 AYU FT-101",Economía y Administración,2026-1
29580,EAA3501,2,Gestión de Operaciones,Espinoza Ariel,"L:5,6 CLAS N15 V:4 AYU S3",Economía y Administración,2026-1
29581,EAA3501,3,Gestión de Operaciones,Cepeda Manuel,"J:5,6 CLAS A2 V:4 AYU AE204",Economía y Administración,2026-1
31192,EAA3601,1,Creación de Nuevas Empresas,Lecaros Maria,"W:5,6 CLAS AE207",Economía y Administración,2026-1
31193,EAA3601,2,Creación de Nuevas Empresas,Schkolnick Yael,"W:5,6 CLAS AE215",Economía y Administración,2026-1
31194,EAA3601,3,Creación de Nuevas Empresas,Moncada Natalia,"W:5,6 CLAS E13",Economía y Administración,2026-1
19289,EAA361A,1,Análisis de Big Data,Vasquez Cristian,L-W:3 CLAS AE211 W:7 AYU AE213,Economía y Administración,2026-1
27324,EAA396A,1,Estudios de Administración de Empresas II,Galvez Julio,: CLAS SIN SALA,Economía y Administración,2026-1
27589,EAA4000,1,Fundamentos de Contabilidad y Finanzas,Maturana Gustavo,V-S: CLAS SIN SALA,Economía y Administración,2026-1
33849,EAA4008,1,Competencias de Liderazgo Efectivo,Vasquez Veronica,V-S: CLAS SIN SALA,Economía y Administración,2026-1
33592,EAA4014,1,Comunicación Estratégica para la Gestión de Personas,Tagle Maria,V-S: CLAS SIN SALA,Economía y Administración,2026-1
33588,EAA4015,1,Estrategia de Legislación Laboral,Azócar Rodrigo,V-S: CLAS SIN SALA,Economía y Administración,2026-1
33596,EAA4020,1,Compensaciones e Incentivos,Ugalde Maria,J-V: CLAS SIN SALA,Economía y Administración,2026-1
33590,EAA4024,1,Gestión de la Productividad,Traverso Pedro,V-S: CLAS SIN SALA,Economía y Administración,2026-1
30569,ESM02AD,1,Administración de Rrhh,Raineri Andres,: CLAS SIN SALA,Economía y Administración,2026-1
30617,ESM02AD,2,Administración de Rrhh,"Bagnara Andrea, Raineri Andres",: CLAS SIN SALA,Economía y Administración,2026-1
30618,ESM02AD,3,Administración de Rrhh,"Persico Alejandro, Raineri Andres",: CLAS SIN SALA,Economía y Administración,2026-1
30619,ESM02AD,4,Administración de Rrhh,Raineri Andres,: CLAS SIN SALA,Economía y Administración,2026-1
30620,ESM02AD,5,Administración de Rrhh,"Bagnara Andrea, Raineri Andres",: CLAS SIN SALA,Economía y Administración,2026-1
30621,ESM02AD,6,Administración de Rrhh,"Persico Alejandro, Raineri Andres",: CLAS SIN SALA,Economía y Administración,2026-1
30570,ESM03AD,1,Contabilidad,"Schmidt Carlos, Raineri Andres",: CLAS SIN SALA,Economía y Administración,2026-1
30571,ESM04AD,1,Finanzas,"Gana Raimundo, Hernandez Fernando, Raineri Andres",: CLAS SIN SALA,Economía y Administración,2026-1
13048,EAE105A,1,Introducción a la Economía,Alarcón Maximiliano,L-W:1 CLAS N5 J:7 TAL SIN SALA V:1 AYU N5,Economía y Administración,2026-1
13030,EAE105A,2,Introducción a la Economía,Cancino Liliana,L-W:1 CLAS N17 J:7 TAL SIN SALA V:3 AYU N6,Economía y Administración,2026-1
13037,EAE105A,3,Introducción a la Economía,Cases Roberto,L-W:1 CLAS D302 J:7 TAL SIN SALA V:1 AYU D303,Economía y Administración,2026-1
13049,EAE105A,4,Introducción a la Economía,Vergara José,L-W:1 CLAS D301 J:7 TAL SIN SALA V:3 AYU D305,Economía y Administración,2026-1
13031,EAE105A,5,Introducción a la Economía,Jara Rubén,M-J:1 CLAS D104 J:7 TAL SIN SALA V:1 AYU N12,Economía y Administración,2026-1
13043,EAE105A,6,Introducción a la Economía,Navarro Simón,L-W:5 CLAS MS-1 L:6 AYU COM_103 J:7 TAL SIN SALA,Economía y Administración,2026-1
13045,EAE105A,7,Introducción a la Economía,Carrasco Darío,L:5 AYU MATTE_CEX L:6 TAL SIN SALA M-J:1 CLAS A_201 J:7 TAL SIN SALA,Economía y Administración,2026-1
28073,EAE105A,8,Introducción a la Economía,De Iruarrizaga Miguel,L:5 AYU COM_103 L:6 TAL SIN SALA M-J:1 CLAS MS-2 J:7 TAL SIN SALA,Economía y Administración,2026-1
13046,EAE105A,9,Introducción a la Economía,Cifuentes Carmen,L:5 AYU CAR_OVIEDO L:6 TAL SIN SALA M-J:1 CLAS MATTE_CEX J:7 TAL SIN SALA,Economía y Administración,2026-1
13047,EAE105A,10,Introducción a la Economía,Pérez Simón,L:5 AYU A_301 L:6 TAL SIN SALA M-J:1 CLAS A_301 J:7 TAL SIN SALA,Economía y Administración,2026-1
13036,EAE105A,11,Introducción a la Economía,Sasmay Alberto,L:5 AYU RAULSILVAH L:6 TAL SIN SALA M-J:1 CLAS S_PIÑERA_E J:7 TAL SIN SALA,Economía y Administración,2026-1
13040,EAE105A,12,Introducción a la Economía,Torrealba Rafael,M-J:1 CLAS E10 J:7 TAL SIN SALA V:1 AYU E10,Economía y Administración,2026-1
33249,EAE105A,13,Introducción a la Economía,Cabrera Antonia,M-J:1 CLAS E14 J:7 TAL SIN SALA V:1 AYU E13,Economía y Administración,2026-1
28045,EAE110A,1,Introduccion a la Microeconomia,Falck Denise,"M:7 AYU AE211 W:6,7 CLAS AE206",Economía y Administración,2026-1
22531,EAE1110,1,Introducción a la Microeconomía,Fleitas Sebastian,L-W:2 CLAS AE104 W:7 TAL SIN SALA V:4 AYU AE104,Economía y Administración,2026-1
22857,EAE1110,2,Introducción a la Microeconomía,Besfamille Martin,M-J:2 CLAS AE104 W:7 TAL SIN SALA V:4 AYU C200,Economía y Administración,2026-1
22861,EAE1110,3,Introducción a la Microeconomía,Besfamille Martin,M-J:5 CLAS AE001 W:7 TAL SIN SALA V:4 AYU AE106,Economía y Administración,2026-1
22862,EAE1110,4,Introducción a la Microeconomía,Silva Francisca,L-W:1 CLAS AE106 W:7 TAL SIN SALA V:4 AYU AE001,Economía y Administración,2026-1
22863,EAE1110,5,Introducción a la Microeconomía,Traferri Alejandra,M-J:4 CLAS AE107 W:7 TAL SIN SALA V:4 AYU C203,Economía y Administración,2026-1
22864,EAE1110,6,Introducción a la Microeconomía,Silva Francisca,L-W:2 CLAS AE106 W:7 TAL SIN SALA V:4 AYU AE105,Economía y Administración,2026-1
22865,EAE1110,7,Introducción a la Microeconomía,Blackburn Stephen,L-W:1 CLAS D306 W:7 TAL SIN SALA V:4 AYU D306,Economía y Administración,2026-1
33177,EAE1110,8,Introducción a la Microeconomía,Navarro Simón,L-W:1 CLAS D201 W:7 TAL SIN SALA V:4 AYU D304,Economía y Administración,2026-1
13063,EAE120S,1,Introduccion a la Macroeconomia,Carvajal Laura,L-W:1 CLAS S5 V:1 AYU ED214,Economía y Administración,2026-1
24702,EAE1210,1,Introducción a la Macroeconomía,Urquiza Juan,M-J:3 CLAS AP203 W:7 TAL SIN SALA V:4 AYU AL2,Economía y Administración,2026-1
28050,EAE1210,2,Introducción a la Macroeconomía,Urquiza Juan,M-J:5 CLAS AP203 W:7 TAL SIN SALA V:4 AYU SIN SALA,Economía y Administración,2026-1
24704,EAE1210,3,Introducción a la Macroeconomía,Nannig Alex,L-W:5 CLAS AE001 W:7 TAL AE106 V:4 AYU AL4,Economía y Administración,2026-1
33185,EAE1210,4,Introducción a la Macroeconomía,Martínez Felipe,L-W:1 CLAS AE205 W:7 TAL AE204 V:4 AYU SIN SALA,Economía y Administración,2026-1
24705,EAE1220,1,Análisis Económico: la Experiencia Chilena,Diaz Jose,L-W:4 CLAS AE201 W:7 TAL SIN SALA V:4 AYU AE004,Economía y Administración,2026-1
24706,EAE1220,2,Análisis Económico: la Experiencia Chilena,Diaz Jose,L-W:5 CLAS AE203 W:7 TAL SIN SALA V:4 AYU AE002,Economía y Administración,2026-1
24707,EAE1220,3,Análisis Económico: la Experiencia Chilena,Garcia Macarena,L-W:1 CLAS AE001 W:7 TAL SIN SALA V:4 AYU AE003,Economía y Administración,2026-1
24708,EAE1220,4,Análisis Económico: la Experiencia Chilena,Aguirre Josefa,L-W:2 CLAS AE001 W:7 TAL SIN SALA V:4 AYU AE201,Economía y Administración,2026-1
24709,EAE1220,5,Análisis Económico: la Experiencia Chilena,Aguirre Josefa,L-W:3 CLAS AE001 W:7 TAL SIN SALA V:4 AYU AE101,Economía y Administración,2026-1
25903,EAE2110,1,Microeconomía I,Vial Bernardita,L-W:3 CLAS N2 V:4 AYU N6,Economía y Administración,2026-1
25904,EAE2110,2,Microeconomía I,Traferri Alejandra,M-J:2 CLAS N5 V:4 AYU N15,Economía y Administración,2026-1
28054,EAE2110,3,Microeconomía I,Traferri Alejandra,M-J:5 CLAS D203 V:4 AYU N16-A,Economía y Administración,2026-1
29639,EAE2110,4,Microeconomía I,Silva Hugo,L-W:4 CLAS AE104 V:4 AYU N14,Economía y Administración,2026-1
29668,EAE2113,1,Economía del Comportamiento,Munoz Cristian,L:6 AYU AE213 M-J:5 CLAS CS302,Economía y Administración,2026-1
25907,EAE2120,1,Microeconomía II,Vial Bernardita,L-W:2 CLAS N2 V:4 AYU N8,Economía y Administración,2026-1
25908,EAE2120,2,Microeconomía II,Figueroa Nicolas,M-J:3 CLAS D203 V:4 AYU N13-A,Economía y Administración,2026-1
25910,EAE2120,3,Microeconomía II,Zurita Felipe,M-J:4 CLAS AE105 V:4 AYU N4,Economía y Administración,2026-1
25911,EAE2120,4,Microeconomía II,Garcia Ezequiel,M-J:5 CLAS N15 V:4 AYU N18,Economía y Administración,2026-1
31219,EAE2120,5,Microeconomía II,Akin Sumeyra,L-W:3 CLAS N13-B V:4 AYU N7,Economía y Administración,2026-1
28065,EAE2130,1,Competencia y Mercado,Fleitas Sebastian,L-W:3 CLAS AE104 J:5 AYU N8,Economía y Administración,2026-1
25913,EAE2210,1,Macroeconomía I,Fuentes Juan,M-J:1 CLAS AE104 V:5 AYU AE107,Economía y Administración,2026-1
25914,EAE2210,2,Macroeconomía I,Fuentes Juan,M-J:3 CLAS N2 V:5 AYU AE104,Economía y Administración,2026-1
25915,EAE2210,3,Macroeconomía I,Cancino Liliana,L-W:4 CLAS AE105 V:5 AYU AE105,Economía y Administración,2026-1
28894,EAE2210,4,Macroeconomía I,Soto Raimundo,M-J:2 CLAS D201 V:5 AYU AE001,Economía y Administración,2026-1
26115,EAE2215,1,Desarrollo Económico y Sustentable en América Latina,Larrain Felipe,L-W:2 CLAS AE205 M:5 AYU E13,Economía y Administración,2026-1
28056,EAE2220,1,Macroeconomía II,Urquiza Juan,L-W:3 CLAS AE106 V:5 AYU N18,Economía y Administración,2026-1
28057,EAE2220,2,Macroeconomía II,Urquiza Juan,L-W:5 CLAS AE106 V:5 AYU N13-A,Economía y Administración,2026-1
28058,EAE2220,3,Macroeconomía II,Turen Javier,M-J:5 CLAS N18 V:5 AYU N8,Economía y Administración,2026-1
32011,EAE2220,4,Macroeconomía II,Naudon Alberto,L-W:6 CLAS N2 V:5 AYU N15,Economía y Administración,2026-1
28071,EAE2223,1,"Sustentabilidad: ¿Cómo Alcanzar Un Desarrollo Económico, Social y Sostenible?",Jordan Felipe,L-W:5 CLAS SEM_2_P2,Economía y Administración,2026-1
31226,EAE2228,1,Tópicos Macrofinancieros en los Mercados Globales,Cariola Jorge,M-J:6 CLAS AE207 J:2 CLAS AE209,Economía y Administración,2026-1
26112,EAE2305,1,Políticas Públicas para el Desarrollo,"Vial Joaquin, Arellano Jose",L-W:3 CLAS AE207 W:1 AYU AE211,Economía y Administración,2026-1
33228,EAE2306,1,"Mercado Laboral, Participación y Equidad",Lafortune Jeanne,M-J:2 CLAS AE108 J:6 AYU AE208,Economía y Administración,2026-1
33214,EAE240B,1,Macroeconomía Internacional,Gonzalez Mario,M-J:1 CLAS S5 V:5 AYU FT-103,Economía y Administración,2026-1
28069,EAE2510,1,Econometría,Casassus Jaime,L-W:3 CLAS AE108 L:6 TAL AE103 W:6 AYU AE108,Economía y Administración,2026-1
25922,EAE2510,2,Econometría,Casassus Jaime,L-W:5 CLAS N16-B L:6 TAL AE108 W:6 AYU AE103,Economía y Administración,2026-1
33215,EAE2510,3,Econometría,Martinez Claudia,L:6 TAL AE211 M-J:4 CLAS AE215 W:6 AYU AE208,Economía y Administración,2026-1
25924,EAE2510,4,Econometría,Lamp Stefan,L-W:2 CLAS AE209 L:6 TAL AE209 W:6 AYU AE209,Economía y Administración,2026-1
13094,EAE273A,1,Protección de la Libre Competencia: Aspectos Económicos y Jurídicos,Domper Maria,L-W:4 CLAS AE108 W:6 AYU AE211,Economía y Administración,2026-1
13095,EAE286A,1,"Experiencias Economicas Comparadas: Europa, America Latina y Asia",Diaz Jose,L:1 AYU AE215 M-J:4 CLAS AE209,Economía y Administración,2026-1
20128,EAE299A,1,Economia 200,Depetris Emilio,: CLAS SIN SALA,Economía y Administración,2026-1
34127,EAE3000,1,Economía Matemática,Machado Caio,L:5 AYU FT-105 M-J:2 CLAS AG7,Economía y Administración,2026-1
13097,EAE300B,1,Seminario de Titulo,Vial Bernardita,: CLAS SIN SALA,Economía y Administración,2026-1
13099,EAE300M,1,Tesis de Magister en Economia,Machado Caio,: CLAS SIN SALA,Economía y Administración,2026-1
34126,EAE3010,1,Teoría Microeconómica I,Heumann Tibor,M-J:3 CLAS AE213 V:4 AYU AE213,Economía y Administración,2026-1
34128,EAE3020,1,Teoría Macroeconómica I,Janiak Alexandre,L-W:3 CLAS K300 V:3 AYU ED215,Economía y Administración,2026-1
34129,EAE3030,1,Teoría Econométrica I,Picchetti Pedro,L-W:2 CLAS AE213 V:2 AYU AE213,Economía y Administración,2026-1
33350,EAE3041,1,Economía Política de la Cohesión Social,Depetris Emilio,L-W:4 CLAS AE213 J:5 AYU AE213,Economía y Administración,2026-1
13101,EAE305,1,Macroeconomia,Cerda Rodrigo,: CLAS SIN SALA,Economía y Administración,2026-1
13103,EAE305,2,Macroeconomia,Cerda Rodrigo,: CLAS SIN SALA,Economía y Administración,2026-1
34130,EAE3061,1,Teoría Real del Comercio,Garcia Ezequiel,M-J:4 CLAS C507 W:5 AYU SPG,Economía y Administración,2026-1
34131,EAE3099,1,Proyecto de Tesis,"Machado Caio, Figueroa Nicolas",: CLAS SIN SALA,Economía y Administración,2026-1
19672,EAE3101,1,Microeconometría Aplicada,Artiles Miriam,L-W:5 CLAS E14 M:6 AYU AE209,Economía y Administración,2026-1
19673,EAE3102,1,Macroeconometría Aplicada,Turen Javier,M-J:2 CLAS AE213 W:6 AYU SCOM2,Economía y Administración,2026-1
13104,EAE310B,1,Teoria Microeconomica I,Heumann Tibor,M-J:3 CLAS AE213 V:4 AYU AE213,Economía y Administración,2026-1
13106,EAE319B,1,Economia Matematica,Machado Caio,L:5 AYU FT-105 M-J:2 CLAS AG7,Economía y Administración,2026-1
29901,EAE3202,1,Política Macroeconómica,Piedrabuena Bernardita,M-J:1 CLAS AE215 V:1 AYU AE206,Economía y Administración,2026-1
13107,EAE320B,1,Teoria Macroeconomica I,Janiak Alexandre,L-W:3 CLAS K300 V:3 AYU ED215,Economía y Administración,2026-1
29649,EAE3210,1,Macroeconomía Internacional,Vicondoa Alejandro,M-J:3 CLAS AE206 V:5 AYU AE204,Economía y Administración,2026-1
23551,EAE3342,1,Economía de Transporte,Silva Hugo,L-W:2 CLAS AP403 V:4 AYU C511,Economía y Administración,2026-1
33477,EAE342C,1,Teoria Real del Comercio,Garcia Ezequiel,M-J:4 CLAS C507 W:5 AYU SPG,Economía y Administración,2026-1
29999,EAE3500,1,Práctica Profesional Economía,Caceres Nora,: CLAS SIN SALA,Economía y Administración,2026-1
13110,EAE350B,1,Teoria Econometrica I,Picchetti Pedro,L-W:2 CLAS AE213 V:2 AYU AE213,Economía y Administración,2026-1
24751,EAE3551,1,Política de Competencia y Regulación,"Krussig Thomas, Acevedo Aurora",M-J:1 CLAS AE213 V:1 AYU AE213,Economía y Administración,2026-1
25917,EAE3601,1,Desafíos de Economía Aplicada,Garcia Macarena,"M:6,7 CLAS SEM_6_P4 V:2 AYU SEM_6_P2",Economía y Administración,2026-1
33235,EAE3601,2,Desafíos de Economía Aplicada,Soto Raimundo,"M:6,7 CLAS SEM_1_P4 V:2 AYU S16",Economía y Administración,2026-1
33471,EAE3701,1,Economía de las Políticas Sociales,"Alvarez Maria, Moreno Francisca",L-W:1 CLAS AE213 J:6 AYU AE213,Economía y Administración,2026-1
31493,EAE3703,1,Desarrollo Económico en América Latina,Gonzalez Gustavo,L-W:3 CLAS AE215 V:3 AYU AE210,Economía y Administración,2026-1
28318,EAE3709,1,Aplicaciones de Machine Learning en Economía,"Pérez Joaquín, Contreras Raimundo",L-W:8 CLAS AE213 J:8 AYU AE213,Economía y Administración,2026-1
29928,EAE3711,1,Tópicos en Microeconometría Aplicada y Métodos Cuasi-Experimentales,Cooper Ryan,M:7 CLAS SIN SALA J:3 AYU SPG,Economía y Administración,2026-1
29927,EAE3713,1,Gestión y Regulación de Riesgos Financieros,Cruz Jose,L-V:4 CLAS AE215 W:4 AYU AE103,Economía y Administración,2026-1
33473,EAE3718,1,La Economía Global,Fuentes Juan,M-J:4 CLAS C500 W:2 AYU AE208,Economía y Administración,2026-1
33701,EAE3719,1,Tópicos en Economía Financiera,Zurita Felipe,M-J:5 CLAS AE209 V:6 AYU AE213,Economía y Administración,2026-1
31999,EAE3801,1,Fundamentos de Matemáticas para Economía,Machado Caio,L:5 AYU FT-105 M-J:2 CLAS AG7,Economía y Administración,2026-1
23554,EAE3952,1,Proyecto de Grado: Macroeconomía,Fuentes Juan,: CLAS SIN SALA,Economía y Administración,2026-1
23555,EAE3953,1,Proyecto de Grado: Políticas Públicas,Fuentes Juan,: CLAS SIN SALA,Economía y Administración,2026-1
23556,EAE3954,1,Proyecto de Grado: Economía Financiera,Fuentes Juan,: CLAS SIN SALA,Economía y Administración,2026-1
29885,EAE3976,1,Desigualdad en Macroeconomía,Aguirre Alvaro,"W:2,3 CLAS SPG J:6 AYU SPG",Economía y Administración,2026-1
13116,EAE399A,1,Economia 300,Machado Caio,: CLAS SIN SALA,Economía y Administración,2026-1
33479,EAE4204,1,Teoría Real del Comercio,Garcia Ezequiel,M-J:4 CLAS C507 W:5 AYU SPG,Economía y Administración,2026-1
33465,EAE4354,1,Economía Política de la Cohesión Social,Depetris Emilio,L-W:4 CLAS AE213 J:5 AYU AE213,Economía y Administración,2026-1
25573,EAE4500,1,Economía 4000,Vicondoa Alejandro,: CLAS SIN SALA,Economía y Administración,2026-1
25577,EAE4501,1,Economía Doctorado,Vicondoa Alejandro,: CLAS SIN SALA,Economía y Administración,2026-1
19422,EAE4933,1,Tesis de Doctorado III,Vicondoa Alejandro,: CLAS SIN SALA,Economía y Administración,2026-1
19423,EAE4934,1,Tesis de Doctorado IV,Vicondoa Alejandro,: CLAS SIN SALA,Economía y Administración,2026-1
19444,EAE4951,1,Actividad Anual de Seguimiento I,Vicondoa Alejandro,: CLAS SIN SALA,Economía y Administración,2026-1
19446,EAE4952,1,Actividad Anual de Seguimiento II,Vicondoa Alejandro,: CLAS SIN SALA,Economía y Administración,2026-1
24786,EAE4961,1,Pasantía,Vicondoa Alejandro,: CLAS SIN SALA,Economía y Administración,2026-1
28332,EAE4962,1,Autoría en Artículo Científico,Vicondoa Alejandro,: CLAS SIN SALA,Economía y Administración,2026-1
33406,EAE5000,1,Teoría Microeconómica I,Heumann Tibor,M-J:3 CLAS AE213 V:4 AYU AE213,Economía y Administración,2026-1
33415,EAE5100,1,Teoría Macroeconómica I,Janiak Alexandre,L-W:3 CLAS K300 V:3 AYU ED215,Economía y Administración,2026-1
33463,EAE5200,1,Teoría Econométrica I,Picchetti Pedro,L-W:2 CLAS AE213 V:2 AYU AE213,Economía y Administración,2026-1
33418,EAE5300,1,Métodos Matemáticos para Economía,Machado Caio,L:5 AYU FT-105 M-J:2 CLAS AG7,Economía y Administración,2026-1
33703,EAE5401,1,Examen Preliminar Módulo I,Vicondoa Alejandro,: CLAS SIN SALA,Economía y Administración,2026-1
33704,EAE5402,1,Examen Preliminar Módulo II,Vicondoa Alejandro,: CLAS SIN SALA,Economía y Administración,2026-1
33538,EAE5403,1,Seminario Académico L,Vicondoa Alejandro,: CLAS SIN SALA,Economía y Administración,2026-1
33542,EAE5404,1,Seminario Académico Ll,Vicondoa Alejandro,: CLAS SIN SALA,Economía y Administración,2026-1
33706,EAE5405,1,Proyecto de Tesis,Vicondoa Alejandro,: CLAS SIN SALA,Economía y Administración,2026-1
33707,EAE5406,1,Examen de Candidatura,Vicondoa Alejandro,: CLAS SIN SALA,Economía y Administración,2026-1
33702,EAE5407,1,Docencia en Economía,Vicondoa Alejandro,: CLAS SIN SALA,Economía y Administración,2026-1
33716,EAE5408,1,Actividad Anual de Seguimiento L,Vicondoa Alejandro,: CLAS SIN SALA,Economía y Administración,2026-1
33717,EAE5409,1,Actividad Anual de Seguimiento Ll,Vicondoa Alejandro,: CLAS SIN SALA,Economía y Administración,2026-1
33715,EAE5410,1,Pasantía,Vicondoa Alejandro,: CLAS SIN SALA,Economía y Administración,2026-1
33708,EAE5501,1,Tesis Doctorado L,Vicondoa Alejandro,: CLAS SIN SALA,Economía y Administración,2026-1
33709,EAE5502,1,Tesis Doctorado Ll,Vicondoa Alejandro,: CLAS SIN SALA,Economía y Administración,2026-1
33710,EAE5503,1,Tesis Doctorado Lll,Vicondoa Alejandro,: CLAS SIN SALA,Economía y Administración,2026-1
33711,EAE5504,1,Tesis Doctorado IV,Vicondoa Alejandro,: CLAS SIN SALA,Economía y Administración,2026-1
25144,EAF2010,1,Aplicaciones Matemáticas para Economía y Negocios,Casassus Jaime,M:5 CLAS N6 J:5 CLAS D306 V:1 AYU FT-101,Economía y Administración,2026-1
25145,EAF2010,2,Aplicaciones Matemáticas para Economía y Negocios,Alfaro Jorge,L-W:1 CLAS AG6 V:1 AYU AG6,Economía y Administración,2026-1
25146,EAF2010,3,Aplicaciones Matemáticas para Economía y Negocios,Saraiva Gustavo,M-J:2 CLAS A4 V:1 AYU AG4,Economía y Administración,2026-1
31289,EAF2010,4,Aplicaciones Matemáticas para Economía y Negocios,Ossa Felipe,M-J:3 CLAS AG6 V:1 AYU AG5,Economía y Administración,2026-1
33253,EAF2010,5,Aplicaciones Matemáticas para Economía y Negocios,Nadeau Víctor,M-J:1 CLAS N10 V:1 AYU N10,Economía y Administración,2026-1
28078,EAF2500,1,Práctica Social,Valdes Victoria,M-J:2 CLAS AE206,Economía y Administración,2026-1
29698,EAF2500,2,Práctica Social,Fernández María,M-J:3 CLAS AE211,Economía y Administración,2026-1
29700,EAF2500,3,Práctica Social,Bravo Javiera,L-W:4 CLAS AE211,Economía y Administración,2026-1
33255,EAF2500,4,Práctica Social,Tessada Jose,L-W:5 CLAS N4,Economía y Administración,2026-1
33888,EAG160E,1,¿ Cómo Tomamos Decisiones?,Munoz Cristian,M-J:6 CLAS CS302,Economía y Administración,2026-1
29714,EAG165E,1,Políticas Públicas: Derribando Mitos de la Pobreza,"Izquierdo Sebastián, Bastidas Fernando",L-W:2 CLAS E14 V:2 AYU AE106,Economía y Administración,2026-1
27259,EAG170A,1,Resolución Creativa de Problemas,Sabbagh Maria,L-W:2 CLAS N6 V:2 AYU N2,Economía y Administración,2026-1
27260,EAG190A,1,Explorando el Mundo del Trabajo para la Toma de Decisiones Profesionales,Lund Katia,M-J:5 CLAS AE106 V:5 AYU AE106,Economía y Administración,2026-1
32813,EAM1000,1,Estrategia Corporativa,Tarzijan Jorge,L: CLAS SIN SALA,Economía y Administración,2026-1
32821,EAM1000,2,Estrategia Corporativa,Poblete Joaquin,L: CLAS SIN SALA,Economía y Administración,2026-1
32824,EAM1000,3,Estrategia Corporativa,Kovacevic Antonio,V-S: CLAS SIN SALA,Economía y Administración,2026-1
32817,EAM1000,5,Estrategia Corporativa,Tarzijan Jorge,V-S: CLAS SIN SALA,Economía y Administración,2026-1
33768,EAM1000,6,Estrategia Corporativa,Tarzijan Jorge,W-J-V-S: CLAS SIN SALA,Economía y Administración,2026-1
33783,EAM1050,2,Contabilidad para la Gestión,Filippi Romina,L: CLAS SIN SALA,Economía y Administración,2026-1
33784,EAM1050,3,Contabilidad para la Gestión,Del Sante Marta,V-S: CLAS SIN SALA,Economía y Administración,2026-1
32964,EAM1050,7,Contabilidad para la Gestión,Del Sante Marta,V-S: CLAS SIN SALA,Economía y Administración,2026-1
32946,EAM1100,2,Análisis Cuantitativo para la Toma de Decisiones,Vicuna Maria,M: CLAS SIN SALA,Economía y Administración,2026-1
32950,EAM1100,3,Análisis Cuantitativo para la Toma de Decisiones,Marshall Pablo,V-S: CLAS SIN SALA,Economía y Administración,2026-1
33769,EAM1100,6,Análisis Cuantitativo para la Toma de Decisiones,Marshall Pablo,V-S: CLAS SIN SALA,Economía y Administración,2026-1
33169,EAM1150,7,Dirección Financiera,Maturana Gustavo,V-S: CLAS SIN SALA,Economía y Administración,2026-1
32954,EAM1200,2,Economía para la Gestión,Silva Francisca,M: CLAS SIN SALA,Economía y Administración,2026-1
32961,EAM1200,3,Economía para la Gestión,Sanchez Jose,V-S: CLAS SIN SALA,Economía y Administración,2026-1
33772,EAM1200,6,Economía para la Gestión,Noton Carlos,V-S: CLAS SIN SALA,Economía y Administración,2026-1
33894,EAM1250,2,Dirección Estratégica,Salinas Fernando,L: CLAS SIN SALA,Economía y Administración,2026-1
33895,EAM1250,3,Dirección Estratégica,Rojas Sergio,V-S: CLAS SIN SALA,Economía y Administración,2026-1
33066,EAM1250,7,Dirección Estratégica,Rojas Sergio,V-S: CLAS SIN SALA,Economía y Administración,2026-1
33877,EAM1300,2,Dirección Comercial,Palacios Luis,M: CLAS SIN SALA,Economía y Administración,2026-1
33880,EAM1300,3,Dirección Comercial,Guzmán Claudio,V-S: CLAS SIN SALA,Economía y Administración,2026-1
33857,EAM1300,4,Dirección Comercial,Guzmán Claudio,W-J-V: CLAS SIN SALA,Economía y Administración,2026-1
32963,EAM1300,7,Dirección Comercial,Palacios Luis,V-S: CLAS SIN SALA,Economía y Administración,2026-1
33846,EAM1350,4,Liderazgo y Cambio Organizacional,Portales Carlos,W-J-V-S: CLAS SIN SALA,Economía y Administración,2026-1
33896,EAM1400,2,Dirección de Operaciones,Singer Marcos,W: CLAS SIN SALA,Economía y Administración,2026-1
33897,EAM1400,3,Dirección de Operaciones,Goycoolea Marcos,V-S: CLAS SIN SALA,Economía y Administración,2026-1
33859,EAM1400,4,Dirección de Operaciones,Traverso Pedro,V-S: CLAS SIN SALA,Economía y Administración,2026-1
33065,EAM1400,8,Dirección de Operaciones,Goycoolea Marcos,V-S: CLAS SIN SALA,Economía y Administración,2026-1
33861,EAM1450,1,Seminario Internacional,Por Fijar,L-M-W-J-V: CLAS SIN SALA,Economía y Administración,2026-1
33862,EAM1450,2,Seminario Internacional,Portales Carlos,L-M-W-J-V-S: CLAS SIN SALA,Economía y Administración,2026-1
33863,EAM1450,3,Seminario Internacional,Ramirez Cristian,L-M-W-J-V: CLAS SIN SALA,Economía y Administración,2026-1
33847,EAM1450,4,Seminario Internacional,Dirección Docente,L-M-W-J-V: CLAS SIN SALA,Economía y Administración,2026-1
33864,EAM1450,5,Seminario Internacional,Ramirez Cristian,L-M-W-J-V: CLAS SIN SALA,Economía y Administración,2026-1
33865,EAM1450,6,Seminario Internacional,Ibañez Jorge,L-M-W-J-V: CLAS SIN SALA,Economía y Administración,2026-1
33867,EAM1450,7,Seminario Internacional,Ibañez Jorge,L-M-W-J-V: CLAS SIN SALA,Economía y Administración,2026-1
33644,EAM1500,1,Seminario de Graduación,Vial Álvaro,L-M-W-J-V-S: CLAS SIN SALA,Economía y Administración,2026-1
32952,EAM1550,1,Economía para los Negocios,Blackburn Stephen,M: CLAS SIN SALA,Economía y Administración,2026-1
32953,EAM1550,5,Economía para los Negocios,Blackburn Stephen,V-S: CLAS SIN SALA,Economía y Administración,2026-1
33218,EAM1600,1,Gestión Financiera para los Negocios,Del Sante Marta,L: CLAS SIN SALA,Economía y Administración,2026-1
33219,EAM1600,5,Gestión Financiera para los Negocios,Maturana Gustavo,V-S: CLAS SIN SALA,Economía y Administración,2026-1
32965,EAM1600,8,Gestión Financiera para los Negocios,Maturana Gustavo,V-S: CLAS SIN SALA,Economía y Administración,2026-1
33781,EAM1650,1,Marketing para los Negocios,Ibañez Jorge,L: CLAS SIN SALA,Economía y Administración,2026-1
33782,EAM1650,5,Marketing para los Negocios,Ibañez Jorge,V-S: CLAS SIN SALA,Economía y Administración,2026-1
32966,EAM1650,8,Marketing para los Negocios,Ibañez Jorge,V-S: CLAS SIN SALA,Economía y Administración,2026-1
33995,EAM1700,8,Liderazgo y Cambio Organizacional,Portales Carlos,V-S: CLAS SIN SALA,Economía y Administración,2026-1
32988,EAM2000,1,Comportamiento Organizacional,Valenzuela Sergio,W: CLAS SIN SALA,Economía y Administración,2026-1
32989,EAM2002,1,Estrategia de Marca,Herrera Jorge,W: CLAS SIN SALA,Economía y Administración,2026-1
33270,EAM2003,1,Laboratorio de Innovación,Pertuze Julio,W: CLAS SIN SALA,Economía y Administración,2026-1
33404,EAM2004,1,Gestión del Valor del Cliente,Ibañez Jorge,V-S: CLAS SIN SALA,Economía y Administración,2026-1
33033,EAM2006,1,Orquestación Estratégica,Ruelas-Gossi Alejandro,J-V-S: CLAS SIN SALA,Economía y Administración,2026-1
33034,EAM2006,2,Orquestación Estratégica,Ruelas-Gossi Alejandro,L-M-W-J-V: CLAS SIN SALA,Economía y Administración,2026-1
32997,EAM2007,1,Behavioral Issues in Management,Macera Rosario,J: CLAS SIN SALA,Economía y Administración,2026-1
33775,EAM2007,6,Behavioral Issues in Management,Macera Rosario,V-S: CLAS SIN SALA,Economía y Administración,2026-1
32996,EAM2008,1,Evaluación de Proyectos de Inversión y Valoración de Empresas,Galvez Julio,M: CLAS SIN SALA,Economía y Administración,2026-1
33027,EAM2009,1,Implementación de Estrategia,Kovacevic Antonio,V-S: CLAS SIN SALA,Economía y Administración,2026-1
33307,EAM2013,1,Comunicaciones Estratégicas en Marketing,Wolff Matias,J: CLAS SIN SALA,Economía y Administración,2026-1
33309,EAM2014,1,Marketing Analítico,Montoya Ricardo,V-S: CLAS SIN SALA,Economía y Administración,2026-1
33019,EAM2015,1,Estrategia en la Era de la Disrupción Digital,"Abumohor Rodrigo, Palacios Luis",V-S: CLAS SIN SALA,Economía y Administración,2026-1
33344,EAM2019,1,Gestión e Inversiones Inmobiliarias,Kaplan Alejandro,V-S: CLAS SIN SALA,Economía y Administración,2026-1
33032,EAM2020,1,Gnam Chile,Guzmán Claudio,L-M-W-J-V: CLAS SIN SALA,Economía y Administración,2026-1
32999,EAM2021,1,Negociación,Saieh Cristian,J: CLAS SIN SALA,Economía y Administración,2026-1
33025,EAM2021,2,Negociación,Kausel Edgar,V-S: CLAS SIN SALA,Economía y Administración,2026-1
33308,EAM2021,5,Negociación,Saieh Cristian,V-S: CLAS SIN SALA,Economía y Administración,2026-1
33022,EAM2023,1,Innovación en Modelos de Negocios,Tarzijan Jorge,V-S: CLAS SIN SALA,Economía y Administración,2026-1
33060,EAM2023,2,Innovación en Modelos de Negocios,Tarzijan Jorge,J: CLAS SIN SALA,Economía y Administración,2026-1
33403,EAM2026,1,Gestión y Diseño de Experiencias de Clientes,Figueroa Maria,V-S: CLAS SIN SALA,Economía y Administración,2026-1
33777,EAM2026,6,Gestión y Diseño de Experiencias de Clientes,Figueroa Maria,V-S: CLAS SIN SALA,Economía y Administración,2026-1
34013,EAM2028,1,Sustentabilidad,Urquiza Francisco,V-S: CLAS SIN SALA,Economía y Administración,2026-1
32986,EAM2029,1,Estrategia Más Allá del Mercado,Matte Francisco,M: CLAS SIN SALA,Economía y Administración,2026-1
33003,EAM2030,1,Gestión Estratégica de Personas para la Efectividad Organizacional,Valenzuela Sergio,V-S: LAB SIN SALA,Economía y Administración,2026-1
33275,EAM2031,1,Estrategia Digital,Musso Roberto,J: CLAS SIN SALA,Economía y Administración,2026-1
32987,EAM2032,1,Introducción a la Analítica de Negocios,Ramirez Cristian,M: CLAS SIN SALA,Economía y Administración,2026-1
32998,EAM2034,1,Analítica de Clientes,Elberg Andres,J: CLAS SIN SALA,Economía y Administración,2026-1
33312,EAM2035,1,Administración del Cambio,Arellano Hernan,V-S: CLAS SIN SALA,Economía y Administración,2026-1
33310,EAM2036,1,"Compliance, Sustentabilidad y Gobernanza",Sierra Susana,V-S: CLAS SIN SALA,Economía y Administración,2026-1
33023,EAM2037,1,(In)Eficiencia del Mercado Financiero,Larrain Francisco,V-S: CLAS SIN SALA,Economía y Administración,2026-1
33002,EAM2041,1,Estrategia de Canales de Distribución y Omnicanalidad,Palacios Luis,V-S: CLAS SIN SALA,Economía y Administración,2026-1
32990,EAM2042,1,Gestión Corporativa de Riesgo y Crisis,Delano Juan,W: CLAS SIN SALA,Economía y Administración,2026-1
33021,EAM2043,1,El Nuevo Rol de Ventas en las Organizaciones,Guzmán Claudio,V-S: CLAS SIN SALA,Economía y Administración,2026-1
33024,EAM2044,1,Desafíos del Capital Humano en la Automatización y Transformación Digital,Goldfarb Denisse,V-S: CLAS SIN SALA,Economía y Administración,2026-1
33407,EAM2047,1,Creciendo Exponencialmente en los Mercados de Latinoamérica,Quintero Roberto,W-J-V-S: CLAS SIN SALA,Economía y Administración,2026-1
33305,EAM2048,1,Estrategias del Negocio Minero: los Casos del Cobre y del Litio,Lagos Gustavo,W: CLAS SIN SALA,Economía y Administración,2026-1
33029,EAM2050,1,Modelos de Negocio Circulares,Pabon Claudia,V-S: CLAS SIN SALA,Economía y Administración,2026-1
33028,EAM2052,1,Inteligencia Artificial,Cofre Patricio,V-S: CLAS SIN SALA,Economía y Administración,2026-1
33306,EAM2052,2,Inteligencia Artificial,Cofre Patricio,J: CLAS SIN SALA,Economía y Administración,2026-1
33776,EAM2052,6,Inteligencia Artificial,Cofre Patricio,V-S: CLAS SIN SALA,Economía y Administración,2026-1
33355,EAM2055,1,Gestión de Inversiones: Teoría y Práctica,Guzman Francisco,V-S: CLAS SIN SALA,Economía y Administración,2026-1
33035,EAM2061,1,Liderazgo y Toma de Decisiones,Jordan Rodrigo,J-V-S: CLAS SIN SALA,Economía y Administración,2026-1
33409,EAM2061,2,Liderazgo y Toma de Decisiones,Jordan Rodrigo,J-V-S: CLAS SIN SALA,Economía y Administración,2026-1
33410,EAM2061,5,Liderazgo y Toma de Decisiones,Jordan Rodrigo,J-V-S: CLAS SIN SALA,Economía y Administración,2026-1
33304,EAM2064,1,Financiamiento de Start Up y Venture Capital,Ossa Alvaro,J: CLAS SIN SALA,Economía y Administración,2026-1
33905,EAM2065,1,Impuestos en Chile,Hurtado Hugo,V-S: CLAS SIN SALA,Economía y Administración,2026-1
33000,EAM2068,1,Toma de Decisiones,Hernandez Claudia,V-S: CLAS SIN SALA,Economía y Administración,2026-1
33322,EAM2071,1,Business Analytics and Data Visualization,Vicuna Maria,V-S: CLAS SIN SALA,Economía y Administración,2026-1
33054,EAM2074,1,Calidad y Efectividad Personal,Vasquez Veronica,V-S: CLAS SIN SALA,Economía y Administración,2026-1
33457,EAM2074,2,Calidad y Efectividad Personal,Vasquez Veronica,V-S: CLAS SIN SALA,Economía y Administración,2026-1
33445,EAM2075,1,Needfinding,Broitman Paula,V-S: CLAS SIN SALA,Economía y Administración,2026-1
33043,EAM2076,1,Amazing Race,Jordan Rodrigo,V-S: CLAS SIN SALA,Economía y Administración,2026-1
33455,EAM2076,2,Amazing Race,Jordan Rodrigo,J-V: CLAS SIN SALA,Economía y Administración,2026-1
33856,EAM2076,4,Amazing Race,Jordan Rodrigo,J-V: CLAS SIN SALA,Economía y Administración,2026-1
33057,EAM2077,1,Storytelling para Negocios,Labarca Miguel,V: CLAS SIN SALA,Economía y Administración,2026-1
33458,EAM2077,2,Storytelling para Negocios,Labarca Miguel,V-S: CLAS SIN SALA,Economía y Administración,2026-1
33650,EAM2077,6,Storytelling para Negocios,Labarca Miguel,V: CLAS SIN SALA,Economía y Administración,2026-1
33039,EAM2078,1,"Cultura, Palanca para la Transformación Organizacional",Munoz Marco,V-S: CLAS SIN SALA,Economía y Administración,2026-1
33048,EAM2079,1,Estructura de Diseños de Presentaciones Efectivas,De la Calle Paula,V-S: CLAS SIN SALA,Economía y Administración,2026-1
33773,EAM2079,6,Estructura de Diseños de Presentaciones Efectivas,De la Calle Paula,V: CLAS SIN SALA,Economía y Administración,2026-1
33446,EAM2080,1,Presentaciones de Negocios Efectivas,De la Calle Paula,V-S: CLAS SIN SALA,Economía y Administración,2026-1
33059,EAM2082,1,Competencias Críticas para Acelerar la Carrera,Guerra Ricardo,V-S: CLAS SIN SALA,Economía y Administración,2026-1
33439,EAM2082,2,Competencias Críticas para Acelerar la Carrera,Guerra Ricardo,V-S: CLAS SIN SALA,Economía y Administración,2026-1
33443,EAM2084,1,Economía del Mercado Laboral y Búsqueda de Empleo,Vial Álvaro,V-S: CLAS SIN SALA,Economía y Administración,2026-1
33042,EAM2085,1,Emprender e Innovar para los Nuevos Tiempos,Mustakis Alejandra,V-S: CLAS SIN SALA,Economía y Administración,2026-1
33624,EAM2085,2,Emprender e Innovar para los Nuevos Tiempos,Mustakis Alejandra,V-S: CLAS SIN SALA,Economía y Administración,2026-1
33444,EAM2086,1,Pitch para los Negocios,Labarca Miguel,V-S: CLAS SIN SALA,Economía y Administración,2026-1
33045,EAM2087,1,De los 7 Hábitos de las Personas Altamente Efectivas,Alarcón Katerina,V: CLAS SIN SALA,Economía y Administración,2026-1
33454,EAM2087,2,De los 7 Hábitos de las Personas Altamente Efectivas,Alarcón Katerina,V-S: CLAS SIN SALA,Economía y Administración,2026-1
33774,EAM2087,6,De los 7 Hábitos de las Personas Altamente Efectivas,Alarcón Katerina,S: CLAS SIN SALA,Economía y Administración,2026-1
33052,EAM2088,1,Gestión de la Participación de Stakeholders,Wuth Paula,V: CLAS SIN SALA,Economía y Administración,2026-1
33038,EAM2090,1,"Economía, Bienestar y Felicidad",Vial Álvaro,V-S: CLAS SIN SALA,Economía y Administración,2026-1
33442,EAM2093,1,Habilidades y Competencias Futuras,Eskenazi Roberto,V-S: CLAS SIN SALA,Economía y Administración,2026-1
33055,EAM2094,1,Gerenciamientos de Alto Desempeño,Dougnac Jose,V: CLAS SIN SALA,Economía y Administración,2026-1
33623,EAM2094,2,Gerenciamientos de Alto Desempeño,Lehuede Cristian,V-S: CLAS SIN SALA,Economía y Administración,2026-1
33770,EAM2094,6,Gerenciamientos de Alto Desempeño,Dougnac Jose,V: CLAS SIN SALA,Economía y Administración,2026-1
33056,EAM2095,1,Prescripción para el Sistema de Salud Gestión,Mañalich Jaime,V-S: CLAS SIN SALA,Economía y Administración,2026-1
33460,EAM2096,1,Visualización Efectiva de Datos,Mandiola Maria,V-S: CLAS SIN SALA,Economía y Administración,2026-1
34014,EAM2096,2,Visualización Efectiva de Datos,Mandiola Maria,V-S: CLAS SIN SALA,Economía y Administración,2026-1
33037,EAM2097,1,"Compensación, Incentivos y Beneficios",Ugalde Maria,V-S: CLAS SIN SALA,Economía y Administración,2026-1
33047,EAM2102,1,Negociación,Astete Benjamin,V-S: CLAS SIN SALA,Economía y Administración,2026-1
33413,EAM2102,2,Negociación,Abarca Nureya,V-S: CLAS SIN SALA,Economía y Administración,2026-1
33771,EAM2102,6,Negociación,Saieh Cristian,S: CLAS SIN SALA,Economía y Administración,2026-1
33051,EAM2103,1,Desing Thinking para los Negocios,Broitman Paula,V-S: CLAS SIN SALA,Economía y Administración,2026-1
33461,EAM2104,1,Liderazgo Basado en Principios y Ética,Tonda Susana,V-S: CLAS SIN SALA,Economía y Administración,2026-1
33053,EAM2108,1,Estrategias de Negociación Colectiva,Alarcon Gerardo,V: CLAS SIN SALA,Economía y Administración,2026-1
33036,EAM2110,1,7 Temas Estratégicos de las Relaciones Laborales que Impactan en la Gestión Empresarial,Azócar Rodrigo,V-S: CLAS SIN SALA,Economía y Administración,2026-1
33040,EAM2113,1,Gestionando el Negocio Desde el Cliente,Barros Claudia,V-S: CLAS SIN SALA,Economía y Administración,2026-1
33448,EAM2113,2,Gestionando el Negocio Desde el Cliente,Barros Claudia,V-S: CLAS SIN SALA,Economía y Administración,2026-1
33622,EAM2115,1,Habilidades y Herramientas de Innovación para Cargos Ejecutivos,Takaoka Tadashi,V-S: CLAS SIN SALA,Economía y Administración,2026-1
33440,EAM2116,1,Ética de los Negocios,Marinovic Alejandra,V-S: CLAS SIN SALA,Economía y Administración,2026-1
33321,EAM2118,1,Cómo Liderar Agile,Blechman Marcelo,V-S: CLAS SIN SALA,Economía y Administración,2026-1
34010,EAM2121,1,Estrategia y Tecnología,Galdames Javier,M: CLAS SIN SALA,Economía y Administración,2026-1
33983,EAM2122,1,Gestión de Empresas Familiares,Rivera Jose,W: CLAS SIN SALA,Economía y Administración,2026-1
33269,EAM2123,1,Gestión de Proyectos en la Era de las Redes y la Ia,Sota Luis,M: CLAS SIN SALA,Economía y Administración,2026-1
34011,EAM2124,1,Tópicos de Alta Dirección,Koljatic Matko,W: CLAS SIN SALA,Economía y Administración,2026-1
33459,EAM2126,1,Gobierno Corporativo,Jimenez Arturo,V-S: CLAS SIN SALA,Economía y Administración,2026-1
33414,EAM2129,1,Neurociencia Aplicada al Liderazgo y a la Toma de Decisiones,Por Fijar,V-S: CLAS SIN SALA,Economía y Administración,2026-1
33058,EAM2131,1,Equipos del Futuro: los Principios del Diseño y el Estudio de Futuros en el Trabajo,Wuth Paula,S: CLAS SIN SALA,Economía y Administración,2026-1
33046,EAM2132,1,Taller de Problem Solving Estratégico,Miranda Boris,V: CLAS SIN SALA,Economía y Administración,2026-1
33450,EAM2132,2,Taller de Problem Solving Estratégico,Miranda Boris,V-S: CLAS SIN SALA,Economía y Administración,2026-1
33646,EAM2132,6,Taller de Problem Solving Estratégico,Miranda Boris,V: CLAS SIN SALA,Economía y Administración,2026-1
33915,EAM2133,1,M&A: Un Enfoque Estratégico y Práctico,Rodriguez Andres,V-S: CLAS SIN SALA,Economía y Administración,2026-1
33907,EAM2134,1,Taller de Creación de Agentes de Ia para la Optimización de Negocios,Oksenberg Andres,V-S: CLAS SIN SALA,Economía y Administración,2026-1
34012,EAM2134,2,Taller de Creación de Agentes de Ia para la Optimización de Negocios,Por Fijar,V-S: CLAS SIN SALA,Economía y Administración,2026-1
34097,EAM2134,3,Taller de Creación de Agentes de Ia para la Optimización de Negocios,Oksenberg Andres,S: CLAS SIN SALA,Economía y Administración,2026-1
33904,EAM2135,1,Haciendo Negocios Globalmente,Guzmán Claudio,V-S: CLAS SIN SALA,Economía y Administración,2026-1
33982,EAM2136,1,Riesgo Político y Geopolítico,Sahd Jorge,V-S: CLAS SIN SALA,Economía y Administración,2026-1
33939,EAM2137,1,Crear y Mantener Crecimiento Empresarial,Lehuede Cristian,V-S: CLAS SIN SALA,Economía y Administración,2026-1
33911,EAM2138,1,Family Office: Gestión Patrimonial y Estrategia de Inversiones,Bianchi Roberto,W: CLAS SIN SALA,Economía y Administración,2026-1
33938,EAM2140,1,Nuevas Tecnologías en Finanzas (Fintech),Carrasco José,V-S: CLAS SIN SALA,Economía y Administración,2026-1
33910,EAM2142,1,Emprendimientos Tecnológicos,Romo Maria,M: CLAS SIN SALA,Economía y Administración,2026-1
33902,EAM2146,1,Liderazgo Emprendedor,Herrera Jorge,W: CLAS SIN SALA,Economía y Administración,2026-1
33903,EAM2147,1,Banca de Inversión Internacional,Buenano Jose,V-S: CLAS SIN SALA,Economía y Administración,2026-1
26070,EAM380,1,Dirección de Empresas I,"Hernandez Claudia, Tarzijan Jorge",V-S: CLAS SIN SALA,Economía y Administración,2026-1
18323,EAM429A,1,Global Network Week for Advanced Management,Dirección Docente,L-M-W-J-V: CLAS SIN SALA,Economía y Administración,2026-1
27546,EAM430,1,Seminario Internacional,Ruiz Monica,L-M-W-J-V: CLAS SIN SALA,Economía y Administración,2026-1
32155,EAM430,2,Seminario Internacional,Portales Carlos,L-M-W-J-V: CLAS SIN SALA,Economía y Administración,2026-1
32156,EAM430,3,Seminario Internacional,Ramirez Cristian,L-M-W-J-V: CLAS SIN SALA,Economía y Administración,2026-1
32157,EAM430,5,Seminario Internacional,Ibañez Jorge,L-M-W-J-V: CLAS SIN SALA,Economía y Administración,2026-1
33061,EAM437,2,Entorno Macroeconómico Global,Depetris Emilio,L: CLAS SIN SALA,Economía y Administración,2026-1
33063,EAM437,3,Entorno Macroeconómico Global,Guin -Po Alejandro,V-S: CLAS SIN SALA,Economía y Administración,2026-1
33750,EAM437,6,Entorno Macroeconómico Global,Depetris Emilio,V-S: CLAS SIN SALA,Economía y Administración,2026-1
33751,EAM442,6,Dirección de Operaciones,Traverso Pedro,S: CLAS SIN SALA,Economía y Administración,2026-1
32845,EAM443,2,Dirección Financiera II,Maturana Gustavo,L: CLAS SIN SALA,Economía y Administración,2026-1
32944,EAM443,3,Dirección Financiera II,Rodriguez Ignacio,V-S: CLAS SIN SALA,Economía y Administración,2026-1
33656,EAM445,6,Liderazgo y Cambio Organizacional,Goldfarb Denisse,L-M-W-J: CLAS SIN SALA,Economía y Administración,2026-1
15458,EAM446,1,Seminario de Investigación,Vial Álvaro,W: CLAS SIN SALA,Economía y Administración,2026-1
32160,EAM495,3,Seminario Internacional,Ramirez Cristian,L-M-W-J-V: CLAS SIN SALA,Economía y Administración,2026-1
32159,EAM495,5,Seminario Internacional,Ibañez Jorge,L-M-W-J-V: CLAS SIN SALA,Economía y Administración,2026-1
30554,EAM506,10,Negociación,Kausel Edgar,M-W: CLAS SIN SALA,Economía y Administración,2026-1
33550,EAM550,10,Diseño y Gestión de Experiencias de Clientes,"Figueroa Maria, Hernández Sergio",W-J-V: CLAS SIN SALA,Economía y Administración,2026-1
34198,EAM641,4,Creciendo Exponencialmente en los Mercados de Latinoamérica,Quintero Roberto,W-J-V-S: CLAS SIN SALA,Economía y Administración,2026-1
33996,EAM657,1,Leadership in a Turbulent World,Holzinger Ingo,W-J-V-S: CLAS SIN SALA,Economía y Administración,2026-1
34023,EAM676,4,Taller de Problem Solving Estratégico,Miranda Boris,W-J: CLAS SIN SALA,Economía y Administración,2026-1
29082,MAN3010,1,Estrategias de Negocio en la Era Digital,"Palacios Luis, Abumohor Rodrigo",: CLAS SIN SALA,Economía y Administración,2026-1
29083,MAN3030,1,Toma de Decisiones Basadas en Datos,"Marshall Pablo, Chacón Álvaro, Reyes Tomas",: CLAS SIN SALA,Economía y Administración,2026-1
29094,MAN3080,1,Modelos Analíticos,"Urquiza Juan, Marshall Pablo",: CLAS SIN SALA,Economía y Administración,2026-1
29095,MAN3090,1,Liderazgo para Generar Impacto,Vasquez Veronica,: CLAS SIN SALA,Economía y Administración,2026-1
30711,MAN3120,1,Analítica de Cliente,Caiceo Jaime,: CLAS SIN SALA,Economía y Administración,2026-1
30712,MAN3150,1,Analitica y Estrategia de Precios,Ibañez Jorge,: CLAS SIN SALA,Economía y Administración,2026-1
29461,MAN3170,1,Analítica de Personas,Valenzuela Sergio,: CLAS SIN SALA,Economía y Administración,2026-1
32181,MAN3180,1,Métodos Empíricos en Finanzas,"Silva Consuelo, Valenzuela Marcela",: CLAS SIN SALA,Economía y Administración,2026-1
29233,MAN3210,1,Seminario de Graduación II,"Sepúlveda Marcos, Marshall Pablo",: CLAS SIN SALA,Economía y Administración,2026-1
24324,EAP3001,1,Proyecto de Graduación II,Munoz Gonzalo,L-M-W-J-V-S: CLAS SIN SALA,Economía y Administración,2026-1
28493,EAP3002,1,Proyecto de Graduación I,Poblete Fernando,W-J-V: CLAS SIN SALA,Economía y Administración,2026-1
28873,EAP3003,1,Proyecto de Graduación II,Poblete Fernando,V-S: CLAS SIN SALA,Economía y Administración,2026-1
28923,ESM01EC,1,Economía y Administración,"Fosco Constanza, Traferri Alejandra",: CLAS SIN SALA,Economía y Administración,2026-1
28924,ESM01EC,2,Economía y Administración,"Loyola Martín, Traferri Alejandra",: CLAS SIN SALA,Economía y Administración,2026-1
28925,ESM01EC,3,Economía y Administración,"Tapia Jocelyn, Traferri Alejandra",: CLAS SIN SALA,Economía y Administración,2026-1
28926,ESM01EC,4,Economía y Administración,"Vicencio Andres, Traferri Alejandra",: CLAS SIN SALA,Economía y Administración,2026-1
28927,ESM01EC,5,Economía y Administración,"Fosco Constanza, Traferri Alejandra",: CLAS SIN SALA,Economía y Administración,2026-1
28928,ESM01EC,6,Economía y Administración,"Loyola Martín, Traferri Alejandra",: CLAS SIN SALA,Economía y Administración,2026-1
28929,ESM01EC,7,Economía y Administración,"Soto Raimundo, Traferri Alejandra",: CLAS SIN SALA,Economía y Administración,2026-1
28941,ESM02EC,1,Microeconomía,"Navarro Simón, Traferri Alejandra",: CLAS SIN SALA,Economía y Administración,2026-1
30572,ESM03EC,1,Macroeconomía I,"Rauld Exequiel, Traferri Alejandra",: CLAS SIN SALA,Economía y Administración,2026-1
30573,ESM04EC,1,Macroeconomía II,"Rauld Exequiel, Traferri Alejandra",: CLAS SIN SALA,Economía y Administración,2026-1
30739,EMS3000,1,Proyecto de Graduación,(Sin Profesores),: CLAS SIN SALA,Economía y Administración,2026-1
29072,MIF3010,1,Fundamentos de Finanzas,"Buchuk David, Hernandez Fernando",: CLAS SIN SALA,Economía y Administración,2026-1
29573,MIF3070,1,Tópicos de Inversiones,"Valenzuela Marcela, Buchuk David",: CLAS SIN SALA,Economía y Administración,2026-1
29572,MIF3080,1,Tópicos de Finanzas Corporativas,Filippi Romina,: CLAS SIN SALA,Economía y Administración,2026-1
29494,MIF3100,1,Taller de Finanzas Aplicadas II (Finanzas Corporativas),"Chechilnitzky Andres, Del Sante Marta, Joannon Felipe",: CLAS SIN SALA,Economía y Administración,2026-1
30985,MIF3120,1,Actividad Final de Graduación II,"Buchuk David, Reyes Tomas",: CLAS SIN SALA,Economía y Administración,2026-1
32182,MIF3250,1,Tecnología Financiera: Fintech,"Aguirre Joaquin, Por Fijar",: CLAS SIN SALA,Economía y Administración,2026-1
30974,ECM385A,1,Ciencias para la Ciudadanía,Villalobos Vicente,W-V:4 CLAS SEM_6_P2,Educación,2026-1
29989,EDU324A,1,Cuerpo y Ecología. Aportes Hacia Una Vida No Antropocéntrica,De la Fuente Ximena,"W:3,4 CLAS T3224",Educación,2026-1
18830,ECM245B,1,Diseño de Laboratorio de Ciencias Biológicas en el Aula,"Carmona Martin, Navarro Gina, Veliz Loreto","J:5,6,7 CLAS SEM_3_P4",Educación,2026-1
18831,ECM275B,1,Desafíos de Aprendizaje en el Estudio de la Biología Escolar,"Olivares Ruby, Navarro Gina","V:5,6 CLAS K304",Educación,2026-1
22558,ECM470B,1,Seminario de Investigación Aplicada a la Enseñanza/Aprendizaje de la Biología,"Olivares Ruby, Baeza Felipe",: CLAS SIN SALA,Educación,2026-1
28094,ECM500B,1,Introducción a la Enseñanza de las Ciencias Naturales y la Biología,Marzabal Ainoa,M:5 CLAS CS402,Educación,2026-1
33352,EDU013B,1,Práctica 3: Educación Media en Ciencias Naturales y Biología,Norambuena Mariela,"M:5,6 CLAS SALA 1",Educación,2026-1
33353,EDU013B,2,Práctica 3: Educación Media en Ciencias Naturales y Biología,Navarro Gina,"M:5,6 CLAS SEM_1_P2",Educación,2026-1
28787,EDU222B,1,Cerrando Brechas Educativas,Volante Paulo,"L:5,6 CLAS ED113",Educación,2026-1
29986,EDU222B,2,Cerrando Brechas Educativas,Gallardo Gonzalo,"L:6,7 CLAS T2222",Educación,2026-1
29988,EDU222B,3,Cerrando Brechas Educativas,Penela Fernanda,"L:5,6 CLAS C404",Educación,2026-1
30466,EDU222B,4,Cerrando Brechas Educativas,Koppmann Francisca,"L:6,7 CLAS T3224",Educación,2026-1
31657,EDU222B,5,Cerrando Brechas Educativas,Grudechut Ivan,"L:5,6 CLAS C406",Educación,2026-1
31658,EDU222B,6,Cerrando Brechas Educativas,Koppmann Francisca,"J:6,7 CLAS S72-S73",Educación,2026-1
30977,ECM010,1,Desarrollo de Pensamiento Científico (Ciencias Naturales y Matemática),Guerrero Gonzalo,M:4 AYU D306 J:4 CLAS D306,Educación,2026-1
30973,ECM2002,1,"Historia, Filosofía y Enseñanza de las Ciencias",Ariza Angel,"M:5,6 CLAS T2222",Educación,2026-1
28845,ECM201M,1,Pensamiento Computacional,Villalobos Vicente,"W:5,6 CLAS SEM_6_P4",Educación,2026-1
20913,ECM221F,1,Desafíos de la Enseñanza y Aprendizaje de la Física,"Diaz Donovan, Carreño Maria",L:7 CLAS SEM_3_P4 V:3 CLAS SEM_3_P4,Educación,2026-1
32722,ECM232M,1,Geometría Euclidiana,Del Campo Constanza,"M-J:4 CLAS CS301 J:5,6 AYU T1220",Educación,2026-1
33901,ECM300Q,1,Desafíos en la Enseñanza y Aprendizaje de la Química,"Marzabal Ainoa, Delgado Virginia","M:4 CLAS SEM_3_P4 J:5,6 CLAS SEM_3_P2",Educación,2026-1
22557,ECM409M,1,Seminario de Investigación Aplicada a la Enseñanza/Aprendizaje de la Matemática,"Santibanez Patricio, Campos Samuel",: CLAS SIN SALA,Educación,2026-1
27162,ECM409M,2,Seminario de Investigación Aplicada a la Enseñanza/Aprendizaje de la Matemática,"Seyffert Alejandra, Santibanez Patricio",: CLAS SIN SALA,Educación,2026-1
30935,ECM409M,3,Seminario de Investigación Aplicada a la Enseñanza/Aprendizaje de la Matemática,"Seyffert Alejandra, Garcia Natalia",: CLAS SIN SALA,Educación,2026-1
30936,ECM409M,4,Seminario de Investigación Aplicada a la Enseñanza/Aprendizaje de la Matemática,"Calderon Felipe, Moreno María",: CLAS SIN SALA,Educación,2026-1
30937,ECM409M,5,Seminario de Investigación Aplicada a la Enseñanza/Aprendizaje de la Matemática,"Solar Horacio, Chacón Oscar",: CLAS SIN SALA,Educación,2026-1
30943,ECM410F,1,Seminario de Investigación Aplicada a la Enseñanza/Aprendizaje de la Física,"Fuentes Alejandro, Garcia Griselda",: CLAS SIN SALA,Educación,2026-1
28166,ECM500F,1,Introducción a la Enseñanza de la Física,Marzabal Ainoa,M:6 CLAS ED217,Educación,2026-1
28167,ECM500M,1,Introducción a la Enseñanza de la Matemática,Sepulveda Carol,V:1 CLAS ED110,Educación,2026-1
28169,ECM500Q,1,Introducción a la Enseñanza de la Química,Marzabal Ainoa,M:6 CLAS ED217,Educación,2026-1
17769,EDU0027,1,"Patrimonio, Memoria Histórica y Educación",Ramírez Cecilia,"W:5,6 CLAS ED216",Educación,2026-1
21102,EDU0030,1,Psicomotricidad y Juego en el Niño,Marin Claudia,"V:5,6 CLAS F201",Educación,2026-1
31845,EDU0030,2,Psicomotricidad y Juego en el Niño,Rodriguez Pamela,"V:5,6 CLAS C404",Educación,2026-1
19316,EDU0031,1,"Juego, Educación y Naturaleza",Oviedo Francisco,"V:5,6 CLAS T1220",Educación,2026-1
30058,EDU0031,2,"Juego, Educación y Naturaleza",Oviedo Francisco,"W:5,6 CLAS FT-101",Educación,2026-1
15532,EDU0033,1,Multimedia Educativa,Claro Magdalena,"J:3,4 CLAS T2222",Educación,2026-1
30059,EDU0033,2,Multimedia Educativa,Salinas Alvaro,"J:3,4 CLAS ED219",Educación,2026-1
15533,EDU0036,1,Seminario de Formación de Audiencia Infantil,Sanchez Natalia,"V:5,6 CLAS T3224",Educación,2026-1
33217,EDU0049,1,Práctica Profesional Postítulo en Religión Católica para Básica y Media,Cortes Maria,"L:8,9 CLAS SIN SALA",Educación,2026-1
33224,EDU0049,2,Práctica Profesional Postítulo en Religión Católica para Básica y Media,Jimenez Gabriel,"L:8,9 CLAS SIN SALA",Educación,2026-1
33230,EDU0049,3,Práctica Profesional Postítulo en Religión Católica para Básica y Media,Retamal Simón,"L:8,9 CLAS SIN SALA",Educación,2026-1
33231,EDU0049,4,Práctica Profesional Postítulo en Religión Católica para Básica y Media,López Laura,"L:8,9 CLAS SIN SALA",Educación,2026-1
33232,EDU0049,5,Práctica Profesional Postítulo en Religión Católica para Básica y Media,Fones Camila,"L:8,9 CLAS SIN SALA",Educación,2026-1
33233,EDU0049,6,Práctica Profesional Postítulo en Religión Católica para Básica y Media,Theza Diego,"L:8,9 CLAS SIN SALA",Educación,2026-1
33356,EDU013F,1,Práctica 3: Educación Media en Física,Muñoz Jose,"M:5,6 CLAS SALA 2",Educación,2026-1
33347,EDU013M,1,Práctica 3: Educación Media en Matemática,Gomez Jacqueline,"M:5,6 CLAS SALA 3",Educación,2026-1
33348,EDU013M,2,Práctica 3: Educación Media en Matemática,Calderon Felipe,"M:5,6 CLAS SALA 4",Educación,2026-1
33349,EDU013M,3,Práctica 3: Educación Media en Matemática,Sepulveda Carol,"M:5,6 CLAS SEM_4_P4",Educación,2026-1
33351,EDU013M,4,Práctica 3: Educación Media en Matemática,Valdivieso Walter,"M:5,6 CLAS SEM_6_P2",Educación,2026-1
33354,EDU013Q,1,Práctica 3: Educación Media en Química,Salazar Richard,"M:5,6 CLAS SALA 5",Educación,2026-1
10266,EDU0160,1,Desarrollo y Aprendizaje del Adolescente,Barrientos Juan,L-W:7 CLAS C407,Educación,2026-1
10279,EDU0160,2,Desarrollo y Aprendizaje del Adolescente,Calcagni Maria,"J:5,6 CLAS N13-A",Educación,2026-1
10273,EDU0160,3,Desarrollo y Aprendizaje del Adolescente,Medina Lorena,L-W:7 CLAS ED113,Educación,2026-1
10285,EDU0161,1,Gestión de Aulas Heterogéneas,"Cox Maria, Palacios Claudia","M:5,6 CLAS C407",Educación,2026-1
10298,EDU0161,2,Gestión de Aulas Heterogéneas,Guerrero Patricia,"M:5,6 CLAS ED112",Educación,2026-1
10292,EDU0161,3,Gestión de Aulas Heterogéneas,Muñoz Maria,"M:5,6 CLAS ED113",Educación,2026-1
10304,EDU0162,1,Currículum,Espinoza Olga,"J:5,6 CLAS ED111",Educación,2026-1
25542,EDU0162,2,Currículum,Riquelme Sergio,L-W:7 CLAS ED111,Educación,2026-1
10310,EDU0162,3,Currículum,Gálvez Vicente,"J:5,6 CLAS ED112",Educación,2026-1
33315,EDU0162,4,Currículum,Riquelme Sergio,L-W:5 CLAS AUD_EDUC,Educación,2026-1
33325,EDU0162,5,Currículum,Gálvez Vicente,"M:5,6 CLAS C502",Educación,2026-1
33326,EDU0162,6,Currículum,Volante Paulo,"J:5,6 CLAS ED113",Educación,2026-1
10341,EDU0163,1,Evaluación en la Educación Media,Badillo Aurora,M-J:7 CLAS S-MUSICA,Educación,2026-1
10327,EDU0163,2,Evaluación en la Educación Media,Gonzalez Maria,M-J:7 CLAS ED111,Educación,2026-1
18106,EDU0163,3,Evaluación en la Educación Media,Abarca Patricio,M-J:7 CLAS C407,Educación,2026-1
18949,EDU0163,6,Evaluación en la Educación Media,Escribano María,L:4 CLAS ED109 V:5 CLAS ED112,Educación,2026-1
10388,EDU0164,1,Práctica Inicial,Rivera Claudia,"V:5,6 CLAS S6",Educación,2026-1
10451,EDU0164,2,Práctica Inicial,Uzcategui Macarena,"V:5,6 CLAS ED217",Educación,2026-1
10408,EDU0164,3,Práctica Inicial,Montalva Paulina,"V:5,6 CLAS SIN SALA",Educación,2026-1
18109,EDU0164,4,Práctica Inicial,Orellana Esteban,"V:5,6 CLAS SIN SALA",Educación,2026-1
18110,EDU0164,5,Práctica Inicial,Ortuya Geraldine,"V:5,6 CLAS SIN SALA",Educación,2026-1
18111,EDU0164,6,Práctica Inicial,Vallarino Macarena,"V:5,6 CLAS SIN SALA",Educación,2026-1
18112,EDU0164,7,Práctica Inicial,Gonzalez Barbara,"V:5,6 CLAS ED215",Educación,2026-1
30478,EDU0164,8,Práctica Inicial,Barrientos Cecilia,"V:5,6 CLAS S19",Educación,2026-1
18114,EDU0164,9,Práctica Inicial,Bossart Javier,"V:5,6 CLAS S-MUSICA",Educación,2026-1
18115,EDU0164,10,Práctica Inicial,Stockel Paz,"V:5,6 CLAS SALA STEM",Educación,2026-1
33327,EDU0164,11,Práctica Inicial,González Constanza,"V:5,6 CLAS C400",Educación,2026-1
18117,EDU0164,12,Práctica Inicial,Li-Jo Daniela,"V:5,6 CLAS SIN SALA",Educación,2026-1
30480,EDU0164,13,Práctica Inicial,Serpell Loreto,"V:5,6 CLAS C505",Educación,2026-1
30479,EDU0164,14,Práctica Inicial,Quevedo Carlos,"V:5,6 CLAS SIN SALA",Educación,2026-1
18120,EDU0164,15,Práctica Inicial,Salas Camila,"V:5,6 CLAS ED216",Educación,2026-1
30481,EDU0164,16,Práctica Inicial,Luque Daniela,"V:5,6 CLAS SIN SALA",Educación,2026-1
30482,EDU0164,17,Práctica Inicial,Ahumada Maria,"V:5,6 CLAS T3225",Educación,2026-1
18123,EDU0164,18,Práctica Inicial,De la Fuente Ximena,"V:5,6 CLAS C509",Educación,2026-1
18124,EDU0164,19,Práctica Inicial,Figueroa Felipe,"V:5,6 CLAS ED219",Educación,2026-1
18125,EDU0164,20,Práctica Inicial,Cartes Amaranta,"V:5,6 CLAS T2223",Educación,2026-1
18126,EDU0164,21,Práctica Inicial,Valledor Laura,"V:5,6 CLAS SIN SALA",Educación,2026-1
18133,EDU0164,22,Práctica Inicial,Quinteros Alen,"V:5,6 CLAS SIN SALA",Educación,2026-1
28952,EDU0164,23,Práctica Inicial,Baeza Felipe,"V:5,6 CLAS S8",Educación,2026-1
30483,EDU0164,24,Práctica Inicial,Vargas Magaly,"V:5,6 CLAS SALA 5",Educación,2026-1
30484,EDU0164,25,Práctica Inicial,Trujillo Cristian,"V:5,6 CLAS C407",Educación,2026-1
30495,EDU0164,26,Práctica Inicial,Leyton Daniela,"V:5,6 CLAS SIN SALA",Educación,2026-1
30496,EDU0164,27,Práctica Inicial,González Romina,"V:5,6 CLAS SALA 6",Educación,2026-1
30497,EDU0164,28,Práctica Inicial,Acuña Nathaly,"V:5,6 CLAS S-REUNION6",Educación,2026-1
30498,EDU0164,29,Práctica Inicial,Romero Cecilia,"V:5,6 CLAS SIN SALA",Educación,2026-1
30499,EDU0164,30,Práctica Inicial,Mondaca Mauricio,"V:5,6 CLAS SALA STEAM",Educación,2026-1
30500,EDU0164,31,Práctica Inicial,Fuentes Makarena,"V:5,6 CLAS T1221",Educación,2026-1
30501,EDU0164,32,Práctica Inicial,Sanchez Pablo,"V:5,6 CLAS S-REUNION1",Educación,2026-1
33328,EDU0164,33,Práctica Inicial,Torres Camila,"V:5,6 CLAS SIN SALA",Educación,2026-1
30503,EDU0164,34,Práctica Inicial,Reyes Maria,"V:5,6 CLAS S-REUNION4",Educación,2026-1
30504,EDU0164,35,Práctica Inicial,Salazar Natalia,"V:5,6 CLAS S-REUNION5",Educación,2026-1
32076,EDU0164,36,Práctica Inicial,Ferrada Rocío,"V:5,6 CLAS S20",Educación,2026-1
32077,EDU0164,37,Práctica Inicial,Alfaro Andrea,"V:5,6 CLAS C300",Educación,2026-1
34116,EDU0164,38,Práctica Inicial,Puebla Manuel,"V:5,6 CLAS SIN SALA",Educación,2026-1
34117,EDU0164,39,Práctica Inicial,Fernandez Gloria,"V:5,6 CLAS SIN SALA",Educación,2026-1
10472,EDU0165,1,Educación y Sociedad,Sevilla María,"L:5,6 CLAS C402",Educación,2026-1
21391,EDU0165,2,Educación y Sociedad,Gonzalez Carlos,"L:5,6 CLAS ED109",Educación,2026-1
24074,EDU0165,3,Educación y Sociedad,Gutierrez Gabriel,"L-M-W-J-V:5,6 CLAS SIN SALA",Educación,2026-1
30329,EDU0165,4,Educación y Sociedad,Marfan Javiera,"L:5,6 CLAS C300",Educación,2026-1
24076,EDU0165,5,Educación y Sociedad,Marfan Javiera,"L-M-W-J-V:5,6 CLAS SIN SALA",Educación,2026-1
30774,EDU0165,6,Educación y Sociedad,Por Fijar,"L-M-W-J-V:5,6 CLAS SIN SALA",Educación,2026-1
28789,EDU0165,7,Educación y Sociedad,Zamora Guillermo,"L:5,6 CLAS C401",Educación,2026-1
10477,EDU0170,1,Didáctica del Lenguaje I,Badillo Aurora,"L-W:5,6 CLAS C407",Educación,2026-1
10484,EDU0171,1,Didáctica del Inglés I,Lobos Leyla,"L-W:5,6 CLAS S13",Educación,2026-1
10491,EDU0172,1,Didáctica de la Historia I,Valledor Laura,"L-W:5,6 CLAS C403",Educación,2026-1
21555,EDU0173,1,Didáctica de la Filosofía I,Ferrada Rocío,"L-W:5,6 CLAS SALA 1",Educación,2026-1
10502,EDU0175,1,Didáctica de las Artes Visuales I,García Verónica,"L-W:5,6 CLAS SALA STEM",Educación,2026-1
10507,EDU0176,1,Didáctica de la Música I,Bossart Javier,"L:5,6 CLAS E10 W:5,6 CLAS S-MUSICA",Educación,2026-1
10513,EDU0177,1,Didáctica de la Matemática I,Catalan Marco,"L-W:5,6 CLAS SALA 3",Educación,2026-1
10521,EDU0178,1,Didáctica de la Física I,"Guerrero Gonzalo, Carreño Maria","L-W:5,6 CLAS SALA 6",Educación,2026-1
10526,EDU0179,1,Didáctica de la Biología y de las Ciencias Naturales I,Alfaro Andrea,"L-W:5,6 CLAS SALA 2 M:3,4 CLAS SALA 2",Educación,2026-1
15962,EDU0180,1,Didáctica de la Química I,Quintanilla Mario,"L-W:5,6 CLAS SALA 4",Educación,2026-1
16705,EDU0181,1,Didáctica de las Artes Escénicas I,Rivera Claudia,"L-W:5,6 CLAS SEA_BASICA",Educación,2026-1
29991,EDU023R,1,Desventaja Socioeducativa y Creencia Democrática,Riquelme Sergio,"W:3,4 CLAS ED113",Educación,2026-1
15695,EDU0250,1,Didáctica de la Matemática I,"Solar Horacio, Díaz Javier","L-J:5,6 CLAS S-REUNION4",Educación,2026-1
18137,EDU0255,1,Didáctica de la Física,"Guerrero Gonzalo, Carreño Maria","L-W:5,6 CLAS SIN SALA",Educación,2026-1
33170,EDU0256,1,Didáctica de la Física II,Soler Diego,"L-W:5,6 CLAS S-REUNION5",Educación,2026-1
16458,EDU0260,1,Didáctica de las Ciencias Naturales y la Biología I,Navarro Gina,"L-W:5,6 CLAS S-REUNION6",Educación,2026-1
33239,EDU0261,1,Didáctica de las Ciencias Naturales y la Biología II,Olivares Ruby,"L-W:5,6 CLAS SALA STEAM",Educación,2026-1
33241,EDU0266,1,Didáctica de la Química II,Quintanilla Mario,"L:3,4 CLAS SALA 1 W:2,3 CLAS SALA STEAM",Educación,2026-1
23435,EDU0271,1,Práctica Intermedia: Matemática,Seyffert Alejandra,"W:7,8 CLAS SEM_3_P4",Educación,2026-1
23446,EDU0273,1,Práctica Intermedia: Física,Fuentes Alejandro,"W:7,8 CLAS SEM_4_P4",Educación,2026-1
23450,EDU0275,1,Práctica Intermedia: Ciencias Naturales y Biología,Navarro Gina,"W:7,8 CLAS SEM_3_P2",Educación,2026-1
33245,EDU0301,1,Didáctica de la Geometría y de la Estadística,"Díaz Javier, Ubilla Francisca","L:5,6 CLAS FT-101 W:5,6 CLAS CONDEMARIN",Educación,2026-1
10589,EDU0310,1,Aprendizaje y Desarrollo: Teoría y Práctica,Imbarack Patricia,M:3 CLAS CS-101 J:3 CLAS C407,Educación,2026-1
26914,EDU0310,2,Aprendizaje y Desarrollo: Teoría y Práctica,Muller Magdalena,M-J:3 CLAS R4,Educación,2026-1
28944,EDU0310,3,Aprendizaje y Desarrollo: Teoría y Práctica,Torres Pablo,M-J:3 CLAS C403,Educación,2026-1
26930,EDU0311,1,Teoría de la Educación,Ramírez Cecilia,M-J:2 CLAS ED109,Educación,2026-1
10614,EDU0311,2,Teoría de la Educación,Bernasconi Andres,"M:1,2 CLAS C504",Educación,2026-1
28945,EDU0311,3,Teoría de la Educación,Zamora Guillermo,M-J:2 CLAS AP203,Educación,2026-1
21476,EDU0311,5,Teoría de la Educación,Ramírez Cecilia,L-W:3 CLAS C304,Educación,2026-1
23574,EDU0311,6,Teoría de la Educación,Marfan Javiera,L-W:3 CLAS C301,Educación,2026-1
28782,EDU0311,7,Teoría de la Educación,Villalobos Cristobal,"M:1,2 CLAS K302",Educación,2026-1
28795,EDU0311,8,Teoría de la Educación,Barrientos Pablo,L-W:3 CLAS C303,Educación,2026-1
28875,EDU0311,9,Teoría de la Educación,Barrientos Pablo,M-J:2 CLAS ED110,Educación,2026-1
25019,EDU0315,2,Aprendizaje y Desarrollo del Escolar,Balladares Jaime,"M:3,4 CLAS T3224",Educación,2026-1
29930,EDU0315,3,Aprendizaje y Desarrollo del Escolar,Calcagni Maria,"M:3,4 CLAS ED219",Educación,2026-1
10664,EDU0316,1,Gestión y Liderazgo en el Aula,Gomez Florencia,"L:5,6 CLAS ED111",Educación,2026-1
23794,EDU0316,2,Gestión y Liderazgo en el Aula,Lillo Veronica,"L:5,6 CLAS C502",Educación,2026-1
30153,EDU0316,3,Gestión y Liderazgo en el Aula,Barros Camila,"L:5,6 CLAS E12",Educación,2026-1
33173,EDU0316,4,Gestión y Liderazgo en el Aula,Razmilic Tonia,"M:5,6 CLAS D304",Educación,2026-1
34174,EDU0316,5,Gestión y Liderazgo en el Aula,Lillo Veronica,"M:5,6 CLAS S-MUSICA",Educación,2026-1
10676,EDU0317,1,Diversidad e Inclusión en Educación,Guerrero Patricia,"W:3,4 CLAS ED111",Educación,2026-1
10688,EDU0317,2,Diversidad e Inclusión en Educación,Infante Marta,"M:3,4 CLAS AE103",Educación,2026-1
28971,EDU0317,3,Diversidad e Inclusión en Educación,Palacios Claudia,M:3 CLAS ED112 J:4 CLAS ED113,Educación,2026-1
28783,EDU0317,4,Diversidad e Inclusión en Educación,Riberi Valentina,"M:3,4 CLAS SALA STEM",Educación,2026-1
10705,EDU0319,1,Evaluación en Educación Básica,Valencia Edgar,"W:1,2 CLAS ED110",Educación,2026-1
10699,EDU0319,2,Evaluación en Educación Básica,Tobar Silvia,"W:1,2 CLAS C407",Educación,2026-1
30238,EDU0319,3,Evaluación en Educación Básica,Abarca Patricio,"W:1,2 CLAS ED113",Educación,2026-1
10755,EDU0321,1,Seminario de Investigación en Educación,Veliz Daniela,"M:3,4 CLAS C504",Educación,2026-1
10750,EDU0321,2,Seminario de Investigación en Educación,Marini Guillermo,M-J:4 CLAS ED111,Educación,2026-1
10781,EDU0322,1,Literatura para Niños,Ow Maili,W-V:1 CLAS T3224,Educación,2026-1
27253,EDU0322,2,Literatura para Niños,Ow Maili,W-V:2 CLAS T3224,Educación,2026-1
31653,EDU0322,3,Literatura para Niños,Arellano Trinidad,W-V:1 CLAS ED109,Educación,2026-1
31654,EDU0322,4,Literatura para Niños,Gutierrez Francisca,W-V:2 CLAS ED109,Educación,2026-1
10789,EDU0323,1,Ciencias Sociales,Errazuriz Valentina,"W:5,6 CLAS ED113 V:5 CLAS T2222",Educación,2026-1
10796,EDU0323,2,Ciencias Sociales,Zúñiga Carmen,"M:5,6 CLAS ED110 J:5 CLAS S6",Educación,2026-1
30245,EDU0323,3,Ciencias Sociales,Garces Luis,"W:5,6 CLAS ED111 V:5 CLAS ED110",Educación,2026-1
31301,EDU0323,4,Ciencias Sociales,Henriquez Rodrigo,"M:5,6 CLAS T3224 J:5 CLAS J2",Educación,2026-1
10818,EDU0329,1,Desarrollo y Enseñanza del Lenguaje Artístico Visual,"Vio Maria, Barrientos Cecilia","W:3 CLAS K302 V:3,4 CLAS C506",Educación,2026-1
31683,EDU0329,2,Desarrollo y Enseñanza del Lenguaje Artístico Visual,"Barrientos Cecilia, Vio Maria","W:3 CLAS S-MUSICA V:3,4 CLAS AL1",Educación,2026-1
26968,EDU0329,3,Desarrollo y Enseñanza del Lenguaje Artístico Visual,"Vio Maria, Bossart Javier","L:3,4 CLAS C302 W:4 CLAS K302",Educación,2026-1
28946,EDU0329,4,Desarrollo y Enseñanza del Lenguaje Artístico Visual,"Bossart Javier, Vio Maria","L:3,4 CLAS S-MUSICA W:4 CLAS S-MUSICA",Educación,2026-1
10850,EDU0330,1,Didáctica de la Lectura,Maturana Carmen,"W:4 CLAS T1220 V:3,4 CLAS T1220",Educación,2026-1
10858,EDU0330,2,Didáctica de la Lectura,Fernandez Patricia,"W:4 CLAS ED109 V:3,4 CLAS T3224",Educación,2026-1
30248,EDU0330,3,Didáctica de la Lectura,Maturana Carmen,"L:3,4 CLAS T1220 W:3 CLAS T1220",Educación,2026-1
30249,EDU0330,4,Didáctica de la Lectura,Labra Paulina,"L:3,4 CLAS ED110 W:3 CLAS ED109",Educación,2026-1
31679,EDU0330,5,Didáctica de la Lectura,Soto María,"L:3,4 CLAS T2222 W:3 CLAS K307",Educación,2026-1
10897,EDU0332,1,Didáctica de la Matemática I,Caceres Andrea,"L:3,4 CLAS ED217 W:4 CLAS SALA STEM",Educación,2026-1
10882,EDU0332,2,Didáctica de la Matemática I,Ubilla Francisca,"L:3,4 CLAS SALA STEM W:4 CLAS ED219",Educación,2026-1
31062,EDU0332,3,Didáctica de la Matemática I,Catalan Marco,"L:3,4 CLAS ED215 W:4 CLAS ED215",Educación,2026-1
31063,EDU0332,4,Didáctica de la Matemática I,Meza Jose,"L:3,4 CLAS SALA STEAM W:4 CLAS SALA STEAM",Educación,2026-1
10958,EDU0336,1,Didáctica de las Ciencias Naturales I,Candido Natalia,"L:5 CLAS AP402 W:5,6 CLAS C405",Educación,2026-1
10952,EDU0336,2,Didáctica de las Ciencias Naturales I,Ariza Angel,"L:5 CLAS T3224 W:5,6 CLAS AP001",Educación,2026-1
31059,EDU0336,3,Didáctica de las Ciencias Naturales I,Órdenes María,"L:5 CLAS T1220 W:5,6 CLAS C404",Educación,2026-1
31673,EDU0336,4,Didáctica de las Ciencias Naturales I,Guzmán Eduardo,"L:5 CLAS T2222 W:5,6 CLAS ED109",Educación,2026-1
23533,EDU0339,1,Práctica Ii: Educación Básica,Navarrete Claudia,"M-J:1,2,3,4 TER SIN SALA J:5,6 CLAS AP005",Educación,2026-1
23850,EDU0339,2,Práctica Ii: Educación Básica,Fernandez Patricia,"M-J:1,2,3,4 TER SIN SALA J:5,6 CLAS AP006",Educación,2026-1
23851,EDU0339,3,Práctica Ii: Educación Básica,Pagani Guillermina,"M-J:1,2,3,4 TER SIN SALA J:5,6 CLAS S13",Educación,2026-1
23852,EDU0339,4,Práctica Ii: Educación Básica,Tobar Silvia,"M-J:1,2,3,4 TER SIN SALA J:5,6 CLAS ED214",Educación,2026-1
23853,EDU0339,5,Práctica Ii: Educación Básica,Herrera Francisco,"M-J:1,2,3,4 TER SIN SALA J:5,6 CLAS C505",Educación,2026-1
23854,EDU0339,6,Práctica Ii: Educación Básica,Cartes Amaranta,"M-J:1,2,3 TER SIN SALA J:5,6 CLAS T1221",Educación,2026-1
31919,EDU0339,7,Práctica Ii: Educación Básica,Soto María,"M-J:1,2,3,4 TER SIN SALA J:5,6 CLAS T3225",Educación,2026-1
31921,EDU0339,8,Práctica Ii: Educación Básica,Aránguiz Daniel,"M-J:1,2,3,4 TER SIN SALA J:5,6 CLAS FT-103",Educación,2026-1
31922,EDU0339,9,Práctica Ii: Educación Básica,Echeverría Ruth,"M-J:1,2,3,4 TER SIN SALA J:5,6 CLAS FT-105",Educación,2026-1
31927,EDU0339,14,Práctica Ii: Educación Básica,Labra Paulina,"M-J:1,2,3,4 TER SIN SALA J:5,6 CLAS SALA 4",Educación,2026-1
23628,EDU0340,1,Práctica Iii: Educación Básica,Madalozzo Sinara,"L-W-V:1,2,3,4 TER SIN SALA W:5,6 CLAS SALA 5",Educación,2026-1
23857,EDU0340,2,Práctica Iii: Educación Básica,Parra Monica,"L-W-V:1,2,3,4 TER SIN SALA W:5,6 CLAS ED217",Educación,2026-1
23858,EDU0340,3,Práctica Iii: Educación Básica,Gutierrez Ana,"L-W-V:1,2,3,4 TER SIN SALA W:5,6 CLAS ED215",Educación,2026-1
23859,EDU0340,4,Práctica Iii: Educación Básica,Zúñiga Tamara,"L-W-V:1,2,3,4 TER SIN SALA W:5,6 CLAS AP006",Educación,2026-1
23862,EDU0340,6,Práctica Iii: Educación Básica,Busco Andrea,"L-W-V:1,2,3,4 TER SIN SALA W:5,6 CLAS S20",Educación,2026-1
33357,EDU0340,7,Práctica Iii: Educación Básica,Fernandez Patricia,"L-W-V:1,2,3,4 TER SIN SALA W:5,6 CLAS H2",Educación,2026-1
33358,EDU0340,8,Práctica Iii: Educación Básica,Tobar Silvia,"L-W-V:1,2,3,4 TER SIN SALA W:5,6 CLAS C300",Educación,2026-1
33359,EDU0340,9,Práctica Iii: Educación Básica,Correa María,"L-W-V:1,2,3,4 TER SIN SALA W:5,6 CLAS T2223",Educación,2026-1
33360,EDU0340,10,Práctica Iii: Educación Básica,Herrera Francisco,"L-W-V:1,2,3,4 TER SIN SALA W:5,6 CLAS FCO_CLARO",Educación,2026-1
33361,EDU0340,11,Práctica Iii: Educación Básica,González Claudia,"L-W-V:1,2,3,4 TER SIN SALA W:5,6 CLAS SIN SALA",Educación,2026-1
33362,EDU0340,12,Práctica Iii: Educación Básica,Rosales Cecilia,"L-W-V:1,2,3,4 TER SIN SALA W:5,6 CLAS AP007",Educación,2026-1
33363,EDU0340,13,Práctica Iii: Educación Básica,Echeverría Ruth,"L-W-V:1,2,3,4 TER SIN SALA W:5,6 CLAS T3225",Educación,2026-1
33364,EDU0340,14,Práctica Iii: Educación Básica,García María,"L-W-V:1,2,3,4 TER SIN SALA W:5,6 CLAS T1221",Educación,2026-1
33365,EDU0340,15,Práctica Iii: Educación Básica,Navarrete Claudia,"L-W-V:1,2,3,4 TER SIN SALA W:5,6 CLAS AP005",Educación,2026-1
16777,EDU0341,1,Examen de Licenciatura en Educación para Educación Básica,Dirección Docente,: CLAS SIN SALA,Educación,2026-1
22308,EDU0360,1,Práctica Profesional I,Correa María,"L-M-W-J-V:1,2,3,4 TER SIN SALA V:5,6 CLAS K301",Educación,2026-1
23867,EDU0360,2,Práctica Profesional I,Parra Monica,"L-M-W-J-V:1,2,3,4 TER SIN SALA V:5,6 CLAS SALA 1",Educación,2026-1
23868,EDU0360,3,Práctica Profesional I,Zúñiga Tamara,"L-M-W-J-V:1,2,3,4 TER SIN SALA V:5,6 CLAS SALA 2",Educación,2026-1
31916,EDU0360,4,Práctica Profesional I,Gutierrez Ana,"L-M-W-J-V:1,2,3,4 TER SIN SALA V:5,6 CLAS SALA 3",Educación,2026-1
23871,EDU0360,6,Práctica Profesional I,García María,"L-M-W-J-V:1,2,3,4 TER SIN SALA V:5,6 CLAS SALA 4",Educación,2026-1
23872,EDU0360,7,Práctica Profesional I,Rosales Cecilia,"L-M-W-J-V:1,2,3,4 TER SIN SALA V:5,6 CLAS S4",Educación,2026-1
23874,EDU0360,9,Práctica Profesional I,Gonzalez Luz,"L-M-W-J-V:1,2,3,4 TER SIN SALA V:5,6 CLAS ED214",Educación,2026-1
34115,EDU0360,10,Práctica Profesional I,Santibanez Carolina,"L-M-W-J-V:1,2,3,4 TER SIN SALA V:5,6 CLAS SIN SALA",Educación,2026-1
23876,EDU0360,11,Práctica Profesional I,Busco Andrea,"L-M-W-J-V:1,2,3,4 TER SIN SALA V:5,6 CLAS FCO_CLARO",Educación,2026-1
34159,EDU0360,12,Práctica Profesional I,(Sin Profesores),,Educación,2026-1
11023,EDU0361,1,Literatura Infantil y Juvenil,Ow Maili,"W:5,6 CLAS T3224",Educación,2026-1
34092,EDU0393,1,Didáctica de las Ciencias Naturales III,Alfaro Andrea,: CLAS SIN SALA,Educación,2026-1
34091,EDU0396,1,Práctica Profesional II (Mención Ciencias Naturales),Alfaro Andrea,: CLAS SIN SALA,Educación,2026-1
11062,EDU0423,1,Evaluación en Educación Parvularia,Ocampo Elleine,"W:1,2 CLAS ED111",Educación,2026-1
33168,EDU0423,2,Evaluación en Educación Parvularia,Ocampo Elleine,"V:1,2 CLAS T2222",Educación,2026-1
11095,EDU0430,1,Metodología de la Educación Parvularia,Saavedra Maria,"M:3,4 CLAS C502",Educación,2026-1
11114,EDU0433,1,Pensamiento Científico del Niño y Su Didáctica,Viviani Maria,"W:5,6 CLAS SEA_PARV V:5 CLAS SIN SALA",Educación,2026-1
11128,EDU0435,1,Didáctica del Lenguaje Artístico Visual,Vio Maria,"W:1,2 CLAS S-MUSICA",Educación,2026-1
31054,EDU0435,2,Didáctica del Lenguaje Artístico Visual,Vio Maria,"L:1,2 CLAS S-MUSICA",Educación,2026-1
11134,EDU0436,1,Didáctica del Lenguaje Artístico Musical,Porflitt Felipe,"L:5,6 CLAS S-MUSICA",Educación,2026-1
31055,EDU0436,2,Didáctica del Lenguaje Artístico Musical,Bossart Javier,"V:3,4 CLAS S-MUSICA",Educación,2026-1
11141,EDU0437,1,Didáctica del Movimiento y Expresión Corporal,Rodriguez Pamela,"M:1,2 CLAS ED215",Educación,2026-1
31681,EDU0437,2,Didáctica del Movimiento y Expresión Corporal,Rodriguez Pamela,"V:1,2 CLAS T2223",Educación,2026-1
23627,EDU0443,1,Práctica Iii: Educación Parvularia,Mancilla Eliana,"L-W-V:1,2,3,4 TER SIN SALA L:5,6 CLAS ED216",Educación,2026-1
27488,EDU0443,2,Práctica Iii: Educación Parvularia,Yuraszeck Jennifer,"L-W-V:1,2,3,4 TER SIN SALA L:5,6 CLAS T3225",Educación,2026-1
27489,EDU0443,3,Práctica Iii: Educación Parvularia,Suarez Marcela,"L-W-V:1,2,3,4 TER SIN SALA L:5,6 CLAS ED214",Educación,2026-1
27490,EDU0443,4,Práctica Iii: Educación Parvularia,Fuentes Marion,"L-W-V:1,2,3,4 TER SIN SALA L:5,6 CLAS SIN SALA",Educación,2026-1
27491,EDU0443,5,Práctica Iii: Educación Parvularia,Ramírez Yocelyn,"L-W-V:1,2,3,4 TER SIN SALA L:5,6 CLAS FCO_CLARO",Educación,2026-1
30421,EDU0443,6,Práctica Iii: Educación Parvularia,Rivera Paula,"L-W-V:1,2,3,4 TER SIN SALA L:5,6 CLAS T2223",Educación,2026-1
31932,EDU0443,7,Práctica Iii: Educación Parvularia,Lopez Daniella,"L-W-V:1,2,3,4 TER SIN SALA L:5,6 CLAS SALA 5",Educación,2026-1
32140,EDU0443,8,Práctica Iii: Educación Parvularia,Ocampo Elleine,"L-W-V:1,2,3,4 TER SIN SALA L:5,6 CLAS T1221",Educación,2026-1
33481,EDU0444,1,Estrategias de Enseñanza para el Desarrollo Cognitivo y Socioafectivo: Teoría y Práctica,Alamos Pilar,"M:1,2 CLAS T1220",Educación,2026-1
15500,EDU0447,1,Liderazgo y Colaboración Entre Familia y Otros Agentes Educativos,Razmilic Tonia,"V:3,4 CLAS ED109",Educación,2026-1
15498,EDU0449,1,Seminario de Investigación y Enseñanza Basada en Evidencia en Educación Temprana I,Susperreguy Maria,"L:5,6 CLAS AP404",Educación,2026-1
15499,EDU0451,1,Práctica Profesional Iv: Educación Temprana,Ortiz Ines,"L-M-W-J:1,2,3,4 TER SIN SALA J:5,6 CLAS ED215",Educación,2026-1
27492,EDU0451,2,Práctica Profesional Iv: Educación Temprana,Schellman Sandra,"L-M-W-J:1,2,3,4 TER SIN SALA J:5,6 CLAS C400",Educación,2026-1
27493,EDU0451,3,Práctica Profesional Iv: Educación Temprana,Suarez Marcela,"L-M-W-J:1,2,3,4 TER SIN SALA J:5,6 CLAS S12",Educación,2026-1
27494,EDU0451,4,Práctica Profesional Iv: Educación Temprana,Fuentes Marion,"L-M-W-J:1,2,3,4 TER SIN SALA J:5,6 CLAS S20",Educación,2026-1
33375,EDU0451,5,Práctica Profesional Iv: Educación Temprana,Diaz Anita,"L-M-W-J:1,2,3,4 TER SIN SALA J:5,6 CLAS C507",Educación,2026-1
33376,EDU0451,6,Práctica Profesional Iv: Educación Temprana,Rivera Paula,"L-M-W-J:1,2,3,4 TER SIN SALA J:5,6 CLAS S-REUNION1",Educación,2026-1
33377,EDU0451,7,Práctica Profesional Iv: Educación Temprana,Hiriart Valentina,"L-M-W-J:1,2,3,4 TER SIN SALA J:5,6 CLAS SIN SALA",Educación,2026-1
33378,EDU0451,8,Práctica Profesional Iv: Educación Temprana,Castro Carolina,"L-M-W-J:1,2,3,4 TER SIN SALA J:5,6 CLAS FCO_CLARO",Educación,2026-1
19304,EDU0452,1,Práctica Profesional V: Educación Temprana,Saavedra Maria,"L-M-W-J:1,2,3,4 TER SIN SALA J:5,6 CLAS C503",Educación,2026-1
15528,EDU0455,1,Didáctica de la Lectura,Tatter Tatiana,"V:1,2 CLAS SALA STEAM",Educación,2026-1
31110,EDU0455,2,Didáctica de la Lectura,Tatter Tatiana,"V:3,4 CLAS SALA STEAM",Educación,2026-1
17899,EDU0457,1,Didáctica del Número,Cardenas Leonardo,"M:3,4 CLAS ED214",Educación,2026-1
30527,EDU0457,2,Didáctica del Número,Caceres Andrea,"M:3,4 CLAS T3225",Educación,2026-1
15526,EDU0459,1,Seminario de Investigación y Enseñanza Basada en Evidencia en Educación Inicial I,Trevino Juan,"L:5,6 CLAS ED112",Educación,2026-1
15527,EDU0461,1,Práctica Profesional Iv: Educación Inicial,Ocampo Elleine,"L-M-W-J:1,2,3,4 TER SIN SALA J:5,6 CLAS ED219",Educación,2026-1
27496,EDU0461,2,Práctica Profesional Iv: Educación Inicial,Saavedra Maria,"L-M-W-J:1,2,3,4 TER SIN SALA J:5,6 CLAS T2223",Educación,2026-1
27497,EDU0461,3,Práctica Profesional Iv: Educación Inicial,Lopez Daniella,"L-M-W-J:1,2,3,4 TER SIN SALA J:5,6 CLAS SALA STEM",Educación,2026-1
33379,EDU0461,4,Práctica Profesional Iv: Educación Inicial,Rojas Francisca,"L-M-W-J:1,2,3,4 TER SIN SALA J:5,6 CLAS ED217",Educación,2026-1
27499,EDU0461,5,Práctica Profesional Iv: Educación Inicial,Yuraszeck Jennifer,"L-M-W-J:1,2,3,4 TER SIN SALA J:5,6 CLAS H2",Educación,2026-1
31933,EDU0461,6,Práctica Profesional Iv: Educación Inicial,Mancilla Eliana,"L-M-W-J:1,2,3,4 TER SIN SALA J:5,6 CLAS AP007",Educación,2026-1
31934,EDU0461,7,Práctica Profesional Iv: Educación Inicial,Razmilic Tonia,"L-M-W-J:1,2,3,4 TER SIN SALA J:5,6 CLAS C509",Educación,2026-1
31935,EDU0461,8,Práctica Profesional Iv: Educación Inicial,Ramírez Yocelyn,"L-M-W-J:1,2,3,4 TER SIN SALA J:5,6 CLAS SALA 1",Educación,2026-1
31936,EDU0461,9,Práctica Profesional Iv: Educación Inicial,Ibáñez Claudia,"L-M-W-J:1,2,3,4 TER SIN SALA J:5,6 CLAS SALA 5",Educación,2026-1
34161,EDU0461,10,Práctica Profesional Iv: Educación Inicial,Ibieta Alejandra,"L-M-W-J:1,2,3,4 TER SIN SALA J:5,6 CLAS SIN SALA",Educación,2026-1
34166,EDU0461,11,Práctica Profesional Iv: Educación Inicial,Aldunate Carla,"L-M-W-J:1,2,3,4 TER SIN SALA J:5,6 CLAS SIN SALA",Educación,2026-1
19307,EDU0462,1,Práctica Profesional V: Educación Inicial,Castro Carolina,"L-M-W-J:1,2,3,4 TER SIN SALA J:5,6 CLAS SALA 6",Educación,2026-1
33380,EDU0462,2,Práctica Profesional V: Educación Inicial,Mancilla Eliana,"L-M-W-J:1,2,3,4 TER SIN SALA J:5,6 CLAS C501",Educación,2026-1
26669,EDU0504,1,Práctica Profesional Pedagogía en Inglés Educación Básica,Pardo Natacha,"L-M-W-J-V:1,2,3,4 TER SIN SALA M:5,6 CLAS S13",Educación,2026-1
26670,EDU0504,2,Práctica Profesional Pedagogía en Inglés Educación Básica,Pavez Natalia,"L-M-W-J-V:1,2,3,4 TAL SIN SALA M:5,6 CLAS FT-105",Educación,2026-1
26680,EDU0504,3,Práctica Profesional Pedagogía en Inglés Educación Básica,Stockel Paz,"L-M-W-J-V:1,2,3,4 TER SIN SALA M:5,6 CLAS SALA 6",Educación,2026-1
28791,EDU0504,4,Práctica Profesional Pedagogía en Inglés Educación Básica,Salas Camila,"L-M-W-J-V:1,2,3,4 TER SIN SALA M:5,6 CLAS SEM_3_P4",Educación,2026-1
28792,EDU0504,5,Práctica Profesional Pedagogía en Inglés Educación Básica,Paéz Alicia,"L-M-W-J-V:1,2,3,4 TER SIN SALA M:5,6 CLAS SEM_4_P2",Educación,2026-1
30434,EDU0504,6,Práctica Profesional Pedagogía en Inglés Educación Básica,Órdenes María,"L-M-W-J-V:1,2,3,4 TER SIN SALA M:5,6 CLAS SEM_3_P2",Educación,2026-1
33338,EDU0504,7,Práctica Profesional Pedagogía en Inglés Educación Básica,Albornoz Octavio,"L-M-W-J-V:1,2,3,4 TER SIN SALA M:5,6 CLAS T1221",Educación,2026-1
33340,EDU0504,8,Práctica Profesional Pedagogía en Inglés Educación Básica,Bustos Claudia,"L-M-W-J-V:1,2,3,4 TER SIN SALA M:5,6 CLAS S5",Educación,2026-1
33341,EDU0504,9,Práctica Profesional Pedagogía en Inglés Educación Básica,Lizama Steffany,"L-M-W-J-V:1,2,3,4 TER M:5,6 CLAS ED214",Educación,2026-1
33342,EDU0504,10,Práctica Profesional Pedagogía en Inglés Educación Básica,Vásquez Claudio,"L-M-W-J-V:1,2,3,4 TER M:5,6 CLAS S16",Educación,2026-1
23355,EDU0506,1,Teaching and Learning English Primary I,Barahona María,M-J:4 CLAS SALA STEAM,Educación,2026-1
27095,EDU0506,2,Teaching and Learning English Primary I,Bustos Claudia,M-J:4 CLAS C407,Educación,2026-1
25114,EDU0507,1,Teaching and Learning English Primary II,Bustos Claudia,M-J:2 CLAS SALA STEAM,Educación,2026-1
28793,EDU0507,2,Teaching and Learning English Primary II,Órdenes María,L-W:2 CLAS ED216,Educación,2026-1
27093,EDU0510,1,Examen de Licenciatura en Educación para Pedagogía en Inglés,Lobos Leyla,: CLAS SIN SALA,Educación,2026-1
28790,EDU0511,1,Ámbitos del Aprendizaje y el Desarrollo,Balladares Jaime,L-W:4 CLAS ED112,Educación,2026-1
26987,EDU0512,1,Evaluación para el Aprendizaje,Carrasco Diego,"J:3,4 CLAS T3224",Educación,2026-1
30149,EDU0512,2,Evaluación para el Aprendizaje,Gonzalez Maria,"J:1,2 CLAS S-MUSICA",Educación,2026-1
30145,EDU0512,3,Evaluación para el Aprendizaje,Valencia Edgar,"J:5,6 CLAS C502",Educación,2026-1
31109,EDU0700,1,Práctica en Educación Parvularia I,Saavedra Maria,"W:1,2,3,4 TER SIN SALA W:5,6 CLAS SIN SALA",Educación,2026-1
31433,EDU0700,2,Práctica en Educación Parvularia I,Ibieta Alejandra,"W:1,2,3,4 TER SIN SALA W:5,6 CLAS D204",Educación,2026-1
31864,EDU0700,3,Práctica en Educación Parvularia I,Por Fijar,"W:1,2,3,4 TER SIN SALA W:5,6 CLAS C400",Educación,2026-1
31938,EDU0700,4,Práctica en Educación Parvularia I,Fuentes Marion,"W:1,2,3,4 TER SIN SALA W:5,6 CLAS K301",Educación,2026-1
31939,EDU0700,5,Práctica en Educación Parvularia I,Ramírez Yocelyn,"W:1,2,3,4 TER SIN SALA W:5,6 CLAS FT-105",Educación,2026-1
31940,EDU0700,6,Práctica en Educación Parvularia I,Ugarte Carolina,"W:1,2,3,4 TER SIN SALA W:5,6 CLAS FT-103",Educación,2026-1
32141,EDU0700,7,Práctica en Educación Parvularia I,Lopez Daniella,"W:1,2,3,4 TER SIN SALA W:5,6 CLAS ED214",Educación,2026-1
33366,EDU0700,8,Práctica en Educación Parvularia I,Ibáñez Claudia,"W:1,2,3,4 TER SIN SALA W:5,6 CLAS ED219",Educación,2026-1
33367,EDU0701,1,Práctica en Educación Parvularia II,Yuraszeck Jennifer,"M-J:1,2,3,4 TER SIN SALA M:5,6 CLAS SIN SALA",Educación,2026-1
33368,EDU0701,2,Práctica en Educación Parvularia II,Ocampo Elleine,"M-J:1,2,3,4 TER SIN SALA M:5,6 CLAS ED216",Educación,2026-1
33369,EDU0701,3,Práctica en Educación Parvularia II,Schellman Sandra,"M-J:1,2,3,4 TER SIN SALA M:5,6 CLAS T2223",Educación,2026-1
33370,EDU0701,4,Práctica en Educación Parvularia II,Ortiz Ines,"M-J:1,2,3,4 TER SIN SALA M:5,6 CLAS AP006",Educación,2026-1
33371,EDU0701,5,Práctica en Educación Parvularia II,Ugarte Carolina,"M-J:1,2,3,4 TER SIN SALA M:5,6 CLAS S12",Educación,2026-1
33372,EDU0701,6,Práctica en Educación Parvularia II,Ibáñez Claudia,"M-J:1,2,3,4 TER SIN SALA M:5,6 CLAS AP007",Educación,2026-1
33373,EDU0701,7,Práctica en Educación Parvularia II,Hiriart Valentina,"M-J:1,2,3,4 TER SIN SALA M:5,6 CLAS ED219",Educación,2026-1
33374,EDU0701,8,Práctica en Educación Parvularia II,Moreno Gabriela,"M-J:1,2,3,4 TER SIN SALA M:5,6 CLAS T3225",Educación,2026-1
34118,EDU0701,9,Práctica en Educación Parvularia II,Aldunate Carla,"M-J:1,2,3,4 TER SIN SALA M:5,6 CLAS SIN SALA",Educación,2026-1
31053,EDU0706,1,Aprendizaje y Desarrollo I,Alamos Pilar,L:3 CLAS C401 M:4 CLAS ED113,Educación,2026-1
31036,EDU0706,2,Aprendizaje y Desarrollo I,Lohndorf Regina,L:3 CLAS C506 M:4 CLAS C303,Educación,2026-1
33165,EDU0707,1,Aprendizaje y Desarrollo II,Lohndorf Regina,"W:3,4 CLAS AP004",Educación,2026-1
33171,EDU0707,2,Aprendizaje y Desarrollo II,Susperreguy Maria,"W:3,4 CLAS AP103",Educación,2026-1
31108,EDU0709,1,Fundamentos y Desafíos de la Educación Parvularia,Saavedra Maria,"J:3,4 CLAS S-MUSICA",Educación,2026-1
31045,EDU0709,2,Fundamentos y Desafíos de la Educación Parvularia,Razmilic Tonia,"J:3,4 CLAS C405",Educación,2026-1
31038,EDU0710,1,Desarrollo del Lenguaje Oral y Su Didáctica,Mendive Susana,"V:1,2,3 CLAS C510",Educación,2026-1
33262,EDU0710,2,Desarrollo del Lenguaje Oral y Su Didáctica,Schellman Sandra,"V:1,2,3 CLAS C303",Educación,2026-1
33264,EDU0710,3,Desarrollo del Lenguaje Oral y Su Didáctica,Osorio Meliza,"M:1,2,3 CLAS C306",Educación,2026-1
33166,EDU0711,1,Didáctica de la Literacidad Inicial,Rojas Javier,"L:5,6 CLAS ED215",Educación,2026-1
33167,EDU0711,2,Didáctica de la Literacidad Inicial,Palacios Claudia,"L:5,6 CLAS AP603",Educación,2026-1
33164,EDU0711,3,Didáctica de la Literacidad Inicial,Concha Aida,"V:3,4 CLAS T2222",Educación,2026-1
31107,EDU0717,1,Corporalidad y Juego en Educación Parvularia,Iturra Pamela,"L:1,2 CLAS C407",Educación,2026-1
31432,EDU0717,2,Corporalidad y Juego en Educación Parvularia,Suarez Marcela,"L:1,2 CLAS C504",Educación,2026-1
31667,EDU0727,1,"Género, Interseccionalidad y Educación",(Sin Profesores),,Educación,2026-1
33149,EDU0729,1,Examen de Titulación,Viviani Maria,: CLAS,Educación,2026-1
29983,EDU224M,1,No Temas a la Matemática! Resolución de Problemas en Contextos Reales,Catalan Marco,"W:2,3 CLAS N12",Educación,2026-1
25610,EDU3800,1,Fundamentos Curriculares,Montenegro Aldo,"V:6,7 CLAS SIN SALA",Educación,2026-1
25611,EDU3801,1,Análisis de Prácticas Curriculares,Campillay Marisol,"S:1,2 CLAS SIN SALA",Educación,2026-1
27002,EDU3803,1,Evaluación Curricular,Sáez Ruth,"V:6,7 CLAS SIN SALA",Educación,2026-1
32985,EDU3804,1,Seminario Avanzado de Teoría Curricular: el Reconceptualismo,Perez Leandro,"S:3,4 CLAS T3224",Educación,2026-1
26913,EDU3810,1,Perspectivas de Inclusión en Educación,Araneda Carlos,"V:6,7 CLAS ED110",Educación,2026-1
26926,EDU3811,1,Aproximación Interseccional a la Construcción de Diferencia en Educación,Munoz Carolina,"S:1,2 CLAS SIN SALA",Educación,2026-1
27036,EDU3814,1,Perspectivas de Género para Una Educación Justa,Muñoz Ana,"S:3,4 CLAS SIN SALA",Educación,2026-1
32991,EDU3815,1,"Artes, Educación y Diferencia",Véliz Soledad,"S:3,4 CLAS T1220",Educación,2026-1
25612,EDU3820,1,Evaluación de Aprendizajes en el Aula,Tobar Silvia,"V:6,7 CLAS SIN SALA",Educación,2026-1
25613,EDU3821,1,Análisis de Datos para la Toma de Decisiones en Educación,Rocuant Adolfo,"S:1,2 CLAS SIN SALA",Educación,2026-1
29815,EDU3826,1,Análisis Avanzado de Datos para la Toma de Decisiones en  Educación,López Dany,"S:1,2 CLAS SIN SALA",Educación,2026-1
32942,EDU3828,1,Evaluación de la Docencia,Badillo Aurora,"S:3,4 CLAS ED109",Educación,2026-1
25679,EDU3830,1,Dirección y Liderazgo Centrado en la Enseñanza y el Aprendizaje,Galdames Sergio,"V:6,7 CLAS SIN SALA",Educación,2026-1
25680,EDU3831,1,Dirección Estratégica de Organizaciones Educativas,Sagues Julio,"S:1,2 CLAS SIN SALA",Educación,2026-1
27029,EDU3833,1,Análisis de Prácticas de Dirección y Liderazgo Educacional,Sepúlveda Ricardo,"V:6,7 CLAS SIN SALA",Educación,2026-1
32918,EDU3835,1,Desarrollo de Prácticas de Liderazgo Instruccional,Olbrich Ingrid,"S:3,4 CLAS T2222",Educación,2026-1
26918,EDU3840,1,Actores en Educación Superior,"Bernasconi Andres, Fernandez Enrique, Veliz Daniela","V:6,7 CLAS SIN SALA",Educación,2026-1
27191,EDU3841,1,Educación Superior Chilena en Contexto Internacional,Zapata Gonzalo,"S:1,2 CLAS SIN SALA",Educación,2026-1
33134,EDU3845,1,Gestión de la Calidad en la Educación Superior,Zapata Gonzalo,"S:3,4 CLAS ED110",Educación,2026-1
31644,EDU3887,1,Enseñanza Interdisciplinar a Partir de Metodologías Activas,"Badillo Aurora, Luque Daniela","S:1,2 CLAS ED109",Educación,2026-1
31645,EDU3888,1,Indagación para la Innovación Didáctica,Yancovic Macarena,"V:6,7 CLAS ED109",Educación,2026-1
25667,EDU3895,1,Desafíos Contemporáneos en Educación,Catalán Ximena,"V:8,9 CLAS SIN SALA",Educación,2026-1
25668,EDU3895,2,Desafíos Contemporáneos en Educación,Hernández Macarena,"V:8,9 CLAS SIN SALA",Educación,2026-1
27476,EDU3895,3,Desafíos Contemporáneos en Educación,Godoy Felipe,"V:8,9 CLAS SIN SALA",Educación,2026-1
27168,EDU3899,1,Trabajo Final de Egreso 2,Yancovic Macarena,"V:8,9 CLAS SIN SALA",Educación,2026-1
27030,EDU3899,2,Trabajo Final de Egreso 2,Muñoz Yerko,"V:8,9 CLAS SIN SALA",Educación,2026-1
26924,EDU3899,3,Trabajo Final de Egreso 2,Montenegro Aldo,"V:8,9 CLAS SIN SALA",Educación,2026-1
27001,EDU3899,4,Trabajo Final de Egreso 2,Escribano María,"V:8,9 CLAS ED216",Educación,2026-1
27028,EDU3899,5,Trabajo Final de Egreso 2,Guzmán Pamela,"V:8,9 CLAS SIN SALA",Educación,2026-1
26916,EDU3899,7,Trabajo Final de Egreso 2,Sepúlveda Ricardo,"V:8,9 CLAS SIN SALA",Educación,2026-1
27003,EDU3899,8,Trabajo Final de Egreso 2,Marfan Javiera,"V:8,9 CLAS SIN SALA",Educación,2026-1
27004,EDU3899,9,Trabajo Final de Egreso 2,Bravo Roberto,"V:8,9 CLAS SIN SALA",Educación,2026-1
27038,EDU3899,11,Trabajo Final de Egreso 2,Abarca Patricio,"V:8,9 CLAS SIN SALA",Educación,2026-1
27037,EDU3899,12,Trabajo Final de Egreso 2,Mena Maria,"V:8,9 CLAS SIN SALA",Educación,2026-1
27035,EDU3899,13,Trabajo Final de Egreso 2,Valenzuela Andrea,"V:8,9 CLAS SIN SALA",Educación,2026-1
26920,EDU3899,14,Trabajo Final de Egreso 2,Cardoch Eliana,"V:8,9 CLAS SIN SALA",Educación,2026-1
27528,EDU3899,15,Trabajo Final de Egreso 2,Errazuriz Valentina,"V:8,9 CLAS ED214",Educación,2026-1
27529,EDU3899,16,Trabajo Final de Egreso 2,Ubilla Francisca,"V:8,9 CLAS SIN SALA",Educación,2026-1
31884,EDU4030,1,Prácticas de Investigación,Zúñiga Carmen,: CLAS SIN SALA,Educación,2026-1
30266,EDU4030,3,Prácticas de Investigación,Avila Natalia,: CLAS SIN SALA,Educación,2026-1
16840,EDU4035,2,Estudio Dirigido,Gomez Florencia,: CLAS SIN SALA,Educación,2026-1
16841,EDU4035,3,Estudio Dirigido,Zúñiga Carmen,: CLAS SIN SALA,Educación,2026-1
25134,EDU4035,4,Estudio Dirigido,Calle Lina,: CLAS SIN SALA,Educación,2026-1
25136,EDU4035,6,Estudio Dirigido,Cabello Valeria,: CLAS SIN SALA,Educación,2026-1
25137,EDU4035,7,Estudio Dirigido,Marzabal Ainoa,: CLAS SIN SALA,Educación,2026-1
27015,EDU4035,8,Estudio Dirigido,Muñoz Ana,: CLAS SIN SALA,Educación,2026-1
30270,EDU4035,9,Estudio Dirigido,Matus Claudia,: CLAS SIN SALA,Educación,2026-1
31893,EDU4035,10,Estudio Dirigido,Valencia Edgar,: CLAS SIN SALA,Educación,2026-1
31895,EDU4035,12,Estudio Dirigido,Sevilla María,: CLAS SIN SALA,Educación,2026-1
31897,EDU4035,14,Estudio Dirigido,Claro Magdalena,: CLAS SIN SALA,Educación,2026-1
31898,EDU4035,15,Estudio Dirigido,Guerrero Gonzalo,: CLAS SIN SALA,Educación,2026-1
32110,EDU4035,16,Estudio Dirigido,Solar Horacio,: CLAS SIN SALA,Educación,2026-1
32678,EDU4035,17,Estudio Dirigido,Gonzalez Carlos,: CLAS SIN SALA,Educación,2026-1
32679,EDU4035,18,Estudio Dirigido,Véliz Soledad,: CLAS SIN SALA,Educación,2026-1
18082,EDU4037,1,Estudio Dirigido II,Ariza Angel,: CLAS SIN SALA,Educación,2026-1
18083,EDU4037,2,Estudio Dirigido II,Infante Marta,: CLAS SIN SALA,Educación,2026-1
27275,EDU4038,1,Estudio Dirigido III,Guerrero Patricia,: CLAS SIN SALA,Educación,2026-1
31886,EDU4038,2,Estudio Dirigido III,Véliz Soledad,: CLAS SIN SALA,Educación,2026-1
33662,EDU4038,3,Estudio Dirigido III,Alamos Pilar,: CLAS SIN SALA,Educación,2026-1
23880,EDU4044,1,Seminario Problemas Contemporáneos en Educación,Villalobos Cristobal,"W:2,3 CLAS ED214",Educación,2026-1
23881,EDU4045,1,Introducción a los Métodos Cuantitativos en Educación,"Santelices Maria, Luengo Daniela","J:2,3 CLAS T2223 J:4 AYU T2223",Educación,2026-1
32384,EDU4046,1,Métodos Cuantitativos de Investigación en Educación,Valencia Edgar,: CLAS SIN SALA,Educación,2026-1
23882,EDU4048,1,Estudio Dirigido Metodológico,Medina Lorena,: CLAS SIN SALA,Educación,2026-1
25196,EDU4048,2,Estudio Dirigido Metodológico,Escribano María,: CLAS SIN SALA,Educación,2026-1
31882,EDU4048,3,Estudio Dirigido Metodológico,Vasquez Claudia,: CLAS SIN SALA,Educación,2026-1
31883,EDU4048,4,Estudio Dirigido Metodológico,Carrasco Diego,: CLAS SIN SALA,Educación,2026-1
32081,EDU4048,5,Estudio Dirigido Metodológico,Calle Lina,: CLAS SIN SALA,Educación,2026-1
33497,EDU4048,6,Estudio Dirigido Metodológico,Guerrero Gonzalo,: CLAS SIN SALA,Educación,2026-1
33866,EDU4048,7,Estudio Dirigido Metodológico,Villalobos Cristobal,: CLAS SIN SALA,Educación,2026-1
33944,EDU4048,8,Estudio Dirigido Metodológico,Julia María,: CLAS SIN SALA,Educación,2026-1
28829,EDU4060,1,Actividad Anual de Seguimiento I,Muñoz Ana,: CLAS SIN SALA,Educación,2026-1
31830,EDU4060,2,Actividad Anual de Seguimiento I,Barahona María,: CLAS SIN SALA,Educación,2026-1
25633,EDU4061,1,Actividad Anual de Seguimiento II,Henriquez Rodrigo,: CLAS SIN SALA,Educación,2026-1
32379,EDU4061,2,Actividad Anual de Seguimiento II,Barahona María,: CLAS SIN SALA,Educación,2026-1
33663,EDU4061,3,Actividad Anual de Seguimiento II,Mendive Susana,: CLAS SIN SALA,Educación,2026-1
22128,EDU4062,1,Autoría Artículo Científico o Patente,Henriquez Rodrigo,: CLAS SIN SALA,Educación,2026-1
30292,EDU4062,2,Autoría Artículo Científico o Patente,Barahona María,: CLAS SIN SALA,Educación,2026-1
33665,EDU4062,3,Autoría Artículo Científico o Patente,Mendive Susana,: CLAS SIN SALA,Educación,2026-1
26921,EDU4063,1,Pasantía,Henriquez Rodrigo,: CLAS SIN SALA,Educación,2026-1
26977,EDU4063,2,Pasantía,Barahona María,: CLAS SIN SALA,Educación,2026-1
26996,EDU4063,3,Pasantía,Susperreguy Maria,: CLAS SIN SALA,Educación,2026-1
26974,EDU4063,4,Pasantía,Gonzalez Carlos,: CLAS SIN SALA,Educación,2026-1
32681,EDU4063,5,Pasantía,Mendive Susana,: CLAS SIN SALA,Educación,2026-1
32682,EDU4063,6,Pasantía,Errazuriz Valentina,: CLAS SIN SALA,Educación,2026-1
33666,EDU4063,7,Pasantía,Santelices Maria,: CLAS SIN SALA,Educación,2026-1
21756,EDU4064,1,Presentación en Conferencia,Barahona María,: CLAS SIN SALA,Educación,2026-1
33525,EDU4064,3,Presentación en Conferencia,Volante Paulo,: CLAS SIN SALA,Educación,2026-1
33668,EDU4064,4,Presentación en Conferencia,Mendive Susana,: CLAS SIN SALA,Educación,2026-1
32382,EDU4205,1,Examen de Candidatura,Santelices Maria,: CLAS SIN SALA,Educación,2026-1
32383,EDU4205,2,Examen de Candidatura,Medina Lorena,: CLAS SIN SALA,Educación,2026-1
16628,EDU4220,1,Diseños en Investigación Educacional,Gomez Florencia,"M:5,6 CLAS ED215",Educación,2026-1
16629,EDU4221,1,Seminario de Investigación I,Calle Lina,"W:5,6 CLAS S16",Educación,2026-1
16630,EDU4224,1,Proyecto de Tesis I,Gutierrez Gabriel,"M:1,2,3 CLAS T2223",Educación,2026-1
32380,EDU4225,1,Proyecto de Tesis II,Santelices Maria,: CLAS SIN SALA,Educación,2026-1
32381,EDU4225,2,Proyecto de Tesis II,Medina Lorena,: CLAS SIN SALA,Educación,2026-1
18388,EDU4226,2,Tesis I,Muller Magdalena,: CLAS SIN SALA,Educación,2026-1
18389,EDU4226,3,Tesis I,Barahona María,: CLAS SIN SALA,Educación,2026-1
18391,EDU4226,4,Tesis I,Trevino Juan,: CLAS SIN SALA,Educación,2026-1
21785,EDU4226,5,Tesis I,Véliz Soledad,: CLAS SIN SALA,Educación,2026-1
18393,EDU4226,6,Tesis I,Alamos Pilar,: CLAS SIN SALA,Educación,2026-1
23345,EDU4226,7,Tesis I,Meneses Alejandra,: CLAS SIN SALA,Educación,2026-1
25128,EDU4226,9,Tesis I,Matus Claudia,: CLAS SIN SALA,Educación,2026-1
31880,EDU4226,10,Tesis I,Muñoz Ana,: CLAS SIN SALA,Educación,2026-1
31881,EDU4226,11,Tesis I,Bernasconi Andres,: CLAS SIN SALA,Educación,2026-1
28831,EDU4227,1,Tesis II,Muñoz Ana,: CLAS SIN SALA,Educación,2026-1
31832,EDU4227,2,Tesis II,Barahona María,: CLAS SIN SALA,Educación,2026-1
20016,EDU4228,1,Tesis III,Volante Paulo,: CLAS SIN SALA,Educación,2026-1
20019,EDU4228,3,Tesis III,Susperreguy Maria,: CLAS SIN SALA,Educación,2026-1
20022,EDU4228,5,Tesis III,Gonzalez Carlos,: CLAS SIN SALA,Educación,2026-1
23348,EDU4228,6,Tesis III,Veliz Daniela,: CLAS SIN SALA,Educación,2026-1
25139,EDU4228,7,Tesis III,Avila Natalia,: CLAS SIN SALA,Educación,2026-1
25140,EDU4228,8,Tesis III,Mendive Susana,: CLAS SIN SALA,Educación,2026-1
26922,EDU4228,9,Tesis III,Errazuriz Valentina,: CLAS SIN SALA,Educación,2026-1
32400,EDU4228,10,Tesis III,Santelices Maria,: CLAS SIN SALA,Educación,2026-1
25632,EDU4229,1,Tesis IV,"Henriquez Rodrigo, Cabello Valeria",: CLAS SIN SALA,Educación,2026-1
32403,EDU4229,2,Tesis IV,"Barahona María, Muñoz Ana",: CLAS SIN SALA,Educación,2026-1
33670,EDU4229,3,Tesis IV,Mendive Susana,: CLAS SIN SALA,Educación,2026-1
25578,EDU4230,1,Seminario de Investigación III,Avila Natalia,"J:5,6 CLAS ED216",Educación,2026-1
26986,EDU552,1,Didáctica de la Educación Física I,Oviedo Francisco,"L:3,4 CLAS C407 J:1,2 CLAS C407",Educación,2026-1
29992,EDU552,2,Didáctica de la Educación Física I,Oviedo Francisco,"L:1,2 CLAS ED215 J:3,4 CLAS ED109",Educación,2026-1
31860,EDU553,1,Práctica Pedagógica en Educación Física y Salud III,Luna Sebastián,"L-M-V:1,2,3,4 TER SIN SALA L:5,6 CLAS S16",Educación,2026-1
33330,EDU553,2,Práctica Pedagógica en Educación Física y Salud III,Arenas Daris,"L:5,6 CLAS SEM_4_P2 M-W-V:1,2,3,4 TER SIN SALA",Educación,2026-1
30056,EDU556,1,Dimensión Ética de la Profesión Docente,Meza Marisa,"W:3,4 CLAS ED110",Educación,2026-1
30154,EDU558,1,Práctica Profesional Pedagogía en Educación Física y Salud (Ed. Básica),Del Villar Catalina,"L:3,4 CLAS SEM_4_P2 M-W-J-V:1,2,3,4 TER SIN SALA",Educación,2026-1
30312,EDU558,2,Práctica Profesional Pedagogía en Educación Física y Salud (Ed. Básica),Luna Sebastián,"L:3,4 CLAS SEM_3_P4 M-W-J-V:1,2,3,4 TER SIN SALA",Educación,2026-1
30313,EDU558,3,Práctica Profesional Pedagogía en Educación Física y Salud (Ed. Básica),Molina Solange,"L:3,4 CLAS AP008 M-W-J-V:1,2,3,4 TER SIN SALA",Educación,2026-1
30315,EDU558,4,Práctica Profesional Pedagogía en Educación Física y Salud (Ed. Básica),Aldunate Virginia,"L:3,4 CLAS ED216 M-W-J-V:1,2,3,4 TER SIN SALA",Educación,2026-1
30317,EDU558,5,Práctica Profesional Pedagogía en Educación Física y Salud (Ed. Básica),Loyola Paula,"L:3,4 CLAS SEM_6_P4 M-W-J-V:1,2,3,4 TER SIN SALA",Educación,2026-1
33333,EDU558,6,Práctica Profesional Pedagogía en Educación Física y Salud (Ed. Básica),Rodríguez Carolina,"L:3,4 CLAS SEM_4_P4 M-W-J-V:1,2,3,4 TER SIN SALA",Educación,2026-1
33334,EDU558,7,Práctica Profesional Pedagogía en Educación Física y Salud (Ed. Básica),Gonzalez Natalia,"L:3,4 CLAS SEM_3_P2 M-W-J-V:1,2,3,4 TER SIN SALA",Educación,2026-1
33335,EDU558,8,Práctica Profesional Pedagogía en Educación Física y Salud (Ed. Básica),Podestá Marcelo,"L:3,4 CLAS SEM_6_P2 M-W-J-V:1,2,3,4 TER SIN SALA",Educación,2026-1
33336,EDU558,9,Práctica Profesional Pedagogía en Educación Física y Salud (Ed. Básica),Lillo Carolina,"L:3,4 CLAS S5 M-W-J-V:1,2,3,4 TER SIN SALA",Educación,2026-1
33337,EDU558,10,Práctica Profesional Pedagogía en Educación Física y Salud (Ed. Básica),Cuevas María,"L:3,4 CLAS SEM_1_P2 M-W-J-V:1,2,3,4 TER SIN SALA",Educación,2026-1
27416,ESM01ED,1,Metodología de la Investigación,Quinteros Alen,: CLAS SIN SALA,Educación,2026-1
27417,ESM01ED,2,Metodología de la Investigación,"Olguin Mario, Quinteros Alen",: CLAS SIN SALA,Educación,2026-1
27418,ESM01ED,3,Metodología de la Investigación,"Robles Juan, Quinteros Alen",: CLAS SIN SALA,Educación,2026-1
27419,ESM01ED,4,Metodología de la Investigación,"Vargas Ana, Quinteros Alen",: CLAS SIN SALA,Educación,2026-1
27420,ESM01ED,5,Metodología de la Investigación,"Alfaro Andrea, Quinteros Alen",: CLAS SIN SALA,Educación,2026-1
27421,ESM01ED,6,Metodología de la Investigación,"Vargas Ana, Quinteros Alen",: CLAS SIN SALA,Educación,2026-1
27422,ESM01ED,7,Metodología de la Investigación,"Aldea Rodolfo, Quinteros Alen",: CLAS SIN SALA,Educación,2026-1
28940,ESM02ED,1,Teoría de la Educación,"Vargas Ana, Quinteros Alen",: CLAS SIN SALA,Educación,2026-1
28939,ESM03ED,1,Aprendizaje y Desarrollo,"Vargas Ana, Quinteros Alen",: CLAS SIN SALA,Educación,2026-1
30574,ESM04ED,1,Planificación Curricular,"Vargas Ana, Quinteros Alen",: CLAS SIN SALA,Educación,2026-1
30575,ESM05ED,1,Estrategias de Didáctica,"Ahumada Maria, Quinteros Alen",: CLAS SIN SALA,Educación,2026-1
30576,ESM06ED,1,Innovación en Educación,"Vargas Ana, Quinteros Alen",: CLAS SIN SALA,Educación,2026-1
30577,ESM07ED,1,Evaluación de los Aprendizajes,"Soto Enzo, Quinteros Alen",: CLAS SIN SALA,Educación,2026-1
30578,ESM08ED,1,Gestión de Aulas Heterogéneas,"Soto Enzo, Quinteros Alen",: CLAS SIN SALA,Educación,2026-1
30579,ESM09ED,1,Liderazgo en el Aula,"Ibanez Luis, Quinteros Alen",: CLAS SIN SALA,Educación,2026-1
33553,EES1001,1,Introducción a la Educación Especial,"Assael Cecilia, Lissi Maria","W:5,6 CLAS C504",Educación,2026-1
30531,EES1020,1,Currículum y Diversificación de la Enseñanza,"Espinoza Olga, Assael Cecilia","W:3,4 CLAS C407",Educación,2026-1
30530,EES1030,1,Desarrollo de Conceptos y Habilidades Matemáticas I,Catalan Marco,"M:2,3 CLAS C506",Educación,2026-1
30991,EES1040,1,Neurodesarrollo y Diversidad,Espinoza María,"M:3,4 CLAS ED109",Educación,2026-1
30992,EES1050,1,"Educación de Niñas, Niños y Jóvenes Con Discapacidad Intelectual",Iturra Pamela,"W:1,2 CLAS T2222",Educación,2026-1
30993,EES1060,1,"Educación de Niñas, Niños y Jóvenes Sordos e Hipoacúsicos",Lagos Doris,"J:3,4 CLAS ID300 J:5 TAL J4",Educación,2026-1
33720,EES1070,1,"Educación de Niñas, Niños y Jóvenes Con Discapacidad Visual",Estay Roxana,"M:3,4 CLAS T2222",Educación,2026-1
33216,EES1800,1,Adversidades Tempranas y Su Impacto Escolar: Herramientas para el Abordaje Educativo,"Araya Carolina, Rufs Fernanda, Sanhueza Macarena","W:1,2,3 CLAS T1221",Educación,2026-1
33551,EES1900,1,Enseñanza Diversificada para Aulas Heterogéneas,Iturra Pamela,"J:3,4 CLAS K304",Educación,2026-1
22949,EFS1000,1,Juego y Vida Activa,Ibanez Luis,"M-J:3,4 CLAS TMP105",Educación,2026-1
30380,EFS1000,2,Juego y Vida Activa,Ibanez Luis,"L:3,4 CLAS CS402 W:3,4 CLAS C306",Educación,2026-1
22953,EFS1010,1,Fundamentos de la Motricidad Humana y la Educación Física,Kameid Constanza,"M:1,2 TAL CORPORAL2 J:1,2 CLAS C504",Educación,2026-1
30379,EFS1010,2,Fundamentos de la Motricidad Humana y la Educación Física,Kameid Constanza,"M:3,4 TAL C-SINTETIC J:3,4 CLAS C504",Educación,2026-1
25206,EFS1030,1,Expresión Corporal y Folclore,Faundez Joselyn,"L:1,2,3 CLAS T3224 J:2 TAL CORPORAL2",Educación,2026-1
30382,EFS1030,2,Expresión Corporal y Folclore,Martinez Ana,"J:3,4 CLAS T1220 V:5,6 CLAS SIN SALA",Educación,2026-1
28064,EFS1041,1,Entrenamiento Deportivo Escolar II,Antón Joel,"W:5 CLAS T2222 J:5,6,7 CLAS ED110",Educación,2026-1
30981,EFS1041,2,Entrenamiento Deportivo Escolar II,Antón Joel,"M:5,6,7 CLAS C305 W:6 CLAS T2222",Educación,2026-1
28062,EFS1060,1,Nutrición y Alimentación para la Salud y Actividad Física,"Moya José, Molina Solange","M:1,2 CLAS T2222 J:1,2 CLAS T2222",Educación,2026-1
30980,EFS1060,2,Nutrición y Alimentación para la Salud y Actividad Física,"Moya José, Molina Solange","M:1,2 CLAS SALA STEM J:5,6 CLAS ED109",Educación,2026-1
23021,EFS1500,1,Atletismo,Morales Carlos,"V:1,2,3 CLAS P-ATLETICA",Educación,2026-1
30378,EFS1500,2,Atletismo,Morales Carlos,"V:4,5,6 CLAS AE211",Educación,2026-1
23022,EFS1505,1,Fútbol/Balonmano,"Pellicer Pablo, Espoz Sebastián","L:5,6 CLAS C-SINTETIC M:6 CLAS C-SINTETIC W:5,6 CLAS C-SINTETIC",Educación,2026-1
30377,EFS1505,2,Fútbol/Balonmano,"Pellicer Pablo, Espoz Sebastián","L:5,6 CLAS GIMNASIO A M:6 CLAS GIMNASIO A W:5,6 CLAS GIMNASIO A",Educación,2026-1
26766,EFS1510,1,Natación/Gimnasia,"Alcayaga Alfredo, Del Villar Catalina","V:1 CLAS PISCINA V:2 AYU SIN SALA V:3,4 CLAS GIMNASIO B",Educación,2026-1
30384,EFS1510,2,Natación/Gimnasia,"Alcayaga Alfredo, Del Villar Catalina","W:1 CLAS PISCINA W:2 AYU SIN SALA W:3,4 CLAS GIMNASIO B",Educación,2026-1
30388,EFS1520,1,Deportes Individuales: Tenis,Miranda Hugo,"J:5 CLAS SIN SALA S:1,2 TER",Educación,2026-1
30385,EFS1525,1,Deportes Colectivos: Hockey Césped,Barra Daniel,"M:5 CLAS SIN SALA S:1,2 TER",Educación,2026-1
33332,EFS1530,1,Deportes Individuales: Escalada Deportiva,Moya Gonzalo,"J:5 CLAS BOULDER S:1,2 TER",Educación,2026-1
30386,EFS1535,1,Deportes Colectivos: Rugby,Gomez Edmundo,"M:5 CLAS SALA STEM S:1,2 TER",Educación,2026-1
30387,EFS1540,1,Deportes Individuales: Entrenamiento Funcional,Ortiz Denisse,"J:5 CLAS SIN SALA S:1,2 TER",Educación,2026-1
33331,EFS1545,1,Deportes Colectivos: Ultimate Frisbee,Rencoret Sebastián,"M:5 CLAS ED217 S:1,2 TER",Educación,2026-1
20005,EIN1001,1,Introduction to Teaching English (Cpc),Orellana Francisco,L-W:5 CLAS C302,Educación,2026-1
23786,EIN1001,2,Introduction to Teaching English (Cpc),David Viviana,L-W:5 CLAS C506,Educación,2026-1
23356,EIN1002,1,Language and Culture I (Cpc),"Vera Claudia, Pavez Natalia","L-W:6,7 CLAS C506",Educación,2026-1
25117,EIN1004,1,Language and Culture III (Cpc),"Lobos Leyla, David Viviana","M:5,6 CLAS T1220 J:4 CLAS ED110 V:4 CLAS ED110",Educación,2026-1
26911,EIN1007,1,English Spanish Contrasts (Cpc),"Pavez Natalia, Alarcon Fernanda","J:5,6 CLAS E15",Educación,2026-1
26912,EIN1008,1,Literature for Children (Cpc),"Véliz Soledad, Kovacs Ja'Nos","W:5,6 CLAS ED112",Educación,2026-1
28867,EIN1010,1,Seminar,Sepúlveda Ricardo,"V:5,6 CLAS SIN SALA",Educación,2026-1
33718,CSS001,2,Uc Propone: Investigación Aplicada en Ciencias de la Salud,Cerda Ricardo,"W:3,4 CLAS SEM_1_P2 V:4 AYU SEM_6_P4",Escuela Ciencias de la Salud,2026-1
34019,CSS3001,1,Alimentos Tradicionales Chilenos y Beneficios para la Salud,"Echeverria Francisca, Fredes Carolina","J:3,4 CLAS SIN SALA",Escuela Ciencias de la Salud,2026-1
26452,CSS301A,1,Análisis del Movimiento Ocupacional,"Flores Andres, Astorga Bernardita, Castro Florencia, Floriano Sibila","M:1,2 CLAS AE203 J:5,6 CLAS AE202",Escuela Ciencias de la Salud,2026-1
26465,CSS302A,1,Neurociencias Aplicadas a Ciencias de la Salud,"Aceituno Cristopher, Pinilla Carlos","L:3,4 CLAS CS204",Escuela Ciencias de la Salud,2026-1
28413,FON101A,1,Introducción a la Fonoaudiología,"Jeldes Paz, Garrido Tamara, Mardones Cristobal, Melo Natalia, Rivera Carla, Roca Francisca, Troncoso Rodrigo","M:5,6,7 CLAS E10",Escuela Ciencias de la Salud,2026-1
25151,FON103,1,Inclusión y Discapacidad: el Valor de la Diversidad,"Rivera Carla, Di Giovanni Gabriele","L:5,6 CLAS CS201",Escuela Ciencias de la Salud,2026-1
25152,FON104,1,Fundamentos Básicos de Cultura Sorda y Lengua de Señas Chilena,"Gutierrez Enrique, Rojas Barbara","W:5,6 CLAS CS201",Escuela Ciencias de la Salud,2026-1
29825,FON206A,1,Curso de Vida y Desarrollo Humano,"Hormazabal Ximena, Mardones Cristobal, Melo Natalia, Salinas Luis","M:1,2 CLAS CS202 J:5,6 CLAS CS301",Escuela Ciencias de la Salud,2026-1
14957,FON301,1,Evaluación Audiológica,"Aracena Karina, Di Giovanni Gabriele, Hormazabal Ximena, Troncoso Rodrigo","L:1,2,3 CLAS CS405 L:4 AYU CS302 W:5,6 LAB CS405",Escuela Ciencias de la Salud,2026-1
31303,FON301A,1,Evaluación Audiológica Objetiva y Otoneurología,"Aracena Karina, Di Giovanni Gabriele, Hormazabal Ximena, Troncoso Rodrigo","L:1,2,3 CLAS CS405 L:4 AYU CS302 W:5,6 LAB CS405",Escuela Ciencias de la Salud,2026-1
33496,FON301A,2,Evaluación Audiológica Objetiva y Otoneurología,"Aracena Karina, Di Giovanni Gabriele, Hormazabal Ximena, Troncoso Rodrigo","L:1,2,3 CLAS CS405 L:4 AYU CS302 V:5,6 LAB CS401",Escuela Ciencias de la Salud,2026-1
31316,FON303A,1,Eufonía,"Grupe Macarena, Garrido Tamara, Orellana Carolina","V:1,2,3 CLAS CS302",Escuela Ciencias de la Salud,2026-1
32943,FON308,1,La Lengua de Señas y la Cultura Sorda,"Rojas Barbara, Gutierrez Enrique","L:5,6 CLAS AP006",Escuela Ciencias de la Salud,2026-1
31317,FON312A,1,Fonoaudiología en Educación,"Pozo Francisca, Chaf Gabriela, Gutierrez Ana","L:5,6 CLAS CS302 M:1,2,3 CLAS CS302",Escuela Ciencias de la Salud,2026-1
31315,FON314A,1,Promoción en Salud,"Contreras Pedro, Castro Yolanda, Orellana Carolina, Rivera Carla, Salinas Luis","J:1,2,3 CLAS CS202",Escuela Ciencias de la Salud,2026-1
31319,FON315A,1,Motricidad Orofacial,"Contreras Pedro, Jeldes Paz, Roca Francisca, Tapia Paulina","W:1,2 CLAS CS405 W:3 TAL CS405 J:5,6 CLAS D301",Escuela Ciencias de la Salud,2026-1
15413,FON403,1,Evaluación de la Comunicación en Adultos,"Mendez Juan, Castro Yolanda, Mardones Cristobal, Roca Francisca","W:5,6 CLAS CS203 V:1,2,3 CLAS CS202",Escuela Ciencias de la Salud,2026-1
32899,FON403A,1,Evaluación de la Comunicación en Adultos,"Mendez Juan, Castro Yolanda, Mardones Cristobal, Roca Francisca","W:5,6 CLAS CS203 V:1,2,3 CLAS CS202",Escuela Ciencias de la Salud,2026-1
32903,FON404,1,Intervención en Voz,"Garrido Tamara, Andrews Christian, Cerda Felipe, Orellana Carolina","M:1,2 CLAS CS201 J:5,6 CLAS CS201",Escuela Ciencias de la Salud,2026-1
32902,FON404A,1,Intervención Vocal,"Garrido Tamara, Andrews Christian, Cerda Felipe, Orellana Carolina","M:1,2 CLAS CS201 J:5,6 CLAS CS201",Escuela Ciencias de la Salud,2026-1
19244,FON406,1,Intervención en la Comunicación de Niños y Adolescentes,"Tapia Paulina, Muñoz Maria, Sánchez Andrés, Wettling Ignacio","M:5,6,7 CLAS CS201 J:1,2,3 CLAS CS201",Escuela Ciencias de la Salud,2026-1
32900,FON406A,1,"Intervención de la Comunicación en Niñas, Niños y Adolescentes","Tapia Paulina, Muñoz Maria, Sánchez Andrés, Wettling Ignacio","M:5,6,7 CLAS CS201 J:1,2,3 CLAS CS201",Escuela Ciencias de la Salud,2026-1
30476,FON411,1,Recursos Musicales para Fonoaudiología,"Wettling Ignacio, Cortes Mauricio","L:1,2 CLAS SEM_5_P2",Escuela Ciencias de la Salud,2026-1
32906,FON413A,1,Fundamentos de Investigación y Formulación de Proyectos,"Pozo Francisca, Aracena Karina, Castro Yolanda, Chaf Gabriela, Di Giovanni Gabriele, Muñoz Maria, Salinas Luis, Sánchez Andrés","W:1,2,3 CLAS SIN SALA",Escuela Ciencias de la Salud,2026-1
32941,FON416,1,Trastornos del Neurodesarrollo: Una Mirada Desde la Fonoaudiología,(Sin Profesores),"L:3,4 CLAS SEM_5_P4",Escuela Ciencias de la Salud,2026-1
17225,FON501,1,Internado: Educación,Pozo Francisca,"L-M-W-J-V:1,2,3,4,5,6,7 CLAS SIN SALA",Escuela Ciencias de la Salud,2026-1
17227,FON502,1,Internado: Clinico Adultos,Mendez Juan,"L-M-W-J-V:1,2,3,4,5,6,7 CLAS SIN SALA",Escuela Ciencias de la Salud,2026-1
17229,FON503,1,Internado: Clinico Pediátrico,Wettling Ignacio,"L-M-W-J-V:1,2,3,4,5,6,7 CLAS SIN SALA",Escuela Ciencias de la Salud,2026-1
17231,FON504,1,Internado: Voz,Cerda Felipe,"L-M-W-J-V:1,2,3,4,5,6,7 CLAS SIN SALA",Escuela Ciencias de la Salud,2026-1
17236,FON506,1,Internado: Audición,Di Giovanni Gabriele,"L-M-W-J-V:1,2,3,4,5,6,7 CLAS SIN SALA",Escuela Ciencias de la Salud,2026-1
19246,FON507,1,Internado Electivo,Chaf Gabriela,"L-M-W-J-V:1,2,3,4,5,6,7 CLAS SIN SALA",Escuela Ciencias de la Salud,2026-1
27106,KIN101A,1,Introducción a la Kinesiología,"Balbontin Fabiola, Calvo Maria, Fernández Tiziana, Flores Andres, Guidi Dominique, Munoz Karin, Nicolaides Stefania, Sepulveda Catalina","L:3 TAL SIN SALA M:5,6 CLAS K200",Escuela Ciencias de la Salud,2026-1
25038,KIN104,1,Fundamentos Fisiológicos de la Actividad Física,"Orellana Carolina, Carrillo Benjamín","L:1,2 TAL ED109 W:1,2 CLAS AE004",Escuela Ciencias de la Salud,2026-1
29944,KIN104,2,Fundamentos Fisiológicos de la Actividad Física,"Orellana Carolina, Carrillo Benjamín","W:1,2 CLAS AE004 J:1,2 TAL T3224",Escuela Ciencias de la Salud,2026-1
26827,KIN105,1,Ejercicio para Una Vida Saludable y Plena,"Nicolaides Stefania, Calvo Maria","J:1,2 CLAS D301",Escuela Ciencias de la Salud,2026-1
31868,KIN106,1,Prevención de Lesiones Asociadas a la Actividad Física y Deporte,Canessa Daniela,"W:1,2 CLAS C404",Escuela Ciencias de la Salud,2026-1
28026,KIN201A,1,Fisiología del Ejercicio,"Vargas Ronald, Fuentes Rodrigo, Orellana Carolina","M:5,6 CLAS CS-102 V:5,6 CLAS AE201",Escuela Ciencias de la Salud,2026-1
28027,KIN202A,1,Ciclo Vital,"Calvo Maria, Balbontin Fabiola, Larenas Marion, Munoz Carolina, Munoz Karin, Nicolaides Stefania, Parentini Nicole","L:1,2 CLAS AE004 W:5,6 CLAS CS-102",Escuela Ciencias de la Salud,2026-1
25044,KIN205,1,Fisiología del Ejercicio,"Fuentes Rodrigo, Carrillo Benjamín","M:1,2 CLAS C201 J:5,6 CLAS C203",Escuela Ciencias de la Salud,2026-1
28040,KIN208,1,Neurociencias del Movimiento Humano,"Astudillo Carolina, Miranda Jorge, Moenne Cristobal, Munoz Carolina, Varas Gonzalo","W:1,2,3 CLAS AE002",Escuela Ciencias de la Salud,2026-1
29829,KIN3001,1,Rotación Clínica Kinesiología en Unidad de Paciente Crítico Adulto,Chamorro Magdalena,"L-M-W-J-V:1,2,3,4,5,6,7 CLAS SIN SALA",Escuela Ciencias de la Salud,2026-1
29830,KIN3002,1,Rotación Clínica Kinesiología en el Paciente Cardiovascular Adulto  Hospitalizado,Chamorro Magdalena,"L-M-W-J-V:1,2,3,4,5,6,7 CLAS SIN SALA",Escuela Ciencias de la Salud,2026-1
29831,KIN3003,1,Rotación Clínica Kinesiología en el Paciente Respiratorio Adulto Hospitalizado,Chamorro Magdalena,"L-M-W-J-V:1,2,3,4,5,6,7 CLAS SIN SALA",Escuela Ciencias de la Salud,2026-1
29832,KIN3004,1,Rotación Clínica Kinesiología en el Paciente Cardiovascular Adulto Ambulatorio,Chamorro Magdalena,"L-M-W-J-V:1,2,3,4,5,6,7 CLAS SIN SALA",Escuela Ciencias de la Salud,2026-1
29834,KIN3005,1,Rotación Clínica Kinesiología en el Paciente Respiratorio Adulto Ambulatorio,Chamorro Magdalena,"L-M-W-J-V:1,2,3,4,5,6,7 CLAS SIN SALA",Escuela Ciencias de la Salud,2026-1
29835,KIN3006,1,Rotación Clínica Electiva,Chamorro Magdalena,"L-M-W-J-V:1,2,3,4,5,6,7 CLAS SIN SALA",Escuela Ciencias de la Salud,2026-1
29836,KIN3007,1,Bases Teóricas de la Kinesiología Cardiorrespiratoria Aplicada Evaluación,Chamorro Magdalena,"L-M-W-J-V:1,2,3,4,5,6,7 CLAS SIN SALA",Escuela Ciencias de la Salud,2026-1
29837,KIN3008,1,Bases Teóricas de la Kinesiología Cardiorrespiratoria Aplicada: Tratamiento,Garcia Patricio,"L-M-W-J-V:1,2,3,4,5,6,7 CLAS SIN SALA",Escuela Ciencias de la Salud,2026-1
29838,KIN3009,1,Ética y Profesionalismo en la Práctica Kinesiológica,Chamorro Magdalena,"L-M-W-J-V:1,2,3,4,5,6,7 CLAS SIN SALA",Escuela Ciencias de la Salud,2026-1
30431,KIN3010,1,Kinesiología Basada en la Evidencia,Jalil Yorschua,"L-M-W-J-V:1,2,3,4,5,6,7 CLAS SIN SALA",Escuela Ciencias de la Salud,2026-1
29840,KIN3011,1,Portafolio,Chamorro Magdalena,"L-M-W-J-V:1,2,3,4,5,6,7 CLAS SIN SALA",Escuela Ciencias de la Salud,2026-1
26450,KIN307,1,Neuromecánica Aplicada al Movimiento Humano,"Vassiliu María, Rammsy Francisca, Varas Gonzalo","M:3,4 TAL T1220 W:5,6 CLAS C201",Escuela Ciencias de la Salud,2026-1
29947,KIN307,2,Neuromecánica Aplicada al Movimiento Humano,"Vassiliu María, Rammsy Francisca, Varas Gonzalo","M:5,6 TAL C504 W:5,6 CLAS C201",Escuela Ciencias de la Salud,2026-1
26451,KIN308,1,Prevención de Lesiones en la Actividad Física Escolar,"Rammsy Francisca, Goset Michelle","M:1,2 CLAS CS304",Escuela Ciencias de la Salud,2026-1
29931,KIN309,1,Salud Pública,"Muñoz Bárbara, Palma Francisca","M:5,6 CLAS CS303",Escuela Ciencias de la Salud,2026-1
29933,KIN311,1,Kinesiología Basada en la Evidencia,"Jalil Yorschua, Astudillo Carolina, Chamorro Magdalena, Damiani Luis, Flores Andres, Garcia Patricio, Moenne Cristobal, Muñoz Bárbara","W:5,6 CLAS AUD_VET",Escuela Ciencias de la Salud,2026-1
29932,KIN313,1,Razonamiento Clínico y Fundamentos de la Evaluación,"Espinoza Cesar, Díaz Pamela, Fernández Tiziana, Garcia Patricio, Luttges Camila, Miranda Jorge, Nicolaides Stefania","M:1,2 CLAS CS-101 M:3 CLAS SIN SALA J:5,6 CLAS CS-102",Escuela Ciencias de la Salud,2026-1
31075,KIN401A,1,Kinesiología Cardiorrespiratoria I,"Fernández Tiziana, Chamorro Magdalena, Garcia Patricio, Guidi Dominique, Moscoso Gonzalo, Moya Eduardo, Muñoz Bárbara, Orellana Carolina, Vicuña María","L:5,6 CLAS CS304 W:1,2,3 CLAS CS204",Escuela Ciencias de la Salud,2026-1
31222,KIN402A,1,Intervención en Neurokinesiología I,"Munoz Carolina, Campos Ricardo, Munoz Karin, Parentini Nicole, Tirado Carolina, Villalón Javiera","M:1,2,3 CLAS CS204 J:5,6 CLAS CS203",Escuela Ciencias de la Salud,2026-1
31247,KIN403A,1,Kinesiología Musculoesquelética I,"Campos Veronica, Bannen Germán, Espinoza Cesar, Estevez Alexis, Fuentes Javiera, Goset Michelle, Luttges Camila, Rammsy Francisca, San Martin Cristobal, Sepulveda Catalina, Torres Gustavo, Vassiliu María","M:5,6 CLAS CS204 V:1,2,3 CLAS CS304",Escuela Ciencias de la Salud,2026-1
31248,KIN410B,1,Investigación en Kinesiología I,"Moenne Cristobal, Astudillo Carolina, Damiani Luis, Flores Andres, Fuentes Javiera, Garcia Patricio, Jalil Yorschua, Muñoz Bárbara, San Martin Cristobal, Torres Gustavo, Varas Gonzalo, Vargas Ronald, Vassiliu María, Villagrán Ignacio","L:1,2 CLAS CS204 L:3 TAL S9",Escuela Ciencias de la Salud,2026-1
31249,KIN411,1,Rehabilitación Basada en la Comunidad,"Sepulveda Catalina, Espinoza Cesar, Munoz Carolina, Palma Francisca, Parentini Nicole, Villalón Javiera","J:1,2,3 CLAS CS204",Escuela Ciencias de la Salud,2026-1
15542,KIN501A,1,Internado Kinesiología Motora I,Sepulveda Catalina,"L-M-W-J-V:1,2,3,4,5,6,7 CLAS SIN SALA",Escuela Ciencias de la Salud,2026-1
33385,KIN501B,1,Internado en Kinesiología Musculoesquelética,Sepulveda Catalina,"L-M-W-J-V:1,2,3,4,5,6,7 CLAS SIN SALA",Escuela Ciencias de la Salud,2026-1
15709,KIN502A,1,Internado Cardiorespiratorio Adulto,Fernández Tiziana,"L-M-W-J-V:1,2,3,4,5,6,7 CLAS SIN SALA",Escuela Ciencias de la Salud,2026-1
33386,KIN502B,1,Internado Kinesiología Cardiorrespiratoria Adulto,Fernández Tiziana,"L-M-W-J-V:1,2,3,4,5,6,7 CLAS SIN SALA",Escuela Ciencias de la Salud,2026-1
15926,KIN503A,1,Internado Kinesiología Motora II,Estevez Alexis,"L-M-W-J-V:1,2,3,4,5,6,7 CLAS SIN SALA",Escuela Ciencias de la Salud,2026-1
33387,KIN503B,1,Internado en Kinesiología Musculoesquelética Aplicada,Estevez Alexis,"L-M-W-J-V:1,2,3,4,5,6,7 CLAS SIN SALA",Escuela Ciencias de la Salud,2026-1
15753,KIN504A,1,Internado Cardiorespiratorio Infantil,Moya Eduardo,"L-M-W-J-V:1,2,3,4,5,6,7 CLAS SIN SALA",Escuela Ciencias de la Salud,2026-1
33388,KIN504B,1,Internado Kinesiología Cardiorrespiratoria Infantil,Moya Eduardo,"L-M-W-J-V:1,2,3,4,5,6,7 CLAS SIN SALA",Escuela Ciencias de la Salud,2026-1
15754,KIN505A,1,Internado Neurología Adulto,Nicolaides Stefania,"L-M-W-J-V:1,2,3,4,5,6,7 CLAS SIN SALA",Escuela Ciencias de la Salud,2026-1
33389,KIN505B,1,Internado en Neurokinesiología del Adulto,Nicolaides Stefania,"L-M-W-J-V:1,2,3,4,5,6,7 CLAS SIN SALA",Escuela Ciencias de la Salud,2026-1
15757,KIN506,1,Internado Neurología Infantil,Munoz Carolina,"L-M-W-J-V:1,2,3,4,5,6,7 CLAS SIN SALA",Escuela Ciencias de la Salud,2026-1
33390,KIN506A,1,Internado en Neurokinesiología Infantil,Munoz Carolina,"L-M-W-J-V:1,2,3,4,5,6,7 CLAS SIN SALA",Escuela Ciencias de la Salud,2026-1
22073,KIN507,1,Internado Optativo,San Martin Cristobal,"L-M-W-J-V:1,2,3,4,5,6,7 CLAS SIN SALA",Escuela Ciencias de la Salud,2026-1
33391,KIN507A,1,Internado Electivo,San Martin Cristobal,"L-M-W-J-V:1,2,3,4,5,6,7 CLAS SIN SALA",Escuela Ciencias de la Salud,2026-1
30590,MEN302B,1,Microbiología e Higiene de los Alimentos,"Wozniak Aniela, Gonzalez Diego, Pérez Maria-Ignacia, San Martin Paola, Valle Consuelo","L:2,3,4 CLAS AE002 M:3,4 CLAS K200",Escuela Ciencias de la Salud,2026-1
25225,NUT1003,1,Nutrición y Deporte,Rios Mauricio,"W:5,6 CLAS CS204",Escuela Ciencias de la Salud,2026-1
28614,NUT101A,1,Introducción a la Nutrición,"Espinosa Alejandra, Arguello Graciela, Macía Dannya, Pérez Maria-Ignacia, Valle Consuelo","M:5,6 CLAS K203",Escuela Ciencias de la Salud,2026-1
28616,NUT105A,1,Alimentos,"Fredes Carolina, Echeverria Francisca, Pérez Maria-Ignacia","M:1,2 CLAS K200",Escuela Ciencias de la Salud,2026-1
25200,NUT207,1,Fundamentos de la Nutrición Humana,Rojas Loreto,"W-V:1,2 CLAS CS401",Escuela Ciencias de la Salud,2026-1
30134,NUT207,2,Fundamentos de la Nutrición Humana,Forteza Maria,"W-V:1,2 CLAS AP603",Escuela Ciencias de la Salud,2026-1
30121,NUT207A,1,Nutrición Básica,"Aguirre Carolina, Arguello Graciela, Rojas Loreto, Valentino Giovanna","M:1,2 CLAS CS405 J:5,6 CLAS CS405",Escuela Ciencias de la Salud,2026-1
28646,NUT3001,1,Seminario Bases Teóricas de la Nutrición Clínica I,Valdes Silvana,"W:5,6 CLAS SIN SALA",Escuela Ciencias de la Salud,2026-1
28647,NUT3002,1,Seminario Nutrición Basada en la Evidencia I,Fernandez Rodrigo,"W:5,6 CLAS SIN SALA",Escuela Ciencias de la Salud,2026-1
29597,NUT3003,1,Seminario Bases Teóricas de la Nutrición Clínica II,Parada Alejandra,"W:5,6 CLAS SIN SALA",Escuela Ciencias de la Salud,2026-1
29598,NUT3004,1,Seminario Nutrición Basada en la Evidencia II,Parada Alejandra,"W:5,6 CLAS SIN SALA",Escuela Ciencias de la Salud,2026-1
29599,NUT3005,1,Seminario de Ética,Molina Clara,"W:5,6 CLAS SIN SALA",Escuela Ciencias de la Salud,2026-1
26573,NUT3007,1,Rotación Clínica Nutrición en Obesidad y Enfermedades Metabólicas,Alamos Mirelly,"L-M-W-J-V:1,2,3,4 CLAS SIN SALA",Escuela Ciencias de la Salud,2026-1
28656,NUT3008,1,Rotación Clínica Nutrición en Enfermedades Renales,Molina Clara,"L-M-W-J-V:1,2,3,4 CLAS SIN SALA",Escuela Ciencias de la Salud,2026-1
26630,NUT3009,1,Rotación Clínica Nutrición en Enfermedades Gastroenterológicas,Parada Alejandra,"L-M-W-J-V:1,2,3,4 CLAS SIN SALA",Escuela Ciencias de la Salud,2026-1
26631,NUT3010,1,Rotación Clínica Nutrición en Enfermedades Oncológicas,Figueroa Constanza,"L-M-W-J-V:1,2,3,4 CLAS SIN SALA",Escuela Ciencias de la Salud,2026-1
26632,NUT3011,1,Rotación Clínica Nutrición Electiva,Parada Alejandra,"L-W-V:1,2,3,4 CLAS SIN SALA",Escuela Ciencias de la Salud,2026-1
31507,NUT305A,1,Integrado de Nutrición Humana del Adulto,"Valentino Giovanna, Espinosa Alejandra, Forteza Maria, Salgado Daniela","L:1,2,3 CLAS CS302 J:1,2 CLAS CS405",Escuela Ciencias de la Salud,2026-1
31510,NUT306A,1,Educación Alimentaria,"Cerda Ricardo, Contreras Angela, Macía Dannya, Pérez Maria-Ignacia, Salgado Daniela","M:3,4 CLAS M2 J:5,6 CLAS C001",Escuela Ciencias de la Salud,2026-1
31512,NUT307A,1,"Promoción, Prevención e Intervenciones Nutricionales","Contreras Angela, Cerda Ricardo, Espinosa Alejandra, Macía Dannya","J-V:3,4 CLAS CS405",Escuela Ciencias de la Salud,2026-1
31513,NUT308A,1,Integrado de Nutrición Clínica General,"Cuzmar Valeria, Alamos Mirelly, Leiva Carla, Por Fijar","L:5,6 CLAS D202 M:5,6 CLAS AUD-1 W:5,6 CLAS AUD-1",Escuela Ciencias de la Salud,2026-1
12647,NUT401,1,Dietoterapia Pediátrica,"Jara Natalia, Aguilera Gonzalo, Cárdenas Gabriela, Leiva Carla, Pérez Maria-Ignacia","W-J:1,2,3 CLAS CS302",Escuela Ciencias de la Salud,2026-1
33381,NUT405A,1,Administración y Gestión de Servicios de Alimentación,"Gonzalez Diego, San Martin Paola, Valle Consuelo","L-W:5,6 CLAS D301 M:1,2 CLAS CS404",Escuela Ciencias de la Salud,2026-1
33383,NUT408A,1,Integrado de Nutrición Humana de la Persona Mayor,"Arguello Graciela, Contreras Angela, Por Fijar","M:3,4 CLAS CS405",Escuela Ciencias de la Salud,2026-1
33382,NUT409A,1,Integrado de Nutrición Clínica Pediátrica,"Aguilera Gonzalo, Cárdenas Gabriela, Jara Natalia, Leiva Carla, Pérez Maria-Ignacia","W-J:1,2,3 CLAS CS403",Escuela Ciencias de la Salud,2026-1
33384,NUT411A,1,Unidad Investigaci Nutricion I,"Fernandez Rodrigo, Aguirre Carolina, Arguello Graciela, Cerda Ricardo, Echeverria Francisca, Fredes Carolina, Galgani Jose, Valentino Giovanna, Vega Maria","V:1,2 CLAS CS405",Escuela Ciencias de la Salud,2026-1
15769,NUT501,1,Internado: Clínico Adultos,Figueroa Constanza,"L-M-W-J-V:1,2,3,4,5,6,7 CLAS SIN SALA",Escuela Ciencias de la Salud,2026-1
15771,NUT502,1,Internado: Clínico Pediátrico,"Aguilera Gonzalo, Cárdenas Gabriela","L-M-W-J-V:1,2,3,4,5,6,7 CLAS SIN SALA",Escuela Ciencias de la Salud,2026-1
15773,NUT503,1,Internado de Actividad Física,Rios Mauricio,"L-M-W-J-V:1,2,3,4,5,6,7 CLAS SIN SALA",Escuela Ciencias de la Salud,2026-1
15774,NUT504,1,Internado Salud Pública,Macía Dannya,"L-M-W-J-V:1,2,3,4,5,6,7 CLAS SIN SALA",Escuela Ciencias de la Salud,2026-1
15778,NUT505,1,Internado Alimentación Colectiva,San Martin Paola,"L-M-W-J-V:1,2,3,4,5,6,7 CLAS SIN SALA",Escuela Ciencias de la Salud,2026-1
15776,NUT506,1,Internado de Ciclo Vital (Pre-Escolar y Adulto Mayor),Arguello Graciela,L-M-W-J-V:1 CLAS SIN SALA,Escuela Ciencias de la Salud,2026-1
25168,OCU101A,1,Desarrollo Creativo y Destrezas Terapéuticas,"Vega Valentina, Aguilera Nancy, Labbe Franchesca, Paillalef Paola",J:1 CLAS M1 J:2 TAL CS402,Escuela Ciencias de la Salud,2026-1
30309,OCU101A,2,Desarrollo Creativo y Destrezas Terapéuticas,"Vega Valentina, Aguilera Nancy, Labbe Franchesca, Paillalef Paola",J:1 CLAS M1 J:2 TAL C509,Escuela Ciencias de la Salud,2026-1
30311,OCU101A,3,Desarrollo Creativo y Destrezas Terapéuticas,"Vega Valentina, Aguilera Nancy, Labbe Franchesca, Paillalef Paola",J:1 CLAS M1 J:2 TAL C505,Escuela Ciencias de la Salud,2026-1
33138,OCU101A,4,Desarrollo Creativo y Destrezas Terapéuticas,"Vega Valentina, Aguilera Nancy, Labbe Franchesca, Paillalef Paola",J:1 CLAS M1 J:2 TAL C300,Escuela Ciencias de la Salud,2026-1
25169,OCU102A,1,Terapia Ocupacional: Profesión y Disciplina,"Rodriguez Laura, Aguilera Nancy, Atán Karla, Castro Florencia, Labbe Franchesca, Paillalef Paola, Paredes Paula, Traub Carolina","M:5,6 CLAS K201 J:3,4 CLAS CS-101",Escuela Ciencias de la Salud,2026-1
26466,OCU301A,1,Habilidades y Técnicas Terapeuticas I,"Paredes Paula, Aguilera Nancy, Joo Andrea, Rodriguez Laura","L:5,6 CLAS CS204",Escuela Ciencias de la Salud,2026-1
28641,OCU501A,1,Ergonomía y Salud Ocupacional,"Astorga Bernardita, Acevedo Fabrizio, Castro Florencia, Ortiz Rosa, Paillalef Paola","M-J:5,6 CLAS CS-101",Escuela Ciencias de la Salud,2026-1
28642,OCU502A,1,Semiología y Anamnesis para Ciencias de la Salud,"Contreras Camila, Aceituno Cristopher, Lucero Nayadet-Noelia, Pinilla Carlos, Traub Carolina","L:5,6 CLAS AE101",Escuela Ciencias de la Salud,2026-1
29695,OCU702A,1,Evaluación e Intervención en Niños y Adolescentes,"Pinilla Carlos, Duarte Tamara, Gomez Carolina, Lucero Nayadet-Noelia, Por Fijar, Severin Bernardita","M:3,4 CLAS CS303 W:5,6 CLAS AE201",Escuela Ciencias de la Salud,2026-1
31282,OCU702A,2,Evaluación e Intervención en Niños y Adolescentes,"Gomez Carolina, Cubillos Rodrigo, Duarte Tamara, Labbe Franchesca, Lucero Nayadet-Noelia, Pinilla Carlos","M:3,4 CLAS CS203 W:5,6 CLAS AE003",Escuela Ciencias de la Salud,2026-1
29697,OCU703A,1,Evaluación e Intervención Psicosocial y Comunitaria,"Joo Andrea, Aguilera Nancy, Arellano Beatriz, Floriano Sibila, Paillalef Paola, Paredes Paula, Vega Valentina","L:2,3,4 CLAS CS304",Escuela Ciencias de la Salud,2026-1
29699,OCU704A,1,Investigación Aplicada en Ciencia de la Ocupación,"Avello Daniela, Aceituno Cristopher, Aguilera Nancy, Arellano Beatriz, Astorga Bernardita, Cimino Paola, Contreras Camila, Cubillos Rodrigo, Duarte Tamara, Floriano Sibila, Gomez Carolina, Lucero Nayadet-Noelia, Paredes Paula, Pinilla Carlos, Rodriguez Laura, Traub Carolina, Vega Valentina","V:3,4 CLAS CS204",Escuela Ciencias de la Salud,2026-1
33139,OCU801A,1,Evaluación e Intervención en Salud Física Adulto y Persona Mayor,"Cimino Paola, Acevedo Fabrizio, Astorga Bernardita, Castro Florencia, Floriano Sibila, Ortiz Rosa, Vega Valentina","M:5,6 CLAS CS203 J:1,2 CLAS AE105",Escuela Ciencias de la Salud,2026-1
31910,OCU901A,1,Internado Salud Física,"Cimino Paola, Acevedo Fabrizio, Astorga Bernardita, Ortiz Rosa","L-M-W-J-V:1,2,3,4,5,6 CLAS SIN SALA",Escuela Ciencias de la Salud,2026-1
31911,OCU902A,1,Internado Salud Mental,"Aguilera Nancy, Paredes Paula, Rodriguez Laura, Traub Carolina","L-M-W-J-V:1,2,3,4,5,6 CLAS SIN SALA",Escuela Ciencias de la Salud,2026-1
31912,OCU903A,1,Internado Infanto Juvenil,"Lucero Nayadet-Noelia, Duarte Tamara, Gomez Carolina, Labbe Franchesca, Pinilla Carlos","L-M-W-J-V:1,2,3,4,5,6 CLAS SIN SALA",Escuela Ciencias de la Salud,2026-1
31913,OCU904A,1,Internado Socio-Comunitario,"Arellano Beatriz, Avello Daniela, Joo Andrea, Traub Carolina","L-M-W-J-V:1,2,3,4,5,6 CLAS SIN SALA",Escuela Ciencias de la Salud,2026-1
31914,OCU905A,1,Internado Electivo,"Paillalef Paola, Rodriguez Laura, Traub Carolina, Vega Valentina","L-M-W-J-V:1,2,3,4,5,6 CLAS SIN SALA",Escuela Ciencias de la Salud,2026-1
31694,ENA3520,1,Fundamentos para los Cuidados Especializados de Enfermería en Cuidados Críticos del Adulto,Rojas Noelia,: CLAS SIN SALA,Escuela de Enfermería,2026-1
31695,ENA3521,1,Especialidad de Enfermería en Cuidados Críticos del Adulto I,"Rojas Noelia, Leiva Silvana",: CLAS SIN SALA,Escuela de Enfermería,2026-1
34200,ENA3522,1,Especialidad de Enfermería en Cuidados Críticos del Adulto II,"Rojas Noelia, Leiva Silvana",: CLAS,Escuela de Enfermería,2026-1
31703,ENB3020,1,Fundamentos para el Cuidado Especialista de Enfermería en Adultos Con Problemas Oncológicos,Flores Claudia,L-W:1 CLAS SIN SALA,Escuela de Enfermería,2026-1
32152,ENB3020,2,Fundamentos para el Cuidado Especialista de Enfermería en Adultos Con Problemas Oncológicos,Marquez Francisca,"W:7,8 CLAS SIN SALA",Escuela de Enfermería,2026-1
31953,ENB3110,1,Cuidados Avanzados de Enfermeria del Adulto Con Problemas Oncologicos II,Marquez Francisca,M-J:1 CLAS SIN SALA,Escuela de Enfermería,2026-1
31704,ENB3120,1,Cuidados Especializados de Enfermería en Adultos Con Problemas Oncológicos I,"Flores Claudia, Araya Veronica, García Marcela",L-W:1 CLAS SIN SALA,Escuela de Enfermería,2026-1
31696,END3020,1,Fundamentos para el Cuidado Especialista de Enfermería en Personas Con Problemas Cardiacos,González Marcela,"M:1,2,3 CLAS SIN SALA",Escuela de Enfermería,2026-1
31697,END3120,1,Enfermería para Cuidados Especialistas en Personas Con Problemas Cardiacos I,"González Marcela, Sanhueza Javiera",: CLAS SIN SALA,Escuela de Enfermería,2026-1
28136,ENE3010,1,Cuidados Avanzados de Enfermeria del Adulto Con Problemas Renales I,"Barrios Silvia, Palma Eugenia",":1,2 CLAS F5",Escuela de Enfermería,2026-1
34164,ENE3020,1,Fundamentos para el Cuidado Especialista de Enfermería del Adulto Con Problemas Renales,"Osorio Bernardita, Barrios Silvia",J:6 CLAS SIN SALA,Escuela de Enfermería,2026-1
34169,ENE3120,1,Enfermería para Cuidados Especialistas del Adulto Con Problemas Renales I,"Osorio Bernardita, Barrios Silvia",: CLAS SIN SALA,Escuela de Enfermería,2026-1
31550,ENF1100,1,Sueño: ¿Cómo Mantener y Mejorar Esta Necesidad Vital?,Masalan Maria,"M:5,6 CLAS SIN SALA",Escuela de Enfermería,2026-1
26215,ENF1112,1,Naturaleza de la Enfermería,"Irarrazabal Lisette, Agurto Herleyn","M:5,6 CLAS D306",Escuela de Enfermería,2026-1
26243,ENF1124,1,Psicología,Dois Angelina,"W:5,6,7 CLAS AE105",Escuela de Enfermería,2026-1
31559,ENF1126,1,Salud Intercultural,Campos Solange,"M:2,3 CLAS SIN SALA",Escuela de Enfermería,2026-1
26239,ENF1127,1,"Salud, Cultura y Sociedad Global","Gonzalez Marcela, Baeza Maria","M:1,2,3 CLAS F201",Escuela de Enfermería,2026-1
26240,ENF1127,2,"Salud, Cultura y Sociedad Global",Correa Maria,"J:1,2,3 CLAS C302",Escuela de Enfermería,2026-1
26244,ENF1133,1,Metodología de la Investigación,"Alegria Leyla, Vega Paula","L:3,4 CLAS AP202",Escuela de Enfermería,2026-1
26245,ENF1205,1,Cuidados de Enfermería I,Valdés Camila,"L:5,6,7 CLAS F201",Escuela de Enfermería,2026-1
26250,ENF1205,2,Cuidados de Enfermería I,Gomez Tamara,"J:5,6,7 CLAS F2",Escuela de Enfermería,2026-1
26242,ENF1212,1,Salud Pública,"Pardo Catalina, Lucchini Camila, Marquez Francisca","J:1,2,3 CLAS AP302",Escuela de Enfermería,2026-1
31593,ENF2112,1,Cuidados de Enfermería de la Persona y Familia,"Neisser Roberto, Correa Maria, Román Camila, Valdés Bastián","L-M:1,2,3 CLAS D202",Escuela de Enfermería,2026-1
28088,ENF2115,1,Educación para la Salud,Urrutia Marcela,"J:1,2 CLAS F201",Escuela de Enfermería,2026-1
30591,ENF2115,2,Educación para la Salud,Urrutia Marcela,"J:3,4 CLAS F201",Escuela de Enfermería,2026-1
30331,ENF2208,1,Cuidados de Enfermería II,"Garcia Noemi, Gomez Tamara, González Daniela, Inostroza Tomás, Luengo Rosario, Valenzuela Maria","L-M:1,2,3 CLAS F2",Escuela de Enfermería,2026-1
28090,ENF2215,1,Informática en Salud I,"Torres Viviana, Miranda Martín","L:5,6 CLAS E15",Escuela de Enfermería,2026-1
28089,ENF2220,1,Gestión y Liderazgo I,"Inostroza Tomás, Martinez Dayann","L:5,6 CLAS F2",Escuela de Enfermería,2026-1
29294,ENF2305,1,Dimensión Interpersonal del Cuidado de Enfermería,Farias Angelica,"M:2,3,4 CLAS C509",Escuela de Enfermería,2026-1
29295,ENF2305,2,Dimensión Interpersonal del Cuidado de Enfermería,Valenzuela Maria,"V:2,3,4 CLAS F201",Escuela de Enfermería,2026-1
33189,ENF2305,3,Dimensión Interpersonal del Cuidado de Enfermería,Labra Macarena,"L:2,3,4 CLAS T1221",Escuela de Enfermería,2026-1
29602,ENF2315,1,Cuidados de Enfermería del Adulto y Persona Mayor,"Flores Claudia, González Daniela, Guerra Carolina, Labra Macarena, Román Camila","W:1,2,3,4,5 CLAS D304 J:1,2,3,4 CLAS D204",Escuela de Enfermería,2026-1
29296,ENF2322,1,Fundamentos Éticos del Ejercicio Profesional,Gonzalez Ximena,"M:2,3,4 CLAS C304",Escuela de Enfermería,2026-1
29297,ENF2322,2,Fundamentos Éticos del Ejercicio Profesional,"Vargas Ivonne, González Rina","M:2,3,4 CLAS J2",Escuela de Enfermería,2026-1
29603,ENF2325,1,Cuidados de Enfermería en la Infancia y Adolescencia,"Soto Paula, Agurto Herleyn, Luengo Rosario, Silva Alejandra","W:1,2,3,4,5 CLAS D202 J:1,2,3,4 CLAS N6",Escuela de Enfermería,2026-1
30864,ENF2408,1,Investigación,"Rubio Miriam, Alvarez Diana, Miranda Martín","L:2,3,4 CLAS E15",Escuela de Enfermería,2026-1
31594,ENF2410,1,Enfermería en Salud Familiar y Comunitaria,"Valdés Camila, Martinez Dayann, Neisser Roberto","W-J:1,2,3,4 CLAS F2 W:5 CLAS F2",Escuela de Enfermería,2026-1
31650,ENF2416,1,Cuidados de Enfermería en Salud Mental,"Labra Macarena, Varela Camila","M:1,2,3,4,5 CLAS AL2",Escuela de Enfermería,2026-1
31595,ENF2420,1,Cuidados de Enfermería en Personas Con Condiciones Crónicas de Salud,"Alcayaga Claudia, Campos Solange, González Marcela, Urrutia Marcela, Valdés Bastián","J-V:1,2,3,4 CLAS D202 V:5 CLAS E12",Escuela de Enfermería,2026-1
30866,ENF2425,1,Gestión y Liderazgo II,"Jara Daniel, Garcia Noemi, Torres Viviana","M:5,6,7 CLAS D301",Escuela de Enfermería,2026-1
30865,ENF2428,1,Informática en Salud II,"Garcia Noemi, Torres Viviana","J:5,6 CLAS AP303",Escuela de Enfermería,2026-1
26262,ENF2504,1,Internado Ambulatorio en Salud de la Mujer,Garcia Noemi,"L-M-W-J-V:1,2,3,4,5,6 PRA SIN SALA",Escuela de Enfermería,2026-1
26264,ENF2508,1,Internado Hospitalario en Salud de la Mujer,Uribe Claudia,"L-M-W-J-V:1,2,3,4,5,6 PRA SIN SALA",Escuela de Enfermería,2026-1
33483,ENF2510,1,Internado de Enfermería Hospitalario,"Rojas Noelia, Gonzalez Ximena, González Marcela, Labra Macarena","L-M-W-J-V:1,2,3,4 CLAS SIN SALA L-M-W-J-V:5,6 CLAS SIN SALA",Escuela de Enfermería,2026-1
33484,ENF2510,2,Internado de Enfermería Hospitalario,"Rojas Noelia, Garcia Noemi, Gonzalez Ximena, Labra Macarena","L-M-W-J-V:1,2,3,4,5,6 CLAS SIN SALA",Escuela de Enfermería,2026-1
18813,ENF2512,1,Internado de Enfermería Hospitalario,"Guerra Carolina, Garcia Noemi, Neisser Roberto","L-M-W-J-V:1,2,3,4,5,6 PRA SIN SALA",Escuela de Enfermería,2026-1
29286,ENF2512,2,Internado de Enfermería Hospitalario,"Gonzalez Ximena, Agurto Herleyn","L-M-W-J-V:1,2,3,4,5,6 PRA SIN SALA",Escuela de Enfermería,2026-1
33485,ENF2515,1,Internado de Enfermería Ambulatorio,"Urrutia Marcela, Correa Maria, Irarrazabal Lisette, Valdés Camila","L-M-W-J-V:1,2,3,4 CLAS SIN SALA L-M-W-J-V:5,6 CLAS SIN SALA",Escuela de Enfermería,2026-1
33487,ENF2515,2,Internado de Enfermería Ambulatorio,"Urrutia Marcela, Correa Maria, Irarrazabal Lisette, Valdés Camila","L-M-W-J-V:1,2,3,4 CLAS SIN SALA L-M-W-J-V:5,6 CLAS SIN SALA",Escuela de Enfermería,2026-1
15703,ENF2516,1,Internado de Enfermería  Ambulatorio,"Valdés Camila, Martinez Dayann, Valdés Bastián","L-M-W-J-V:1,2,3,4,5,6 PRA SIN SALA",Escuela de Enfermería,2026-1
33488,ENF2518,1,Internado de Enfermería en Urgencias,"Gonzalez Ximena, Morales Claudia, Román Camila, Varela Camila","L-M-W-J-V:1,2,3,4 CLAS SIN SALA L-M-W-J-V:5,6 CLAS SIN SALA",Escuela de Enfermería,2026-1
33489,ENF2518,2,Internado de Enfermería en Urgencias,"Gonzalez Ximena, Morales Claudia, Román Camila, Varela Camila","L-M-W-J-V:1,2,3,4 CLAS SIN SALA L-M-W-J-V:5,6 CLAS SIN SALA",Escuela de Enfermería,2026-1
28350,ENF2532,1,La Salud del Adulto Mayor,Gomez Tamara,"L-M-W-J-V:1,2,3,4,5,6 CLAS SIN SALA",Escuela de Enfermería,2026-1
28358,ENF2536,1,Enfermería en Salud Familiar,Dois Angelina,"L-M-W-J-V:1,2,3,4,5,6 PRA SIN SALA",Escuela de Enfermería,2026-1
26270,ENF2540,1,Cuidados de Enfermería del Niño Enfermo,Gutiérrez Marina,"L-M-W-J-V:1,2,3,4,5,6 PRA SIN SALA",Escuela de Enfermería,2026-1
31587,ENF2544,1,Cuidados de Enfermería del Recién Nacido,Faunes Miriam,"L-M-W-J-V:1,2,3,4,5,6 PRA SIN SALA",Escuela de Enfermería,2026-1
30334,ENF2548,1,Intervención de Enfermería en Salud Comunitaria,Bustamante Claudia,"L-M-W-J-V:1,2,3,4,5,6 PRA SIN SALA",Escuela de Enfermería,2026-1
30336,ENF2552,1,Enfermería en Salud Mental y Psiquiatría II,Varela Camila,"L-M-W-J-V:1,2,3,4,5,6 PRA SIN SALA",Escuela de Enfermería,2026-1
30337,ENF2556,1,Enfermería en Salud Mental y Psiquiatría III,Inostroza Tomás,"L-M-W-J-V:1,2,3,4,5,6 PRA SIN SALA",Escuela de Enfermería,2026-1
26274,ENF300P,1,Promoción y Protección de la Salud en la Infancia,Agurto Herleyn,"J:5,6 CLAS T3224",Escuela de Enfermería,2026-1
11829,ENF4000,1,Debates Actuales en Teorias en Enfermeria,Urrutia Mila,"V:4,5 CLAS F4",Escuela de Enfermería,2026-1
11836,ENF4030,1,"Etica, Legislación y Salud",Vargas Ivonne,"W:7,8 CLAS F4",Escuela de Enfermería,2026-1
11860,ENF4101,1,Metodología de Investigación Cuantitativa Avanzada,"Padilla Cristobal, Alegria Leyla","V:1,2,3 CLAS F4",Escuela de Enfermería,2026-1
11869,ENF4130,1,Proyecto de Tesis,Bustamante Claudia,"V:1,2 CLAS SIN SALA",Escuela de Enfermería,2026-1
11878,ENF4140,1,Tesis,Arechabala Maria,"V:1,2 CLAS SIN SALA",Escuela de Enfermería,2026-1
28176,ENF425,1,Autocuidado de la Salud,Valenzuela Maria,"J:5,6 CLAS F201",Escuela de Enfermería,2026-1
11911,ENF4310,1,Practica Avanzada de Enfermeria Basada en Evidencias,Arechabala Maria,"M:7,8 CLAS SIN SALA",Escuela de Enfermería,2026-1
26414,ENF4340,1,Fisiopatología Avanzada,"Tagle Rodrigo, Soto Katherine","J:7,8 CLAS F5",Escuela de Enfermería,2026-1
26408,ENF4360,1,Farmacología Clínica en Enfermería de Práctica Avanzada,"Medel Patricio, Valencia Jose","W:5,6 CLAS SIN SALA",Escuela de Enfermería,2026-1
26398,ENF4370,1,Práctica Avanzada de Enfermería Basada en Evidencias,Arechabala Maria,"M:7,8 CLAS SIN SALA",Escuela de Enfermería,2026-1
26415,ENF4390,1,Rol de la Enfermería de Práctica Avanzada,"Arellano Silvana, Palma Silvia","L:7,8 CLAS F4",Escuela de Enfermería,2026-1
27341,ENF4410,1,Enfermería de Práctica Avanzada en Cuidados de Personas Con Cáncer II,"Santibáñez Natalie, Pinto Natalie",: CLAS SIN SALA,Escuela de Enfermería,2026-1
27343,ENF4430,1,Proyecto de Intervención de Enfermería de Práctica Avanzada,Marquez Francisca,: CLAS SIN SALA,Escuela de Enfermería,2026-1
31956,ENF4500,1,Enfermería de Práctica Avanzada en Cuidados de Personas Con Cuidados Paliativos I,Gallastegui Aintzane,"V:7,8 CLAS SIN SALA",Escuela de Enfermería,2026-1
31958,ENF4510,1,Enfermería de Práctica Avanzada en Cuidados de Personas Con Cuidados Paliativos II,"Gallastegui Aintzane, Ávila Nicole","W-V:7,8 CLAS SIN SALA",Escuela de Enfermería,2026-1
31705,ENF4520,1,Residencia Clínica en Cuidados Paliativos,Gallastegui Aintzane,: CLAS SIN SALA,Escuela de Enfermería,2026-1
26394,ENH3010,1,Cuidados Avanzados de Enfermería del Adulto Mayor,Rubio Miriam,: CLAS SIN SALA,Escuela de Enfermería,2026-1
34172,ENH3020,1,Fundamentos para el Cuidado Especialista de Enfermería en Persona Mayor,Rubio Miriam,: CLAS SIN SALA,Escuela de Enfermería,2026-1
34173,ENH3120,1,Enfermería para Cuidados Especialistas en la Persona Mayor I,Rubio Miriam,: CLAS SIN SALA,Escuela de Enfermería,2026-1
31698,ENJ3020,1,Fundamentos del Cuidado Especialista de Enfermería del Niño y Adolescente Con Problemas Oncológicos,Vega Paula,: CLAS SIN SALA,Escuela de Enfermería,2026-1
31699,ENJ3120,1,Cuidados Especializados de Enfermería en Niños y Adolescentes Con Problemas Oncológicos I,"Vega Paula, Robledo María",: CLAS SIN SALA,Escuela de Enfermería,2026-1
31700,ENJ3120,2,Cuidados Especializados de Enfermería en Niños y Adolescentes Con Problemas Oncológicos I,"Vega Paula, Robledo María",: CLAS SIN SALA,Escuela de Enfermería,2026-1
30267,ENL3010,1,Cuidados de Enfermeria del Recien Nacido de Alto Riesgo I,"Soto Paula, Martinez Claudia","L:1,2,3 CLAS SIN SALA",Escuela de Enfermería,2026-1
34170,ENL3020,1,Fundamentos de Enfermería para Cuidados Críticos en el Recién Nacido de Alto Riesgo,"Soto Paula, Martinez Claudia",: CLAS SIN SALA,Escuela de Enfermería,2026-1
34171,ENL3120,1,Enfermería en Cuidados Críticos en el Recién Nacido de Alto Riesgo I,"Soto Paula, Martinez Claudia",: CLAS SIN SALA,Escuela de Enfermería,2026-1
31701,ENN3020,1,Fundamentos de Enfermería para Cuidados Críticos Especializados en la Infancia,"Navarro Edith, Gutiérrez Marina","L:1,2 CLAS SIN SALA",Escuela de Enfermería,2026-1
31702,ENN3120,1,Especialidad de Enfermería en Cuidados Críticos del Niño y Adolescente I,"Navarro Edith, Gutiérrez Marina",:2 CLAS,Escuela de Enfermería,2026-1
33647,ENO2012,1,Envejecimiento Saludable,"Rubio Miriam, Gomez Tamara","L:5,6 CLAS AUD_J",Escuela de Enfermería,2026-1
31565,ENO2022,1,Equidad de Género y Salud: Retos para la Acción,Bernales Margarita,"L:3,4 CLAS F201",Escuela de Enfermería,2026-1
33652,ENO2024,1,Fomento del Desarrollo Integral Infantil para Una Crianza Respetuosa,Luengo Rosario,"L:5,6 CLAS J3",Escuela de Enfermería,2026-1
31568,ENO2028,1,Uc Propone: Investigación Aplicada en Ciencias Sociales,"Rubio Miriam, Bustamante Claudia","V:2,3 CLAS AP008 V:4 AYU SEM_1_P4",Escuela de Enfermería,2026-1
31954,ENO3102,1,Estudio Independiente,"Alvarez Diana, Pardo Catalina","L:7,8 CLAS SIN SALA",Escuela de Enfermería,2026-1
34155,ENO3102,2,Estudio Independiente,"Rojas Noelia, Marquez Francisca","L:7,8 CLAS SIN SALA",Escuela de Enfermería,2026-1
30004,ENO4124,1,Salud Planetaria y Transdisciplina: Enfrentando los Retos del Siglo Xxi,Palmeiro Yasna,"J:7,8 CLAS SIN SALA",Escuela de Enfermería,2026-1
33705,ENO4125,1,Violencia de Género: Enfoques Teóricos y Prácticos,Baeza Maria,"W:7,8 CLAS SEM_1_P2",Escuela de Enfermería,2026-1
28135,ENO4130,1,Investigacion Fenomenologica en Salud,"Marquez Francisca, Lucchini Camila","M:7,8 CLAS F5",Escuela de Enfermería,2026-1
33779,ENO4131,1,Métodos Mixtos para la Investigación en Salud,Bernales Margarita,"J:7,8 CLAS ED214",Escuela de Enfermería,2026-1
33786,ENO4133,1,Bases del Asesoramiento Genético,"Bernal Yanara, Flores Claudia","L:7,8 CLAS S16",Escuela de Enfermería,2026-1
12005,ENO4200,1,Herramientas de Gestión Estratégica en la Dirección de Servicios de Enfermería,Camus Lorena,"V:3,4 CLAS F5",Escuela de Enfermería,2026-1
28066,ADP001D,1,Introducción al Derecho,Farias Alejandro,L-W:4 CLAS E11 W:5 AYU BC24,Escuela de Gobierno,2026-1
31714,ADP001E,1,Fundamentos de Macroeconomía,Morandé Felipe,"V:1 AYU C503 V:2,3 CLAS C301",Escuela de Gobierno,2026-1
26008,ADP001G,1,Justicia y Bien Común,De Campos Thana,"M:2,3 CLAS C405 J:2 AYU C405",Escuela de Gobierno,2026-1
31710,ADP001G,2,Justicia y Bien Común,Wiegand Augusto,"M:2,3 CLAS C406 J:2 AYU C506",Escuela de Gobierno,2026-1
26009,ADP002G,1,Gestión Pública I,Pliscoff Cristian,L-W:4 CLAS C510 J:3 AYU C506,Escuela de Gobierno,2026-1
31711,ADP002G,2,Gestión Pública I,Chudnovsky Mariana,L-W:4 CLAS C402 J:3 AYU C306,Escuela de Gobierno,2026-1
28063,ADP003G,1,Gestión Pública II,Pliscoff Cristian,L:5 AYU C303 M-J:2 CLAS C301,Escuela de Gobierno,2026-1
33749,ADP003G,2,Gestión Pública II,Arias Karina,L:5 AYU C306 M-J:2 CLAS C303,Escuela de Gobierno,2026-1
33766,ADP004G,1,Métodos Aplicados a la Gestión Pública,Undurraga Eduardo,L-W:2 CLAS C508 L:7 AYU C303,Escuela de Gobierno,2026-1
30123,ADP005G,1,Evidencia para la Gestión Pública,"Huertas Sergio, Gil Magdalena, Hojman Andres","M:3,4 CLAS C203 J:6 AYU AE205",Escuela de Gobierno,2026-1
30127,ADP201C,1,Política en Gestión y Políticas Públicas,Diaz Diego,L-W:4 CLAS C200 W:6 AYU N4,Escuela de Gobierno,2026-1
30130,ADP201D,1,Régimen Jurídico de la Administración del Estado,"Bocchi Giannina, Fernandez Miguel",L-W:5 CLAS C200 M:6 AYU NT203,Escuela de Gobierno,2026-1
31713,ADP201E,1,Gestión de Recursos Humanos en el Sector Público,Navarro René,"W:6,7 CLAS C402",Escuela de Gobierno,2026-1
33767,ADP201I,1,Operaciones de Servicios Públicos,Molina Sebastián,M-J:1 CLAS C307 V:4 AYU C501,Escuela de Gobierno,2026-1
31712,ADP202I,1,Gestión de Innovación y Tecnología,Errazuriz Javier,"M:3,4 CLAS C402 V:3 AYU C403",Escuela de Gobierno,2026-1
33759,ADP3000,1,Gobernar a Nivel Subnacional: Política y Gestión de los Gobiernos Regionales,Arias Karina,M-J:3 CLAS C303,Escuela de Gobierno,2026-1
33756,ADP3001,1,Estado y Ciudadanía: Teoría y Experiencias de la Ciudadanía en la Interacción,Chudnovsky Mariana,L-W:5 CLAS C508,Escuela de Gobierno,2026-1
33765,ADP3002,1,Finanzas Públicas Subnacionales: Financiamiento y Gestión Fiscal de Gobiernos Regionales y Locales,"Benavides Paula, Riquelme Luis, Vega Myriam",L-W:6 CLAS C301,Escuela de Gobierno,2026-1
33762,ADP3003,1,Taller de Innovación en Servicios Públicos,Rojas Orlando,M:4 CLAS C307,Escuela de Gobierno,2026-1
33764,ADP3005,1,Gestión de Compras Públicas,"Alvear Nicolás, Ñúñez Carla",J:5 CLAS C305,Escuela de Gobierno,2026-1
33755,ADP301E,1,Habilidades Directivas,Gana Pamela,M-J:2 CLAS C502 V:3 AYU C508,Escuela de Gobierno,2026-1
33763,ADP301G,1,Ética y Políticas Púbicas,De la Fuente Gloria,"W:3,4 CLAS C508",Escuela de Gobierno,2026-1
33761,ADP302G,1,Probidad y Transparencia,Jaraquemada Maria,"W:3,4 CLAS C502",Escuela de Gobierno,2026-1
33754,ADP303G,1,Auditoría Gubernamental,Rementería María,M-J:1 CLAS C301 V:2 AYU C508,Escuela de Gobierno,2026-1
19960,GOB1001,1,Introducción a las Políticas Públicas,"Beyer Harald, Tello Cristobal",L-W:3 CLAS C203 M:5 AYU C203,Escuela de Gobierno,2026-1
28434,GOB1003,1,Economía para las Políticas Públicas,Razmilic Nadja,M-J:1 CLAS C401 V:5 AYU C401,Escuela de Gobierno,2026-1
30370,GOB1500,1,Uc Propone: Investigación Aplicada en Ciencias Sociales,Claro Susana,"M:3,4 CLAS SEM_1_P4",Escuela de Gobierno,2026-1
33943,GOB2012,1,Políticas Públicas y Regulación,Gil Diego,"L:3,4 CLAS C306",Escuela de Gobierno,2026-1
31515,GOB2016,1,Derechos de Ciudadanía y Democracia en América Latina Contemporánea,"Luna Juan, Parra Gonzalo","M:4,5 CLAS C406 V:4 AYU C403",Escuela de Gobierno,2026-1
30101,GOB2019,1,Principios de Política Pública,"Repetto Andrea, Rufs Catalina",L-W:2 CLAS C401 M:6 AYU C404,Escuela de Gobierno,2026-1
31501,GOB2024,1,Inocentes Tras las Rejas: Condenas y Persecuciones Penales Erróneas en Chile,Duce Mauricio,"L:5,6 CLAS C305 V:6 AYU C301",Escuela de Gobierno,2026-1
31503,GOB2025,1,Desastres y Gestión de Riesgos,"Gil Magdalena, Campos Katherine",L-W:4 CLAS C203 V:3 AYU N7,Escuela de Gobierno,2026-1
21267,GOB3004,1,Política de las Políticas Públicas,Diaz Diego,W-V:6 CLAS C304,Escuela de Gobierno,2026-1
21323,GOB3008,1,Seminario de Políticas Públicas I,Irarrazaval Ignacio,W-V:5 CLAS SIN SALA,Escuela de Gobierno,2026-1
27175,GOB3009,1,Seminario de Políticas Públicas II,"Cox Maria, Luna Juan",W:1 CLAS SIN SALA,Escuela de Gobierno,2026-1
22974,GOB3025,1,"Desigualdad: Causas, Efectos y Políticas",Larrañaga Osvaldo,W-V:2 CLAS SIN SALA,Escuela de Gobierno,2026-1
30212,GOB3031,1,Tópicos en Políticas Públicas de Educación,Claro Susana,"V:3,4 CLAS SIN SALA",Escuela de Gobierno,2026-1
27218,GOB3032,1,Análisis de Datos I,Carranza Rafael,W-V:3 CLAS C302 W:1 AYU C500,Escuela de Gobierno,2026-1
27213,GOB3034,1,Economía I,"Hojman Andres, Asahi Kenzo",W-V:2 CLAS C305 V:1 AYU C500,Escuela de Gobierno,2026-1
27217,GOB3037,1,Fundamentos de las Políticas Públicas,Cox Maria,W-V:4 CLAS C302,Escuela de Gobierno,2026-1
27216,GOB3038,1,Debates Eticos en Políticas Públicas,De Campos Thana,W-V:4 CLAS C301,Escuela de Gobierno,2026-1
27215,GOB3039,1,Legislación y Regulación,Gil Diego,W-V:5 CLAS C402,Escuela de Gobierno,2026-1
33680,GOB3042,1,Gestión de Controversias,"Tironi Eugenio, Caroca Felipe","W:2,3 CLAS SIN SALA",Escuela de Gobierno,2026-1
33683,GOB3045,1,Tópicos en Política Ambiental,"Frey Maximiliano, Gonzalez Guillermo","V:5,6 CLAS E15",Escuela de Gobierno,2026-1
31634,GOB3047,1,Diseño de Proyectos Sociales,Pina Maria,"V:2,3 CLAS SIN SALA",Escuela de Gobierno,2026-1
33536,GOB3049,1,"Policía, Políticas Públicas y Sociedad: Una Visión Introductoria","Duce Mauricio, Gerber Monica","W:3,4 CLAS SIN SALA",Escuela de Gobierno,2026-1
23025,GOB3100,1,Proyecto de Grado,Beyer Harald,W:1 CLAS SIN SALA,Escuela de Gobierno,2026-1
33532,GOB3100,3,Proyecto de Grado,Gil Magdalena,W:1 CLAS SIN SALA,Escuela de Gobierno,2026-1
33535,GOB3100,4,Proyecto de Grado,Chudnovsky Mariana,W:1 CLAS SIN SALA,Escuela de Gobierno,2026-1
33533,GOB3100,5,Proyecto de Grado,Hojman Andres,W:1 CLAS SIN SALA,Escuela de Gobierno,2026-1
27590,VRI0001,1,Taller Transferencia Tecnológica y Propiedad Intelectual,Ossa Alvaro,"M-W:1,2,3,4,5,6,7 TAL SIN SALA",Escuela de Graduados,2026-1
27592,VRI0003,1,Taller Presentaciones Académicas en Inglés,Jullian Paula,"J:3,4 TAL SEM_6_P2",Escuela de Graduados,2026-1
27593,VRI0004,1,Taller de Escritura Académica en Inglés (Introductorio),Pereira Gracielle,"J:3,4 TAL SIN SALA",Escuela de Graduados,2026-1
27595,VRI0006,1,Taller Escritura Académica en Inglés para Ciencia y Tecnología (Avanzado),Pereira Gracielle,"W:3,4 TAL SIN SALA",Escuela de Graduados,2026-1
27600,VRI0007,1,Taller Desarrollo de Habilidades Docentes,Jara Maria,"M:1,2 CLAS C500",Escuela de Graduados,2026-1
27601,VRI0007,2,Taller Desarrollo de Habilidades Docentes,Ringler Matías,"J:1,2 TAL C500",Escuela de Graduados,2026-1
27605,VRI0012,1,Taller de Habilidades Transversales,Dirección Docente,: TAL SIN SALA,Escuela de Graduados,2026-1
29229,VRI0012,2,Taller de Habilidades Transversales,Dirección Docente,: TAL SIN SALA,Escuela de Graduados,2026-1
28569,VRI0013,1,Taller de Innovación y Emprendimiento,Mollenhauer Katherine,"W:1,2 TAL SIN SALA",Escuela de Graduados,2026-1
30798,VRI0016,1,Taller en Coursera,Dirección Docente,: TAL SIN SALA,Escuela de Graduados,2026-1
31145,VRI0017,1,Incorporando el Enfoque de Género en la Investigación,Matus Claudia,"W:5,6 TAL SIN SALA",Escuela de Graduados,2026-1
33892,VRI0018,1,Taller de Liderazgo,(Sin Profesores),J:6 CLAS SEM_1_P4,Escuela de Graduados,2026-1
33893,VRI0019,1,Taller de Negociación,(Sin Profesores),"M:2,3 CLAS SIN SALA",Escuela de Graduados,2026-1
27616,VRI0100,1,Placement English Test,Dirección Docente,,Escuela de Graduados,2026-1
27612,VRI1000,1,Elementary English 1,Donoso Maria,"M-J:3,4 CLAS SEM_6_P4",Escuela de Graduados,2026-1
27613,VRI1000,2,Elementary English 1,Valdés Luna,"M-J:5,6 CLAS SALA-32",Escuela de Graduados,2026-1
27614,VRI2000,1,Elementary English 2,Espinoza Verónica,"L-W:6,7 CLAS S5",Escuela de Graduados,2026-1
27615,VRI2000,2,Elementary English 2,Gatica Ignacio,"L-W:3,4 CLAS D401",Escuela de Graduados,2026-1
27617,VRI3000,1,Lower Intermediate English 1,Garcia Antonio,"W-V:1,2 CLAS SEM_6_P4",Escuela de Graduados,2026-1
27618,VRI3000,2,Lower Intermediate English 1,Gatica Ignacio,"L-W:6,7 CLAS D405",Escuela de Graduados,2026-1
27619,VRI3000,3,Lower Intermediate English 1,Gibbons James,"M-J:3,4 CLAS SIN SALA",Escuela de Graduados,2026-1
31168,VRI3000,6,Lower Intermediate English 1,Encina Benjamin,"L:3,4 CLAS FT-105 W:3,4 CLAS SEM_1_P4",Escuela de Graduados,2026-1
27620,VRI4000,1,Lower Intermediate English 2,Encina Benjamin,"W-V:5,6 CLAS C307",Escuela de Graduados,2026-1
33512,VRI4000,2,Lower Intermediate English 2,Valdés Luna,"M-J:3,4 CLAS B-105",Escuela de Graduados,2026-1
31172,VRI4000,6,Lower Intermediate English 2,Gibbons James,"M-J:1,2 CLAS SIN SALA",Escuela de Graduados,2026-1
27623,VRI5000,1,Upper Intermediate English 1,Sepulveda Esteban,"M-J:6,7 CLAS C300",Escuela de Graduados,2026-1
27624,VRI5000,2,Upper Intermediate English 1,Sepulveda Esteban,"L-W:6,7 CLAS SALA-62",Escuela de Graduados,2026-1
27625,VRI5000,3,Upper Intermediate English 1,Ramos Lissette,"W-V:3,4 CLAS SIN SALA",Escuela de Graduados,2026-1
27966,VRI5000,4,Upper Intermediate English 1,Gibbons James,"W-V:3,4 CLAS SIN SALA",Escuela de Graduados,2026-1
27626,VRI6000,1,Upper Intermediate English 2,Fenwick Patrick,"L-W:5,6 CLAS SEM_1_P2",Escuela de Graduados,2026-1
27627,VRI6000,2,Upper Intermediate English 2,Pino Cristian,"W-V:3,4 CLAS D405",Escuela de Graduados,2026-1
27628,VRI6000,3,Upper Intermediate English 2,Gibbons James,"W-V:5,6 CLAS SIN SALA",Escuela de Graduados,2026-1
27629,VRI6000,4,Upper Intermediate English 2,Gibbons James,"M-J:5,6 CLAS SIN SALA",Escuela de Graduados,2026-1
27630,VRI7000,1,Exit English Test,Dirección Docente,,Escuela de Graduados,2026-1
27631,VRI7010,1,Exit English Course,Quiroz Guillermo,"M-J:3,4 CLAS AP008",Escuela de Graduados,2026-1
29060,VRI7010,2,Exit English Course,Gibbons James,"L-W:1,2 CLAS SIN SALA",Escuela de Graduados,2026-1
29234,VRI8000,1,Ielts Certificate,Dirección Docente,,Escuela de Graduados,2026-1
10928,MAC1000,1,Anestesia Cardiovascular Ia,Silva Juan,"L-M-W-J-V:1,2,3,4,5,6 CLAS SIN SALA",Escuela de Medicina,2026-1
10932,MAC1020,1,Anestesia Cardiovascular Iia,Silva Juan,"L-M-W-J-V:1,2,3,4,5,6 PRA SIN SALA",Escuela de Medicina,2026-1
10937,MAE1000,1,Arritmologia y Electrofision Cardiaca Ia,Vergara Ismael,: CLAS SIN SALA,Escuela de Medicina,2026-1
31100,MAE1010,1,Arritmologia y Electrofision Cardiaca Ib,Vergara Ismael,L-M-W-J-V: PRA SIN SALA,Escuela de Medicina,2026-1
10943,MAF3000,1,Anatomía y Fisiología para Física Médica,Farfan Emilio,"W:1,2,3 CLAS SIN SALA",Escuela de Medicina,2026-1
18700,MAI3000,1,Anestesiología Pediátrica Ia,Concha Mario,"L-M-W-J-V:1,2,3,4,5 CLAS SIN SALA",Escuela de Medicina,2026-1
19438,MAI3020,1,Anestesiología Pediátrica Iia,Concha Mario,"L-M-W-J-V:1,2,3,4,5,6 CLAS SIN SALA",Escuela de Medicina,2026-1
10948,MAP1000,1,Anatomia Patologica I a,"Torres Paula, Feuerhake Teo, Gejman Roger, Misad Carlos, Roa Juan, Solar Antonieta, Valbuena Jose, Villarroel Maria, Zoroquiain Jose","L-M-W-J-V:1,2,3,4,5,6,7 PRA SIN SALA",Escuela de Medicina,2026-1
10951,MAP1020,1,Anatomia Patologica II a,"Torres Paula, Feuerhake Teo, Gejman Roger, Misad Carlos, Roa Juan, Solar Antonieta, Valbuena Jose, Villarroel Maria, Zoroquiain Jose","L-M-W-J-V:1,2,3,4,5,6,7 PRA SIN SALA",Escuela de Medicina,2026-1
10956,MAP1040,1,Anatomia Patologica III a,"Torres Paula, Feuerhake Teo, Gejman Roger, Misad Carlos, Roa Juan, Solar Antonieta, Valbuena Jose, Villarroel Maria, Zoroquiain Jose","L-M-W-J-V:1,2,3,4,5,6,7 PRA SIN SALA",Escuela de Medicina,2026-1
10960,MAR3000,1,Anestesia Regional Ia,Altermatt Fernando,"L-M-W-J-V:1,2,3,4,5,6 PRA SIN SALA",Escuela de Medicina,2026-1
20661,MAR3020,1,Anestesia Regional Iia,Altermatt Fernando,:1 CLAS SIN SALA,Escuela de Medicina,2026-1
32588,MAS3013,1,Toma de Decisiones para la Implementación de la Estrategia en Organizaciones de Salud,Hernandez Claudia,V-S: CLAS SIN SALA,Escuela de Medicina,2026-1
32589,MAS3016,2,Introducción a las Aplicaciones de la Inteligencia Artificial en Salud,Barticevic Nicolas,V-S: CLAS SIN SALA,Escuela de Medicina,2026-1
31475,MAS3017,1,Gestión Hospitalaria Aplicada,"Melgarejo Jorge, Pattillo Juan",V-S: CLAS SIN SALA,Escuela de Medicina,2026-1
31283,MBC3000,1,Ética Fundamental,"Glos Aleksandra, Carrasco Maria",M-J: CLAS SIN SALA,Escuela de Medicina,2026-1
31286,MBC3001,1,Problemas Éticos en la Práctica Sanitaria,Pérez Ivan,M-J: CLAS SIN SALA,Escuela de Medicina,2026-1
31287,MBC3002,1,Aspectos Éticos de Investigación en Seres Humanos,Vargas Ivonne,M-J: CLAS SIN SALA,Escuela de Medicina,2026-1
31288,MBC3003,1,Antropología Médica,"Lermanda Victoria, Olivares Patricia",M-J: CLAS SIN SALA,Escuela de Medicina,2026-1
33016,MBC3007,1,"Bioética, Tecnología y Ambiente","Wajnerman Abel, Valera Luca",M-J: CLAS SIN SALA,Escuela de Medicina,2026-1
33017,MBC3008,1,Dimensión Ética de la Salud Pública,Bedregal Maria,M-J: CLAS SIN SALA,Escuela de Medicina,2026-1
33018,MBC3009,1,Antropología Filosófica,Chávez Pamela,M-J: CLAS SIN SALA,Escuela de Medicina,2026-1
33020,MBC3010,1,Diseño de Proyectos en Bioética,Olivares Patricia,M-J: CLAS SIN SALA,Escuela de Medicina,2026-1
31336,MBC3016,1,Magisterio de la Iglesia y Ética de la Vida,Borgono Cristian,M-J: CLAS SIN SALA,Escuela de Medicina,2026-1
11771,MCA1000,1,Cardiologia Ia,Verdejo Hugo,"L-M-W-J-V:1,2,3,4,5,6,7 PRA SIN SALA",Escuela de Medicina,2026-1
11779,MCA1020,1,Cardiologia Iia,Verdejo Hugo,"L-M-W-J-V:1,2,3,4,5,6,7 PRA SIN SALA",Escuela de Medicina,2026-1
11785,MCC3000,1,Cirugia de Colon y Recto Ia,Miguieles Rodrigo,"L-M-W-J-V:1,2,3,4,5,6,7 PRA SIN SALA",Escuela de Medicina,2026-1
11792,MCC3022,1,Cirugia de Colon y Recto Iia,Miguieles Rodrigo,"L-M-W-J-V:1,2,3,4,5,6,7 PRA SIN SALA",Escuela de Medicina,2026-1
11798,MCD1000,1,Cirugia Digestiva Ia,Quezada Nicolás,"L-M-W-J-V:1,2,3,4,5,6,7 PRA SIN SALA",Escuela de Medicina,2026-1
11805,MCD1020,1,Cirugia Digestiva Iia,Quezada Nicolás,"L-M-W-J-V:1,2,3,4,5,6,7 PRA SIN SALA",Escuela de Medicina,2026-1
11810,MCI1000,1,Cardiologia Intervencional I a,Martinez Gonzalo,: CLAS SIN SALA,Escuela de Medicina,2026-1
11817,MCI1020,1,Cardiologia Intervencional II a,Martinez Gonzalo,"L-M-W-J-V:1,2,3,4,5,6 CLAS SIN SALA",Escuela de Medicina,2026-1
11823,MCO1000,1,Cirugia Oncologica I a,"Dominguez Francisco, Pena Jose","L-M-W-J-V:1,2,3,4,5,6,7 PRA SIN SALA",Escuela de Medicina,2026-1
11830,MCO1020,1,Cirugia Oncologica II a,"Dominguez Francisco, Pena Jose","L-M-W-J-V:1,2,3,4,5,6,7 PRA SIN SALA",Escuela de Medicina,2026-1
11837,MCP1000,1,Cardiologia Pediatrica Ia,Larios Guillermo,"L-M-W-J-V:1,2,3,4,5,6,7 PRA SIN SALA",Escuela de Medicina,2026-1
11843,MCP1020,1,Cardiologia Pediatrica Iia,Larios Guillermo,"L-M-W-J-V:1,2,3,4,5,6,7 PRA SIN SALA",Escuela de Medicina,2026-1
11851,MCR1000,1,Cirugia Cardiovascular Ia,Gonzalez Rodrigo,: CLAS SIN SALA,Escuela de Medicina,2026-1
11858,MCR1020,1,Cirugia Cardiovascular Iia,Gonzalez Rodrigo,"L-M-W-J-V:1,2,3,4,5,6 PRA SIN SALA",Escuela de Medicina,2026-1
18300,MCS3010,1,Metodología de la Investigación Clínica,Cerda Jaime,"L:3,4 CLAS SIN SALA",Escuela de Medicina,2026-1
20632,MCS3021,1,Unidad de Investigación II,Bruhn Alejandro,:1 CLAS SIN SALA,Escuela de Medicina,2026-1
20633,MCS3201,1,Tesis I,Alegria Leyla,"W:1,2,3,4 CLAS SIN SALA",Escuela de Medicina,2026-1
34193,MCS3202,1,Tesis II,Varas Julián,: CLAS SIN SALA,Escuela de Medicina,2026-1
11865,MCV1000,1,Cirugia Vascular Ia,Vargas Jose,"L-M-W-J-V:1,2,3,4,5,6,7 PRA SIN SALA",Escuela de Medicina,2026-1
11872,MCV1020,1,Cirugia Vascular Iia,Vargas Jose,"L-M-W-J-V:1,2,3,4,5,6 PRA SIN SALA",Escuela de Medicina,2026-1
16344,MDA3000,1,Medicina del Adolescente Ia,Correa Maria,"L-M-W-J-V:1,2,3,4,5,6 CLAS SIN SALA",Escuela de Medicina,2026-1
20665,MDA3020,1,Medicina del Adolescente Ib,Correa Maria,:1 CLAS SIN SALA,Escuela de Medicina,2026-1
11880,MDE1000,1,Dermatologia Ia,Manriquez Juan,"L-M-W-J-V:1,2,3,4,5,6,7 PRA SIN SALA",Escuela de Medicina,2026-1
11886,MDE1020,1,Dermatologia Iia,Manriquez Juan,"W:4,5,6 PRA SIN SALA",Escuela de Medicina,2026-1
11893,MDE1040,1,Dermatologia Iiia,Manriquez Juan,"L-M-W-J-V:1,2,3,4,5,6,7 PRA SIN SALA",Escuela de Medicina,2026-1
11898,MDN1000,1,Diabetes y Nutricion Ia,Grassi Bruno,: CLAS SIN SALA,Escuela de Medicina,2026-1
11912,MDN1020,1,Diabetes y Nutricion Iia,Grassi Bruno,"L-M-W-J-V:1,2,3,4,5,6 PRA SIN SALA",Escuela de Medicina,2026-1
16677,MDO3031,1,Procesos Biológicos Básicos en Enfermedades Humanas,"Rigotti Attilio, Berkowitz Loni","L:5,6 CLAS SIN SALA V:5,6 CLAS SIN SALA",Escuela de Medicina,2026-1
23688,MDO4021,1,Unidad de Investigación Biomédica,Carvajal Cristian,"L-M-W-J-V:1,2,3,4,5,6,7 CLAS SIN SALA",Escuela de Medicina,2026-1
30608,MDO4030,1,Proyecto de Tesis,Carvajal Jorge,"L-M-W-J-V:1,2,3,4,5 TES SIN SALA",Escuela de Medicina,2026-1
30609,MDO4040,1,Examen de Candidatura,Carvajal Jorge,"L-M-W-J-V:1,2,3,4,5 TES SIN SALA",Escuela de Medicina,2026-1
23976,MDO4041,1,Artículo Científico,Carvajal Jorge,"L-M-W-J-V:1,2,3,4,5 SUP SIN SALA",Escuela de Medicina,2026-1
23978,MDO4042,1,Pasantía,Carvajal Jorge,"L-M-W-J-V:1,2,3,4,5 SUP SIN SALA",Escuela de Medicina,2026-1
20226,MDO4050,1,Tesis Doctoral I,Kattan Eduardo,"L-M-W-J-V:1,2,3,4,5 TES SIN SALA",Escuela de Medicina,2026-1
29798,MDO4050,2,Tesis Doctoral I,Andia Marcelo,"L-M-W-J:1,2,3,4,5 TES SIN SALA",Escuela de Medicina,2026-1
29800,MDO4050,3,Tesis Doctoral I,Casanello Paola,"L-M-W-J-V:1,2,3,4,5 TES SIN SALA",Escuela de Medicina,2026-1
29801,MDO4050,4,Tesis Doctoral I,Roa Juan,"L-M-W-J-V:1,2,3,4,5 TES SIN SALA",Escuela de Medicina,2026-1
29803,MDO4050,5,Tesis Doctoral I,Bruhn Alejandro,"L-M-W-J-V:1,2,3,4,5 TES SIN SALA",Escuela de Medicina,2026-1
32891,MDO4050,6,Tesis Doctoral I,Carvajal Jorge,L-W:1 TES,Escuela de Medicina,2026-1
25576,MDO4061,1,Actividad Anual de Seguimiento I,Carvajal Jorge,"L-M-W-J-V:1,2,3,4,5 TES SIN SALA",Escuela de Medicina,2026-1
21468,MDO4070,1,Tesis Doctoral III,Lopez Marcelo,"L-M-W-J-V:1,2,3,4,5,6 TES SIN SALA",Escuela de Medicina,2026-1
29790,MDO4070,2,Tesis Doctoral III,Borzutzky Arturo,"L-M-W-J-V:1,2,3,4,5 TES SIN SALA",Escuela de Medicina,2026-1
29792,MDO4070,3,Tesis Doctoral III,Andia Marcelo,"L-M-W-J-V:1,2,3,4,5 TES SIN SALA",Escuela de Medicina,2026-1
29793,MDO4070,4,Tesis Doctoral III,Retamal Jaime,"L-M-W-J-V:1,2,3,4,5 TES SIN SALA",Escuela de Medicina,2026-1
29796,MDO4070,5,Tesis Doctoral III,Carvajal Cristian,"L-M-W-J-V:1,2,3,4,5 TES SIN SALA",Escuela de Medicina,2026-1
25899,MDO4081,1,Actividad Anual de Seguimiento II,Carvajal Jorge,"L-M-W-J-V:1,2,3,4,5 TES SIN SALA",Escuela de Medicina,2026-1
24733,MDO4502,1,Taller de Ética y Buenas Prácticas en Investigación Biomédica,"Uribe Claudia, Farias Marcelo","M:2,3,4 CLAS E203_CEX",Escuela de Medicina,2026-1
24795,MDO4504,1,Microscopía Óptica Avanzada,Orellana Juan,"J:1,2,3 CLAS SIN SALA",Escuela de Medicina,2026-1
20279,MDO4505,1,Metodología de la Investigación Clínica,"Cerda Jaime, Neumann Gonzalo","L:3,4 CLAS SIN SALA",Escuela de Medicina,2026-1
23686,MDO4506,1,Formulación de Proyectos de Investigación Translacional en Salud,Saez Claudia,"W:3,4 CLAS SIN SALA",Escuela de Medicina,2026-1
23172,MDO4507,1,Bioestadística para Ciencias de la Salud,Villarroel Luis,"L:1,2 CLAS SIN SALA",Escuela de Medicina,2026-1
27681,MDO4512,1,Inmunómica: Aproximaciones Ómicas para el Estudio de la Respuesta Inmune,Riquelme Erick,"M:2,3 CLAS SIN SALA V:2,3 CLAS SIN SALA",Escuela de Medicina,2026-1
11979,MEB158,1,Fgc Paternidad Responsable,Jensen Luis,W:2 CLAS C500,Escuela de Medicina,2026-1
11986,MEB174,1,Fgm Solidaridad y Primeros Auxilios,"Pimentel Fernando, Zamora Tomas",L:7 CLAS M-1,Escuela de Medicina,2026-1
31812,MEB176B,1,Laboratorio Clínico (Bioquímica),Vera Francisco,"M-J:1,2 CLAS M8",Escuela de Medicina,2026-1
11993,MEB203B,1,Fisiopatologia,Fuenzalida Alberto,"W:5,6,7 CLAS M3 V:5,6,7 CLAS MS-1",Escuela de Medicina,2026-1
12001,MEB280,1,Radiologia del Abdomen,Riquelme Carlos,L:7 CLAS SIN SALA,Escuela de Medicina,2026-1
12008,MEC284,1,Electrocardiografia Practica,Bittner Alex,J:7 CLAS M-1,Escuela de Medicina,2026-1
27660,MED103O,1,Anatomía Topográfica y Embriología I,Inostroza Verónica,"M:5,6,7 CLAS RAULSILVAH J:5,6,7 CLAS S_PIÑERA_E",Escuela de Medicina,2026-1
12035,MED107A,1,Bases y Fundamentos de la Medicina I,"Lagos Sonia, Aillach Emilio, Gana Natalia, Pizarro Maria, Pérez Ivan, Rioseco Andrea, Silva Lincoln, Soto María","M-J:1,2,3 CLAS M2",Escuela de Medicina,2026-1
18722,MED109A,1,Psicología Médica,Pinedo Jose,"W:1,2,3 CLAS M-1",Escuela de Medicina,2026-1
15071,MED206A,1,Salud Pública,Cerda Jaime,"J:2,3,4 CLAS M-1",Escuela de Medicina,2026-1
15072,MED207A,1,Antropología y Ética,Florenzano Maria,"M:1,2,3 CLAS MS-1",Escuela de Medicina,2026-1
15074,MED208A,1,Inmunología y Genética,"Lay-Son Guillermo, Peralta Maria","W:2,3,4 CLAS M2",Escuela de Medicina,2026-1
15073,MED209A,1,Integrado Ciencias Médicas II,"Nazar Claudio, Varas Julián","M:5,6,7 CLAS A_MAGNACEX",Escuela de Medicina,2026-1
21703,MED212A,1,Morfología II,"Farfan Emilio, Besa Jovita","L-W-V:5,6,7 CLAS A_MAGNACEX",Escuela de Medicina,2026-1
12059,MED3000,1,Nefrologia Pediatrica Ia,Vogel Andrea,: CLAS SIN SALA,Escuela de Medicina,2026-1
12066,MED3002,1,Nefrologia Pediatrica Iia,Vogel Andrea,: CLAS SIN SALA,Escuela de Medicina,2026-1
16946,MED306B,1,Microbiología Médica,Le Corre Monique,"M:1,2,3 CLAS B-201",Escuela de Medicina,2026-1
16947,MED307B,1,Farmacología Médica,"Solari Sandra, Rios Juan","J:2,3,4 CLAS B-201",Escuela de Medicina,2026-1
17762,MED308A,1,Clínica I,"Lustig Nicole, Gonzalez Robinson, Kattan Eduardo","L:1,2,3 CLAS CELIAPEREZ W:1,2,3 CLAS B-201 V:1,2,3 CLAS B-201",Escuela de Medicina,2026-1
23011,MED310B,1,Bases y Mecanismos de la Enfermedad II,"Greig Douglas, Bittner Alex, Hernandez Cristian, Juri Carlos, Nilo Flavia, Orellana Juan, Perret Cecilia, Valbuena Jose","L-W-V:5,6,7 CLAS M2",Escuela de Medicina,2026-1
16949,MED311A,1,Integrado Ciencias Médicas IV,"Rovegno David, Valderrama Sebastian","J:5,6,7 CLAS CELIAPEREZ",Escuela de Medicina,2026-1
18757,MED404A,1,Clínicas III,"Monrroy Hugo, Sepulveda Paola","L-W-J-V:5,6,7 CLAS B-201 L:1,2,3,4 CLAS M2 M-W-J-V:1 PRA SIN SALA M-W-J:2,3 PRA SIN SALA V:2 PRA SIN SALA",Escuela de Medicina,2026-1
18758,MED405A,1,Integrado Ciencias Médicas VI,"Garcia-Huidobro Diego, Letelier Luz","M:5,6,7 CLAS M2",Escuela de Medicina,2026-1
21405,MED504B,1,Pediatría y Cirugía Infantil,Acevedo Keryma,"L-M-W-J-V:1,2,3 PRA SIN SALA L-M-W-V:5,6,7 CLAS COM_308",Escuela de Medicina,2026-1
30688,MED504B,2,Pediatría y Cirugía Infantil,Acevedo Keryma,"L-M-W-J-V:1,2,3 PRA SIN SALA L-M-W-V:5,6,7 CLAS SIN SALA",Escuela de Medicina,2026-1
21404,MED505B,1,Obstetricia y Ginecología,García Karen,"L-M-W-J-V:1,2,3 PRA SIN SALA L-M-W-V:5,6,7 CLAS M5",Escuela de Medicina,2026-1
30691,MED505B,2,Obstetricia y Ginecología,García Karen,"L-M-W-J-V:1,2,3 PRA SIN SALA L-M-W-V:5,6,7 CLAS SIN SALA",Escuela de Medicina,2026-1
22013,MED508A,1,Bases de la Práctica Profesional,Bruhn Alejandro,"L-M-W-J-V:1,2,3 CLAS SIN SALA L-M-W-V:5,6,7 CLAS SIN SALA",Escuela de Medicina,2026-1
21410,MED509A,1,Integrado Ciencias Médicas VIII,"Paul Maria, Letelier Luz","J:5,6,7 CLAS M2",Escuela de Medicina,2026-1
22387,MED601B,1,Internado de Cirugía,"Urrejola Gonzalo, Godoy Constanza","L-M-W-J-V:1,2,3,4,5,6,7 PRA SIN SALA",Escuela de Medicina,2026-1
22388,MED602B,1,Internado de Medicina Interna,Eymin Gonzalo,"L-M-W-J-V:1,2,3,4,5,6,7 PRA SIN SALA",Escuela de Medicina,2026-1
22389,MED603B,1,Internado de Obstetricia y Ginecología,Belmar Cristian,"L-M-W-J-V:1,2,3,4,5,6,7 PRA SIN SALA",Escuela de Medicina,2026-1
22881,MED604B,1,Internado de Pediatría,Araya Andrea,"L-M-W-J-V:1,2,3,4,5,6,7 PRA SIN SALA",Escuela de Medicina,2026-1
22390,MED605A,1,Internado Medicina Familiar,Rojas Pamela,"L-M-W-J-V:1,2,3,4,5,6,7 PRA SIN SALA",Escuela de Medicina,2026-1
22391,MED606A,1,Internado de Urgencias,Miguel Alonso,"L-M-W-J-V:1,2,3,4,5,6,7 PRA SIN SALA",Escuela de Medicina,2026-1
22392,MED607A,1,Internado de Otorrinolaringología,Andrade Jose,"L-M-W-J-V:1,2,3,4,5,6,7 PRA SIN SALA",Escuela de Medicina,2026-1
22393,MED608A,1,Internado de Neuropsiquiatría Clínica,Flores Luis,"L-M-W-J-V:1,2,3,4,5,6,7 PRA SIN SALA",Escuela de Medicina,2026-1
22394,MED609A,1,Internado de Oftalmología,Pena Luis,"L-M-W-J-V:1,2,3,4,5,6,7 PRA SIN SALA",Escuela de Medicina,2026-1
22878,MED610A,1,Internado Electivo,Becker Pedro,"L-M-W-J-V:1,2,3,4,5,6,7 PRA SIN SALA",Escuela de Medicina,2026-1
22395,MED611A,1,Internado de Dermatología,García-Huidobro Isidora,"L-M-W-J-V:1,2,3,4,5,6,7 PRA SIN SALA",Escuela de Medicina,2026-1
22879,MED612A,1,Internado de Profundización,Becker Pedro,"L-M-W-J-V:1,2,3,4,5,6,7 PRA SIN SALA",Escuela de Medicina,2026-1
24169,MED831,1,Radiología de Emergencias,Garrido Francisco,J:7 CLAS SIN SALA,Escuela de Medicina,2026-1
25092,MED837,1,Primeros Auxilios Básicos en Lugares Remotos,"Irarrazaval Sebastian, Ibanez Maria",L:7 CLAS SIN SALA,Escuela de Medicina,2026-1
26530,MED841,1,Anatomía General y del Desarrollo,Inostroza Verónica,"W:2,3,4 CLAS A_MAGNACEX V:2,3,4 CLAS A_MAGNACEX",Escuela de Medicina,2026-1
32203,MED843,1,¿Podemos Ser Más Felices?: la Ciencia y la Práctica del Bienestar,Rigotti Attilio,W:5 CLAS M8,Escuela de Medicina,2026-1
28700,MED845,1,"Alimentación, Bienestar y Salud",Serrano Valentina,"M:5,6 CLAS SIN SALA",Escuela de Medicina,2026-1
28841,MED848,1,Investigadores Junior en Medicina de Urgencia,Lara Barbara,: CLAS SIN SALA,Escuela de Medicina,2026-1
28036,MED851,1,Ultrasonido Clínico del Paciente Con Shock Indiferenciado,Rivera Sofía,: CLAS SIN SALA,Escuela de Medicina,2026-1
28232,MED852,1,Abordaje del Dolor Crónico Desde Una Perspectiva Interdisciplinaria,Cespedes Patricio,"W:7,8 CLAS CS401",Escuela de Medicina,2026-1
30098,MED853,1,¿Qué Sabemos de Donación de Órganos?,Vera María,"W:5,6 CLAS M7",Escuela de Medicina,2026-1
30221,MED854,1,El Desafio Social y Cultural del Cancer,"Munoz Pablo, Goic Carolina","W:5,6 CLAS MOSCATTI",Escuela de Medicina,2026-1
30100,MED855,1,Estrategias Innovadoras en Salud (Innovasalud),"Riquelme Erick, Angulo Jenniffer, Saez Claudia","J:3,4 CLAS M5",Escuela de Medicina,2026-1
33433,MED860,1,Inserción Temprana en Investigación en Salud,"Bizama Carolina, Rovegno David",: CLAS SIN SALA,Escuela de Medicina,2026-1
31056,MED862,1,Sociedad y Salud en Chile: Entre la Política y la Ciencia.,Lopez Marcelo,"L:5,6 CLAS SEM13",Escuela de Medicina,2026-1
31325,MED863,1,Uc Propone: Investigación Aplicada en Ciencias Sociales,"Melgarejo Jorge, Bravo Sebastian","M:6,7 CLAS M8 V:4 AYU SIN SALA",Escuela de Medicina,2026-1
31813,MED863,2,Uc Propone: Investigación Aplicada en Ciencias Sociales,Avendaño Stefany,"J:3,4 CLAS M8 V:4 AYU SIN SALA",Escuela de Medicina,2026-1
32919,MED864,1,Atención Interdisciplinaria del Cáncer en Personas Adultas,Pena Jose,W:7 CLAS M7,Escuela de Medicina,2026-1
28433,MEF102A,1,Anatomía General y del Desarrollo,"Tramolao Jaritza, Contreras Pedro, Farfan Emilio","L-V:1,2,3 CLAS MS-1",Escuela de Medicina,2026-1
32048,MEF103A,1,Bioestadística,Por Fijar,W-V:4 CLAS MS-2 W:7 AYU SIN SALA,Escuela de Medicina,2026-1
29828,MEF201B,1,Fisiopatología,García Patricia,"W-V:1,2 CLAS B-103",Escuela de Medicina,2026-1
29827,MEF205A,1,Bioestadística,Dominguez Maria,W-V:4 CLAS MS-2 W:7 AYU SIN SALA,Escuela de Medicina,2026-1
30582,MEF205A,2,Bioestadística,Dominguez Maria,M:7 AYU SIN SALA W-V:4 CLAS MS-2,Escuela de Medicina,2026-1
20593,MEH3000,1,Hemostasia y Trombosis I,Pereira Jaime,"L-M-W-J-V:1,2,3,4,5,6 CLAS SIN SALA",Escuela de Medicina,2026-1
20662,MEH3002,1,Hemostasia y Trombosis II,Pereira Jaime,:1 CLAS SIN SALA,Escuela de Medicina,2026-1
12332,MEI1000,1,Enfermedades Infecciosas del Adulto Ia,Ceballos Maria,"L-M-W-J-V:1,2,3,4,5,6,7 PRA SIN SALA",Escuela de Medicina,2026-1
12338,MEI1020,1,Enfermedades Infecciosas del Adulto Iia,Vargas Rodrigo,"L-M-W-J-V:1,2,3,4,5,6,7 PRA SIN SALA",Escuela de Medicina,2026-1
27103,MEK101B,1,Morfología General,"Farfan Emilio, Por Fijar","M-J:1,2,3 CLAS CELIAPEREZ",Escuela de Medicina,2026-1
27110,MEK102,1,Fundamentos Psicológicos para Kinesiología,"Bannen Germán, Por Fijar","J:5,6 CLAS K201",Escuela de Medicina,2026-1
28402,MEK201B,1,Bioestadística,Viviani Paola,M-J:3 CLAS M3 J:6 AYU RAULSILVAH,Escuela de Medicina,2026-1
28405,MEK201B,2,Bioestadística,Viviani Paola,M-J:3 CLAS M3 J:5 AYU M5,Escuela de Medicina,2026-1
28406,MEK202B,1,Fisiopatología General y de Sistemas,Mercado Marcelo,"M-J:1,2 CLAS M3",Escuela de Medicina,2026-1
29935,MEK204C,1,Farmacología para Kinesiología,Rios Juan,"W:2,3 CLAS MS-1",Escuela de Medicina,2026-1
29934,MEK401B,1,Gestión en Organizaciones de Salud,"Bastias Gabriel, Larenas Marion","J:2,3 CLAS CS303",Escuela de Medicina,2026-1
22515,MEM3001,1,Educación Médica Basada en Evidencia,"Puschel Klaus, Gonzalez Karla, Guerra Carolina","L:1,2,3,4,5,6 CLAS SIN SALA M:1,2,3 CLAS SIN SALA",Escuela de Medicina,2026-1
22516,MEM3002,1,Bases del Aprendizaje y Metodologías Docentes para la Educación de las Profesiones de la Salud,"Zúñiga Denisse, Soler Bernardita","L:1,2,3,4,5,6 CLAS SIN SALA M:1,2,3 CLAS SIN SALA",Escuela de Medicina,2026-1
25467,MEM3003,1,Enseñanza Clínica para la Educación de las Profesiones de la Salud,"Ruiz Carmen, Escalante María, Leiva Isabel","L:1,2,3,4,5,6 CLAS SIN SALA M:1,2,3 CLAS SIN SALA",Escuela de Medicina,2026-1
30371,MEM3006,1,Antropología y Ética en la Educación Médica,Chávez Pamela,"L:1,2,3,4,5,6 CLAS SIN SALA M:1,2,3 CLAS SIN SALA",Escuela de Medicina,2026-1
25484,MEM3007,1,Gestión de Proyectos Educacionales para las Carreras de la Salud,Villagrán Ignacio,"L-M:1,2,3,4,5 CLAS SIN SALA",Escuela de Medicina,2026-1
25485,MEM3013,1,Investigación en Educación Médica,"Riquelme Arnoldo, Delfino Alejandro, Mendez Carolina, Muñoz Maria, Puschel Klaus","L:1,2,3,4,5 CLAS SIN SALA M:1,2,3 CLAS SIN SALA",Escuela de Medicina,2026-1
29027,MEM3014,1,Habilidades en Desarrollo Curricular y Evaluación de Aprendizajes y Programas en Educación Medica,Por Fijar,: CLAS SIN SALA,Escuela de Medicina,2026-1
29028,MEM3015,1,Habilidades en Metodología Docente en Educación Médica,Por Fijar,: CLAS SIN SALA,Escuela de Medicina,2026-1
12388,MEM3032,1,Patología de Paciente Crítico,Andresen Max,: CLAS SIN SALA,Escuela de Medicina,2026-1
12394,MEN1000,1,Endocrinologia Ia,Mosso Lorena,"L-M-W-J-V:1,2,3,4,5,6,7 PRA SIN SALA",Escuela de Medicina,2026-1
12408,MEN1020,1,Endocrinologia Iia,Mosso Lorena,"L-M-W-J-V:1,2,3,4,5,6,7 PRA SIN SALA",Escuela de Medicina,2026-1
28620,MEN102A,1,Morfología Humana,"Inostroza Verónica, Besa Jovita, Cuzmar Valeria, Inzunza Oscar, Sanchez Natalia","L-J:2,3,4 CLAS MS-2",Escuela de Medicina,2026-1
30592,MEN201B,1,Bioestadística,Dominguez Maria,L:5 AYU SIN SALA W-V:3 CLAS M5,Escuela de Medicina,2026-1
30593,MEN201B,2,Bioestadística,Dominguez Maria,M:5 AYU SIN SALA W-V:3 CLAS M5,Escuela de Medicina,2026-1
30589,MEN207A,1,Fisiopatología General,"Aguirre Noemi, Bustamante Andrea, Ciampi Ethel, Dominguez Jose, Gonzalez Rodrigo, Jalil Roberto, Wietstruck Maria","W-V:1,2 CLAS MS-2",Escuela de Medicina,2026-1
12433,MEN402A,1,Gestión en Organizaciones de Salud,Bastias Gabriel,"W:1,2 CLAS CS202",Escuela de Medicina,2026-1
12441,MEP3000,1,Endocrinología Pediátrica Ia,Riera Francisca,"L-M-W-J-V:1,2,3,4,5,6 PRA SIN SALA",Escuela de Medicina,2026-1
12447,MEP3002,1,Endocrinología Pediátrica Iia,Riera Francisca,"L-M-W-J-V:1,2,3,4,5,6 PRA SIN SALA",Escuela de Medicina,2026-1
30585,MEP501,1,Salud Pública para la Vida Activa y Deportiva,Medel Patricio,"L:1,2 CLAS ED113",Escuela de Medicina,2026-1
12454,MER1000,1,Enfermedades Respiratorias Ia,Bustamante Andrea,L-W:1 PRA SIN SALA,Escuela de Medicina,2026-1
12461,MER1020,1,Enfermedades Respiratorias Iia,Bustamante Andrea,"L-M-W-J-V:1,2,3,4,5,6 PRA SIN SALA",Escuela de Medicina,2026-1
12468,MER3001,1,Enfermedades Respiratorias Ia,Stuardo Lisandro,"L-M-W-J-V:1,2,3,4,5,6 PRA SIN SALA",Escuela de Medicina,2026-1
12475,MER3002,1,Enfermedades Respiratorias Iia,Stuardo Lisandro,"L-M-W-J-V:1,2,3,4,5,6 PRA SIN SALA",Escuela de Medicina,2026-1
12482,MER3003,1,Enfermedades Respiratorias Iiia,Stuardo Lisandro,"L-M-W-J-V:1,2,3,4,5,6 PRA SIN SALA",Escuela de Medicina,2026-1
25166,MET102A,1,Fundamentos Psicológicos para Terapia Ocupacional,"Aguilera Nancy, Atán Karla, Contreras Camila, Paredes Paula, Rodriguez Laura, Traub Carolina","M:1,2,3 CLAS AE003 J:5,6 CLAS AE107",Escuela de Medicina,2026-1
33148,MET201A,1,Morfología General y de Sistemas,"Tramolao Jaritza, Castro Florencia, Floriano Sibila, Ortiz Rosa","L-V:5,6,7 CLAS M3",Escuela de Medicina,2026-1
12488,MET3000,1,Medicina Transfusional I,Chang Mayling,: CLAS SIN SALA,Escuela de Medicina,2026-1
23800,MET3002,1,Medicina Transfusional II,Chang Mayling,: CLAS SIN SALA,Escuela de Medicina,2026-1
26459,MET301A,1,Fisiopatología General y de Sistemas,"Fuentes Ricardo, Castro Florencia, Floriano Sibila","W:5,6 CLAS MS-2 V:1,2,3 CLAS M3",Escuela de Medicina,2026-1
28643,MET501A,1,Salud Pública,"Duarte Tamara, Paillalef Paola, Rodriguez Laura, Traub Carolina, Vega Valentina","J:1,2 CLAS CS304",Escuela de Medicina,2026-1
28644,MET502A,1,Salud Mental Infanto Juvenil,"Gomez Carolina, Atán Karla, Duarte Tamara, Labbe Franchesca","M:1,2 CLAS CS203 J:3,4 CLAS AL2",Escuela de Medicina,2026-1
28645,MET503A,1,Alteraciones del Sistema Nervioso en Adultos,"Soler Bernardita, Aceituno Cristopher, Castro Florencia, Cimino Paola, Ortiz Rosa","L-W:1,2 CLAS M3",Escuela de Medicina,2026-1
12501,MEU1000,1,Medicina de Urgencia I a,Basauri Sofia,"L-M-W-J-V:1,2,3,4,5,6,7 PRA SIN SALA",Escuela de Medicina,2026-1
12507,MEU1020,1,Medicina de Urgencia II a,Basauri Sofia,"L-M-W-J-V:1,2,3,4,5,6,7 PRA SIN SALA",Escuela de Medicina,2026-1
12514,MEU1040,1,Medicina de Urgencia III a,Basauri Sofia,"L-M-W-J-V:1,2,3,4,5,6,7 PRA SIN SALA",Escuela de Medicina,2026-1
12522,MFA1000,1,Medicina Familiar Adulto Ia,Rivera Solange,"L-M-W-J-V:1,2,3,4,5,6,7 PRA SIN SALA",Escuela de Medicina,2026-1
12527,MFA1020,1,Medicina Familiar Adulto Iia,Rivera Solange,"L-M-W-J-V:1,2,3,4,5,6,7 PRA SIN SALA",Escuela de Medicina,2026-1
12534,MFA1040,1,Medicina Familiar Adulto Iiia,Rivera Solange,"L-M-W-J-V:1,2,3,4,5,6,7 PRA SIN SALA",Escuela de Medicina,2026-1
12541,MFN1000,1,Medicina Familiar Nino Ia,Rivera Solange,"L-M-W-J-V:1,2,3,4,5,6,7 PRA SIN SALA",Escuela de Medicina,2026-1
12548,MFN1020,1,Medicina Familiar Nino Iia,"Rivera Solange, Cuadra Victoria","L-M-W-J-V:1,2,3,4,5,6,7 PRA SIN SALA",Escuela de Medicina,2026-1
12556,MFN1040,1,Medicina Familiar Nino Iiia,Rivera Solange,"L-M-W-J-V:1,2,3,4,5,6,7 PRA SIN SALA",Escuela de Medicina,2026-1
25691,MGC1000,1,Genética Clínica Ia,Mellado Cecilia,"L-M-W-J-V:1,2,3,4,5,6 CLAS SIN SALA",Escuela de Medicina,2026-1
26703,MGC1010,1,Genética Clínica Iia,Mellado Cecilia,"L-M-W-J-V:1,2,3,4,5,6 CLAS SIN SALA",Escuela de Medicina,2026-1
26728,MGC1020,1,Genética Clínica Iiia,Mellado Cecilia,"L-M-W-J-V:1,2,3,4,5,6 CLAS SIN SALA",Escuela de Medicina,2026-1
12563,MGO3000,1,Ginecología Oncológica Ia,"Brañes Jorge, Pena Jose","L-M-W-J-V:1,2,3,4,5,6 PRA SIN SALA",Escuela de Medicina,2026-1
12571,MGO3002,1,Ginecología Oncológica Iia,"Brañes Jorge, Pena Jose","L-M-W-J-V:1,2,3,4,5,6 PRA SIN SALA",Escuela de Medicina,2026-1
12576,MGP3001,1,Gastroenterología y Nutricion Pediátrica I a,Cofre Colomba,"L-M-W-J-V:1,2,3,4,5,6,7 PRA SIN SALA",Escuela de Medicina,2026-1
12584,MGP3020,1,Gastroenterología y Nutrición Pediátrica II a,Cofre Colomba,"L-M-W-J-V:1,2,3,4,5,6,7 PRA SIN SALA",Escuela de Medicina,2026-1
12590,MGR1000,1,Geriatria Ia,Born Marianne,: CLAS SIN SALA,Escuela de Medicina,2026-1
12597,MGR1010,1,Geriatria Iia,Born Marianne,"L-M-W-J-V:1,2,3,4,5,6 PRA SIN SALA",Escuela de Medicina,2026-1
12602,MGT1000,1,Gastroenterologia Ia,Pavez Carolina,"L-M-W-J-V:1,2,3,4,5,6,7 PRA SIN SALA",Escuela de Medicina,2026-1
12609,MGT1020,1,Gastroenterologia Iia,Pavez Carolina,"L-M-W-J-V:1,2,3,4,5,6,7 PRA SIN SALA",Escuela de Medicina,2026-1
12616,MHE1000,1,Hematologia Ia,Sarmiento Mauricio,"L-M-W-J-V:1,2,3,4,5,6,7 PRA SIN SALA",Escuela de Medicina,2026-1
12622,MHE1020,1,Hematologia Iia,Sarmiento Mauricio,"L-M-W-J-V:1,2,3,4,5,6 PRA SIN SALA",Escuela de Medicina,2026-1
12629,MHP3000,1,Hematologia y Oncologia Pediatrica I a,Zuñiga Pamela,"L-M-W-J-V:1,2,3,4,5,6 PRA SIN SALA",Escuela de Medicina,2026-1
12635,MHP3022,1,Hematologia y Oncologia Pediatrica Iia,Zuñiga Pamela,: CLAS SIN SALA,Escuela de Medicina,2026-1
12642,MIA1000,1,Medicina Intensiva Adulto Ia,Bugedo Guillermo,"L-M-W-J-V:1,2,3,4,5,6,7 PRA SIN SALA",Escuela de Medicina,2026-1
12649,MIA1020,1,Medicina Intensiva Adulto Iia,Bugedo Guillermo,"L-M-W-J-V:1,2,3,4,5,6,7 PRA SIN SALA",Escuela de Medicina,2026-1
12656,MIA3000,1,Medicina Intensiva del Adulto Ib,Castro Ricardo,: CLAS SIN SALA,Escuela de Medicina,2026-1
12662,MIA3002,1,Medicina Intensiva del Adulto Iia,Castro Ricardo,: CLAS SIN SALA,Escuela de Medicina,2026-1
30423,MIA3003,1,Medicina Intensiva del Adulto Iib,Castro Ricardo,"L-M-W-J-V:1,2,3,4,5,6,7 CLAS SIN SALA",Escuela de Medicina,2026-1
32171,MIA3004,1,Medicina Intensiva del Adulto Ia,Castro Ricardo,"L-M-W-J-V:1,2,3,4,5,6 PRA SIN SALA",Escuela de Medicina,2026-1
32330,MIA3005,1,Medicina Intensiva del Adulto Ib,Castro Ricardo,"L-M-W-J-V:1,2,3,4,5,6,7 TAL SIN SALA",Escuela de Medicina,2026-1
32172,MIA3006,1,Medicina Intensiva del Adulto Iia,Castro Ricardo,"L-M-W-J-V:1,2,3,4,5,6 PRA SIN SALA",Escuela de Medicina,2026-1
32331,MIA3007,1,Medicina Intensiva del Adulto Iib,Castro Ricardo,"L-M-W-J-V:1,2,3,4,5,6,7 CLAS SIN SALA",Escuela de Medicina,2026-1
32173,MIA3008,1,Medicina Intensiva del Adulto Iiia,Castro Ricardo,"L-M-W-J-V:1,2,3,4,5,6 PRA SIN SALA",Escuela de Medicina,2026-1
32175,MIA3008,2,Medicina Intensiva del Adulto Iiia,Bugedo Guillermo,"L-M-W-J-V:1,2,3,4,5,6 PRA SIN SALA",Escuela de Medicina,2026-1
32332,MIA3009,1,Medicina Intensiva del Adulto Iiib,Castro Ricardo,"L-M-W-J-V:1,2,3,4,5,6,7 TAL SIN SALA",Escuela de Medicina,2026-1
32333,MIA3009,2,Medicina Intensiva del Adulto Iiib,Bugedo Guillermo,"L-M-W-J-V:1,2,3,4,5,6,7 TAL SIN SALA",Escuela de Medicina,2026-1
32174,MIA3011,1,Medicina Intensiva del Adulto Iva,Castro Ricardo,"L-M-W-J-V:1,2,3,4,5,6 PRA SIN SALA",Escuela de Medicina,2026-1
32176,MIA3011,2,Medicina Intensiva del Adulto Iva,Bugedo Guillermo,"L-M-W-J-V:1,2,3,4,5,6 PRA SIN SALA",Escuela de Medicina,2026-1
32334,MIA3012,1,Medicina Intensiva del Adulto Ivb,Castro Ricardo,"L-M-W-J-V:1,2,3,4,5,6,7 TAL SIN SALA",Escuela de Medicina,2026-1
32335,MIA3012,2,Medicina Intensiva del Adulto Ivb,Bugedo Guillermo,"L-M-W-J-V:1,2,3,4,5,6,7 TAL SIN SALA",Escuela de Medicina,2026-1
12668,MIC1000,1,Inmunologia Clinica y Reumatologia Ia,Burgos Paula,"L-M-W-J-V:1,2,3,4,5,6,7 PRA SIN SALA",Escuela de Medicina,2026-1
12673,MIC1020,1,Inmunologia Clinica y Reumatologia Iia,Burgos Paula,"L-M-W-J-V:1,2,3,4,5,6,7 PRA SIN SALA",Escuela de Medicina,2026-1
12679,MII1000,1,Medicina Intensiva Infantil Ia,Scheu Christian,: CLAS SIN SALA,Escuela de Medicina,2026-1
12685,MII1020,1,Medicina Intensiva Infantil Iia,Scheu Christian,"L-M-W-J-V:1,2,3,4,5,6,7 PRA SIN SALA",Escuela de Medicina,2026-1
12691,MIP1000,1,Enfermedades Infecciosas del Nino I a,Perret Cecilia,"L-M-W-J-V:1,2,3,4,5,6,7 PRA SIN SALA",Escuela de Medicina,2026-1
12696,MIP1020,1,Enfermedades Infecciosas del Nino II a,Perret Cecilia,"L-M-W-J-V:1,2,3,4,5,6,7 PRA SIN SALA",Escuela de Medicina,2026-1
12701,MIR3000,1,Inmunología y Reumatología Pediátrica Ia,Concha Sara,: CLAS SIN SALA,Escuela de Medicina,2026-1
12704,MIR3020,1,Inmunología y Reumatología Pediátrica Iia,Concha Sara,: CLAS SIN SALA,Escuela de Medicina,2026-1
12710,MLC1000,1,Laboratorio Clinico Ia,Guzmán Ana,: CLAS SIN SALA,Escuela de Medicina,2026-1
20664,MLC1020,1,Laboratorio Clinico Iia,Guzmán Ana,:1 CLAS SIN SALA,Escuela de Medicina,2026-1
23799,MLC1040,1,Laboratorio Clinico Iiia,Guzmán Ana,: CLAS SIN SALA,Escuela de Medicina,2026-1
12733,MMF3000,1,Medicina Materno Fetal I a,Vera Claudio,"L-M-W-J-V:1,2,3,4,5,6 PRA SIN SALA",Escuela de Medicina,2026-1
19451,MMF3020,1,Medicina Materno Fetal II a,Vera Claudio,"L-M-W-J-V:1,2,3,4,5,6 CLAS SIN SALA",Escuela de Medicina,2026-1
23754,MMM1001,1,Epidemiología I,Cerda Jaime,"V:5,6 CLAS SIN SALA",Escuela de Medicina,2026-1
23755,MMM1002,1,Bioestadística I,Viviani Paola,"V:3,4 CLAS SIN SALA",Escuela de Medicina,2026-1
25591,MMM1006,1,Epidemiología Avanzada,Blanco Estela,"W:1,2 CLAS SIN SALA",Escuela de Medicina,2026-1
23757,MMM1007,1,Bioestadística Avanzada,Villarroel Luis,"V:2,3 CLAS SIN SALA",Escuela de Medicina,2026-1
23756,MMM2000,1,Diseño y Gestión de Proyecto de Investigación,Vives Alejandra,"J:2,3 CLAS SIN SALA",Escuela de Medicina,2026-1
25590,MMM2002,1,Proyecto de Tesis II,Vives Alejandra,"L-M-W-J-V:1,2,3,4,5 TES SIN SALA",Escuela de Medicina,2026-1
25867,MMM2004,1,Seminario Doctoral I,Leniz Javiera,"W:1,2 TES SIN SALA",Escuela de Medicina,2026-1
28187,MMM2005,1,Seminario Doctoral II,Villarroel Luis,"W:4,5,6 CLAS SIN SALA",Escuela de Medicina,2026-1
32430,MMM2006,1,Tesis Doctoral I,Undurraga Eduardo,"L-M-W-J-V:1,2,3,4,5,6 TES",Escuela de Medicina,2026-1
29722,MMM2006,2,Tesis Doctoral I,Villarroel Luis,"L-M-W-J-V:1,2,3,4,5 TES SIN SALA",Escuela de Medicina,2026-1
29723,MMM2006,3,Tesis Doctoral I,Vives Alejandra,"L-M-W-J-V:1,2,3,4,5 TES SIN SALA",Escuela de Medicina,2026-1
32431,MMM2006,4,Tesis Doctoral I,Herrera Maria,"L-M-W-J-V:1,2,3,4,5,6 TES",Escuela de Medicina,2026-1
32432,MMM2006,5,Tesis Doctoral I,Santos Jose,"L-M-W-J-V:1,2,3,4,5,6 TES",Escuela de Medicina,2026-1
28188,MMM2008,1,Tesis Doctoral III,Ferreccio Fresia,"L-M-W-J-V:1,2,3,4,5 TES SIN SALA",Escuela de Medicina,2026-1
29720,MMM2008,2,Tesis Doctoral III,Abarca Katia,"L-M-W-J-V:1,2,3,4,5 TES SIN SALA",Escuela de Medicina,2026-1
23759,MMM2010,1,Plan de Desarrollo Anual I,Vives Alejandra,"L-M-W-J-V:1,2,3,4,5 CLAS SIN SALA",Escuela de Medicina,2026-1
25598,MMM2011,1,Plan de Desarrollo Anual II,Vives Alejandra,"L-M-W-J-V:1,2,3,4,5 TAL SIN SALA",Escuela de Medicina,2026-1
25869,MMM2012,1,Plan de Desarrollo Anual III,Vives Alejandra,"L-M-W-J-V:1,2,3,4,5 TES SIN SALA",Escuela de Medicina,2026-1
28883,MMM2013,1,Plan de Desarrollo Anual IV,Vives Alejandra,"L-M-W-J-V:1,2,3,4,5 TES SIN SALA",Escuela de Medicina,2026-1
28190,MMM2016,1,Pasantía Internacional,Vives Alejandra,"L-M-W-J-V:1,2,3,4,5 TER SIN SALA",Escuela de Medicina,2026-1
28189,MMM2017,1,Autoría de Artículo Científico,Vives Alejandra,"L-M-W-J-V:1,2,3,4,5 TER SIN SALA",Escuela de Medicina,2026-1
12743,MMN1000,1,Medicina Nuclear Ia,Quintana Juan,"L-M-W-J-V:1,2,3,4,5,6,7 PRA SIN SALA",Escuela de Medicina,2026-1
12749,MMN1020,1,Medicina Nuclear Iia,Quintana Juan,"L-M-W-J-V:1,2,3,4,5,6 PRA SIN SALA",Escuela de Medicina,2026-1
19323,MMN1040,1,Medicina Nuclear Iiia,Quintana Juan,L-W:1 CLAS SIN SALA,Escuela de Medicina,2026-1
12760,MNC1000,1,Neurocirugia Ia,Rossel Felipe,"L-M-W-J-V:1,2,3,4,5,6,7 PRA SIN SALA",Escuela de Medicina,2026-1
12765,MNC1020,1,Neurocirugia Iia,Rossel Felipe,"L-M-W-J-V:1,2,3,4,5,6,7 PRA SIN SALA",Escuela de Medicina,2026-1
12771,MNC1040,1,Neurocirugia Iiia,Rossel Felipe,"L-M-W-J-V:1,2,3,4,5,6,7 PRA SIN SALA",Escuela de Medicina,2026-1
20595,MNC3000,1,Nutrición Clínica Pediátrica Ia,Barja Salesa,"L-M-W-J-V:1,2,3,4,5,6 CLAS SIN SALA",Escuela de Medicina,2026-1
20666,MNC3002,1,Nutrición Clínica Pediátrica Iia,Barja Salesa,:1 CLAS SIN SALA,Escuela de Medicina,2026-1
12777,MNE1000,1,Neurologia Ia,Miranda Hector,"L-M-W-J-V:1,2,3,4,5,6,7 PRA SIN SALA",Escuela de Medicina,2026-1
12782,MNE1020,1,Neurologia II a,Miranda Hector,"L-M-W-J-V:1,2,3,4,5,6,7 PRA SIN SALA",Escuela de Medicina,2026-1
12787,MNE1040,1,Neurologia III a,Miranda Hector,"L-M-W-J-V:1,2,3,4,5,6,7 PRA SIN SALA",Escuela de Medicina,2026-1
12792,MNF1000,1,Nefrologia Ia,Roessler Eric,"L-M-W-J-V:1,2,3,4,5,6,7 PRA SIN SALA",Escuela de Medicina,2026-1
12796,MNF1020,1,Nefrologia Iia,Roessler Eric,"L-M-W-J-V:1,2,3,4,5,6 PRA SIN SALA",Escuela de Medicina,2026-1
32385,MNG3000,1,Inmunología y Alergia del Adulto Ia,Peralta Maria,"L-M-W-J-V:1,2,3,4,5,6,7 TAL SIN SALA",Escuela de Medicina,2026-1
32386,MNG3010,1,Inmunología y Alergia del Adulto Ib,Peralta Maria,"L-M-W-J-V:1,2,3,4,5,6,7 TAL SIN SALA",Escuela de Medicina,2026-1
32387,MNG3020,1,Inmunología y Alergia del Adulto Iia,Peralta Maria,"L-M-W-J-V:1,2,3,4,5,6,7 TAL SIN SALA",Escuela de Medicina,2026-1
32388,MNG3030,1,Inmunología y Alergia del Adulto Iib,Peralta Maria,"L-M-W-J-V:1,2,3,4,5,6,7 TAL SIN SALA",Escuela de Medicina,2026-1
32389,MNG3040,1,Inmunología y Alergia del Adulto Iiia,Peralta Maria,"L-M-W-J-V:1,2,3,4,5,6,7 TAL SIN SALA",Escuela de Medicina,2026-1
32390,MNG3050,1,Inmunología y Alergia del Adulto Iiib,Peralta Maria,"L-M-W-J-V:1,2,3,4,5,6,7 TAL SIN SALA",Escuela de Medicina,2026-1
32391,MNG3060,1,Inmunología y Alergia del Adulto Iva,Peralta Maria,"L-M-W-J-V:1,2,3,4,5,6,7 TAL SIN SALA",Escuela de Medicina,2026-1
32392,MNG3070,1,Inmunología y Alergia del Adulto Ivb,Peralta Maria,"L-M-W-J-V:1,2,3,4,5,6,7 TAL SIN SALA",Escuela de Medicina,2026-1
12801,MNN1000,1,Neonatologia Ia,Luco Matias,: CLAS SIN SALA,Escuela de Medicina,2026-1
12806,MNN1020,1,Neonatologia Iia,Luco Matias,"L-M-W-J-V:1,2,3,4,5,6 PRA SIN SALA",Escuela de Medicina,2026-1
19430,MNP3006,1,Neurología Pediátrica I a,Núñez Alicia,"L-M-W-J-V:1,2,3,4,5,6 CLAS SIN SALA",Escuela de Medicina,2026-1
10249,MNP3008,1,Neurología Pediátrica II a,Núñez Alicia,"L-M-W-J-V:1,2,3,4,5,6 PRA SIN SALA",Escuela de Medicina,2026-1
10257,MNP3010,1,Neurología Pediátrica III a,Núñez Alicia,"L-M-W-J-V:1,2,3,4,5,6 PRA SIN SALA",Escuela de Medicina,2026-1
17296,MNR3005,1,Neuroanatomía y Desarrollo del Sistema Nervioso,Ossandon Tomas,"L:2,3,4 CLAS SIN SALA",Escuela de Medicina,2026-1
17298,MNR3007,1,Neurofisiologia,Fuentealba Pablo,"W:2,3,4 CLAS SIN SALA",Escuela de Medicina,2026-1
16689,MNR3008,1,Neurociencia Cognitiva,Ossandon Tomas,"M:2,3,4 CLAS SIN SALA",Escuela de Medicina,2026-1
17299,MNR3009,1,Introduccion a la Neurociencia,Rodriguez Eugenio,"J:2,3,4 CLAS SIN SALA",Escuela de Medicina,2026-1
17300,MNR3010,1,Taller de Técnicas de Laboratorio,Fuentealba Jose,"V:2,3,4 TAL SIN SALA",Escuela de Medicina,2026-1
20270,MNR3030,1,Proyecto de Tesis,Rodriguez Eugenio,"L-M-W-J-V:1,2,3,4,5,6 TES SIN SALA",Escuela de Medicina,2026-1
20269,MNR3040,1,Examen de Candidatura,Rodriguez Eugenio,"L-M-W-J-V:1,2,3,4,5,6 TES SIN SALA",Escuela de Medicina,2026-1
30614,MNR3130,1,Tesis en Neurociencias II,Aboitiz Francisco,"L-M-W-J-V:1,2,3,4,5 TES SIN SALA",Escuela de Medicina,2026-1
30615,MNR3130,2,Tesis en Neurociencias II,Juri Carlos,"L-M-W-J-V:1,2,3,4,5 TES SIN SALA",Escuela de Medicina,2026-1
25894,MNR3150,1,Tesis en Neurociencias IV,Fuentealba Pablo,"L-M-W-J-V:1,2,3,4,5 TES SIN SALA",Escuela de Medicina,2026-1
29715,MNR3150,2,Tesis en Neurociencias IV,Aboitiz Francisco,"L-M-W-J-V:1,2,3,4,5 TES SIN SALA",Escuela de Medicina,2026-1
31626,MNR3150,3,Tesis en Neurociencias IV,Ossandon Tomas,"L-M-W-J-V:1,2,3,4,5,6 TES SIN SALA",Escuela de Medicina,2026-1
34006,MNR3160,1,Tesis en Neurociencias V,Orellana Juan,"L-M-W-J-V:1,2,3,4,5 CLAS SIN SALA",Escuela de Medicina,2026-1
20242,MNR4000,1,Actividad Anual de Seguimiento I,Rodriguez Eugenio,"L-M-W-J-V:1,2,3,4,5 TAL SIN SALA",Escuela de Medicina,2026-1
21197,MNR5000,1,Actividad Anual de Seguimiento II,Rodriguez Eugenio,"L-M-W-J-V:1,2,3,4,5,6 TAL SIN SALA",Escuela de Medicina,2026-1
21202,MNR6000,1,Pasantía,Rodriguez Eugenio,"L-M-W-J-V:1,2,3,4,5 TAL SIN SALA",Escuela de Medicina,2026-1
23639,MNR7000,1,Artículo Científico,Rodriguez Eugenio,"L-M-W-J-V:1,2,3,4,5 TAL SIN SALA",Escuela de Medicina,2026-1
34148,MNU3010,1,Unidad de Investigación,Parada Alejandra,: CLAS SIN SALA,Escuela de Medicina,2026-1
34003,MNU3023,1,Proyecto de Tesis,Parada Alejandra,V:4 CLAS SIN SALA,Escuela de Medicina,2026-1
18911,MNU3024,1,Tesis I,Parada Alejandra,:1 CLAS SIN SALA,Escuela de Medicina,2026-1
31297,MNU3026,1,Nutrición Clínica I,Serrano Valentina,"W:1,2 CLAS SIN SALA",Escuela de Medicina,2026-1
33419,MNU3030,1,Fisiología y Metabolismo de la Nutrición Humana,"Rigotti Attilio, Parada Alejandra","W:1,2 CLAS SIN SALA",Escuela de Medicina,2026-1
33422,MNU3031,1,Comunicación Científica en Nutrición,Berkowitz Loni,"L:3,4 CLAS SIN SALA",Escuela de Medicina,2026-1
33425,MNU3032,1,Salud Pública Nutricional,"Valdivia Gonzalo, Valentino Giovanna","W:3,4 CLAS SIN SALA",Escuela de Medicina,2026-1
30398,MNU4027,1,Nutrición Clínica Pediátrica,Alberti Gigliola,V:1 CLAS SIN SALA,Escuela de Medicina,2026-1
10457,MOF1000,1,Oftalmologia Ia,Solanes Federica,"L-M-W-J-V:1,2,3,4,5,6,7 PRA SIN SALA",Escuela de Medicina,2026-1
10462,MOF1020,1,Oftalmologia Iia,Solanes Federica,"L-M-W-J-V:1,2,3,4,5,6,7 PRA SIN SALA",Escuela de Medicina,2026-1
10471,MOF1040,1,Oftalmologia Iiia,Solanes Federica,"L-M-W-J-V:1,2,3,4,5,6,7 PRA SIN SALA",Escuela de Medicina,2026-1
10479,MOM3000,1,Oncología Médica Adulta Ia,Sanchez Cesar,"L-M-W-J-V:1,2,3,4,5,6 PRA SIN SALA",Escuela de Medicina,2026-1
10486,MOM3002,1,Oncología Médica Adulta Iia,Sanchez Cesar,: CLAS SIN SALA,Escuela de Medicina,2026-1
10495,MOR1000,1,Otorrinolaringologia Ia,Maul Ximena,"L-M-W-J-V:1,2,3,4,5,6,7 PRA SIN SALA",Escuela de Medicina,2026-1
10503,MOR1020,1,Otorrinolaringologia Iia,Maul Ximena,"L-M-W-J-V:1,2,3,4,5,6,7 PRA SIN SALA",Escuela de Medicina,2026-1
10511,MOR1040,1,Otorrinolaringología Iiia,Maul Ximena,"L-M-W-J-V:1,2,3,4,5,6,7 PRA SIN SALA",Escuela de Medicina,2026-1
20594,MPA3000,1,Medicina Paliativa Ia,Crispino Luciana,"L-M-W-J-V:1,2,3,4,5,6 CLAS SIN SALA",Escuela de Medicina,2026-1
16346,MPE3000,1,Psiquiatría de Enlace y Medicina Psicosomática Ia,Calderon Jorge,"L-M-W-J-V:1,2,3,4,5,6 CLAS SIN SALA",Escuela de Medicina,2026-1
17592,MPE3002,1,Psiquiatría de Enlace y Medicina Psicosomática,Calderon Jorge,"L-M-W-J-V:1,2,3,4,5,6,7 CLAS SIN SALA",Escuela de Medicina,2026-1
28387,MPE3010,1,Perfusión Ia,Zamora Tomas,"L-M-W-J-V:1,2,3,4,5,6 PRA SIN SALA",Escuela de Medicina,2026-1
25351,MPE3020,1,Perfusión Ib,Zamora Tomas,L-M-W-J-V:1 CLAS SIN SALA,Escuela de Medicina,2026-1
17930,MPH3000,1,Fundamentos de la Salud Pública,Margozzini Paula,"J:5,6 CLAS SIN SALA",Escuela de Medicina,2026-1
17932,MPH3001,1,Bases Epidemiológicas de la Salud Pública,Cerda Jaime,"V:5,6 CLAS SIN SALA",Escuela de Medicina,2026-1
17938,MPH3002,1,Bioestadística en Salud Pública,Viviani Paola,"V:3,4 CLAS SIN SALA",Escuela de Medicina,2026-1
17934,MPH3003,1,Ética y Salud Pública,Bedregal Maria,V:2 CLAS SIN SALA,Escuela de Medicina,2026-1
19226,MPH3009,1,Estrategias de Promoción y Prevención en Salud,Ferrer Lilian,V:3 CLAS SIN SALA,Escuela de Medicina,2026-1
19228,MPH3010,1,Ciencias Sociales y del Comportamiento en Salud,Bedregal Maria,V:4 CLAS SIN SALA,Escuela de Medicina,2026-1
19233,MPH3011,1,Proyecto de Salud Pública,Sapag Jaime,"V:1,2 CLAS SIN SALA",Escuela de Medicina,2026-1
18299,MPH3012,1,"Desafíos del Adulto Mayor, Enfoque Interdisciplinario Desde la Gerontología y Epidemiología Social",Torres Marisa,"J:7,8 CLAS SIN SALA",Escuela de Medicina,2026-1
19620,MPH3013,1,Ciencias de Implementación y Evaluación de Servicios & Programas de Salud,Sapag Jaime,"J:7,8 CLAS SIN SALA",Escuela de Medicina,2026-1
31093,MPL1001,1,Anatomía Patológica y Laboratorio Clínico Ia,Valbuena Jose,: TAL SIN SALA,Escuela de Medicina,2026-1
31097,MPL1010,1,Anatomía Patológica y Laboratorio Clínico Iia,Valbuena Jose,L-M-W-J-V: TAL SIN SALA,Escuela de Medicina,2026-1
31098,MPL1030,1,Anatomía Patológica y Laboratorio Clínico Iiia,Valbuena Jose,L-M-W-J-V: TAL SIN SALA,Escuela de Medicina,2026-1
10752,MPN1000,1,Psiquiatría del Niño y del Adolescente Ia,Catalan Pamela,"L-M-W-J-V:1,2,3,4,5,6 PRA SIN SALA",Escuela de Medicina,2026-1
10761,MPN1020,1,Psiquiatría del Niño y del Adolescente Iia,Catalan Pamela,"L-M-W-J-V:1,2,3,4,5,6 PRA SIN SALA",Escuela de Medicina,2026-1
10769,MPN1040,1,Psiquiatría del Niño y del Adolescente Iiia,Catalan Pamela,"L-M-W-J-V:1,2,3,4,5,6 PRA SIN SALA",Escuela de Medicina,2026-1
10779,MPR1000,1,Cirugia Plastica  y Reconstructiva Ia,Marre Diego,"L-M-W-J-V:1,2,3,4,5,6,7 PRA SIN SALA",Escuela de Medicina,2026-1
10785,MPR1020,1,Cirugia Plastica y Reconstructiva Iia,Marre Diego,: CLAS SIN SALA,Escuela de Medicina,2026-1
10795,MPR1040,1,Cirugia Plastica y Reconstructiva Iiia,Marre Diego,"L-M-W-J-V:1,2,3,4,5,6 PRA SIN SALA",Escuela de Medicina,2026-1
10802,MPS1000,1,Psiquiatria I a,Calderon Jorge,"L-M-W-J-V:1,2,3,4,5,6,7 PRA SIN SALA",Escuela de Medicina,2026-1
10812,MPS1020,1,Psiquiatria II a,Calderon Jorge,"L-M-W-J-V:1,2,3,4,5,6,7 PRA SIN SALA",Escuela de Medicina,2026-1
10820,MPS1040,1,Psiquiatria III a,Calderon Jorge,"L-M-W-J-V:1,2,3,4,5,6,7 PRA SIN SALA",Escuela de Medicina,2026-1
17669,MPT3004,1,Metodologia de la Investigacion Clinica,Carvajal Jorge,:1 CLAS SIN SALA,Escuela de Medicina,2026-1
30429,MPT3004,2,Metodologia de la Investigacion Clinica,Andia Marcelo,"L-M-W-J-V:1,2,3,4,5,6,7 CLAS SIN SALA",Escuela de Medicina,2026-1
31808,MPT3004,3,Metodologia de la Investigacion Clinica,Gatica Gabriel,L-M-W-J-V:6 CLAS SIN SALA,Escuela de Medicina,2026-1
32292,MPT3004,4,Metodologia de la Investigacion Clinica,Carvajal Jorge,"L-M-W-J-V:1,2,3,4,5,6,7 TAL SIN SALA",Escuela de Medicina,2026-1
32293,MPT3004,5,Metodologia de la Investigacion Clinica,Dirección Docente,"L-M-W-J-V:1,2,3,4,5,6,7 TAL SIN SALA",Escuela de Medicina,2026-1
34186,MPT3004,6,Metodologia de la Investigacion Clinica,Serrano Carolina,"L-M-W-J-V:1,2,3,4,5,6,7 CLAS SIN SALA",Escuela de Medicina,2026-1
34187,MPT3004,7,Metodologia de la Investigacion Clinica,Castañón Carla,"L-M-W-J-V:1,2,3,4,5,6,7 CLAS SIN SALA",Escuela de Medicina,2026-1
34190,MPT3004,8,Metodologia de la Investigacion Clinica,Rojas Luis,: CLAS SIN SALA,Escuela de Medicina,2026-1
31810,MPT3010,1,Docencia para Residentes,"Von Borries Pamela, Cespedes Patricio, Mora Isabel, Moraga Lili",L-M-W-J-V: PRA SIN SALA,Escuela de Medicina,2026-1
32294,MPT3010,2,Docencia para Residentes,Varas Julián,"L-M-W-J-V:1,2,3,4,5,6,7 TAL SIN SALA",Escuela de Medicina,2026-1
32295,MPT3010,3,Docencia para Residentes,Dirección Docente,"L-M-W-J-V:1,2,3,4,5,6,7 TAL SIN SALA",Escuela de Medicina,2026-1
32296,MPT3016,1,Herramientas  para el Manejo del  Burnout Durante la Residencia,Dirección Docente,"L-M-W-J-V:1,2,3,4,5,6,7 TAL SIN SALA",Escuela de Medicina,2026-1
32297,MPT3017,1,Lectura Crítica de Artículos Médicos,De la Fuente Rene,"L-M-W-J-V:1,2,3,4,5,6,7 TAL SIN SALA",Escuela de Medicina,2026-1
32298,MPT3017,2,Lectura Crítica de Artículos Médicos,Briones Juan,"L-M-W-J-V:1,2,3,4,5,6,7 TAL SIN SALA",Escuela de Medicina,2026-1
32299,MPT3017,3,Lectura Crítica de Artículos Médicos,Dirección Docente,"L-M-W-J-V:1,2,3,4,5,6,7 TAL SIN SALA",Escuela de Medicina,2026-1
17676,MPT3018,1,Epidemiología Clínica para Residentes,Cerda Jaime,:1 CLAS SIN SALA,Escuela de Medicina,2026-1
32300,MPT3018,2,Epidemiología Clínica para Residentes,Dirección Docente,"L-M-W-J-V:1,2,3,4,5,6,7 TAL SIN SALA",Escuela de Medicina,2026-1
34188,MPT3018,3,Epidemiología Clínica para Residentes,Castañón Carla,"L-M-W-J-V:1,2,3,4,5,6,7 CLAS SIN SALA",Escuela de Medicina,2026-1
30438,MPT3026,1,Biología Molecular Fundamental,Briones Juan,"L-M-W-J-V:1,2,3,4,5,6,7 CLAS SIN SALA",Escuela de Medicina,2026-1
32301,MPT3027,1,Bases Bioestadísticas de Lectura Crítica,Fuentes Ricardo,"L-M-W-J-V:1,2,3,4,5,6,7 TAL SIN SALA",Escuela de Medicina,2026-1
32302,MPT3027,2,Bases Bioestadísticas de Lectura Crítica,Dirección Docente,"L-M-W-J-V:1,2,3,4,5,6,7 TAL SIN SALA",Escuela de Medicina,2026-1
17684,MPT3028,1,Lectura Crítica y Medicina Basada en Evidencias,Cifuentes Lorena,:1 CLAS SIN SALA,Escuela de Medicina,2026-1
18697,MPT3028,2,Lectura Crítica y Medicina Basada en Evidencias,Lara Barbara,: CLAS SIN SALA,Escuela de Medicina,2026-1
32303,MPT3028,3,Lectura Crítica y Medicina Basada en Evidencias,Valenzuela Andres,"L-M-W-J-V:1,2,3,4,5,6,7 TAL SIN SALA",Escuela de Medicina,2026-1
32304,MPT3028,4,Lectura Crítica y Medicina Basada en Evidencias,Dirección Docente,"L-M-W-J-V:1,2,3,4,5,6,7 TAL SIN SALA",Escuela de Medicina,2026-1
34185,MPT3028,5,Lectura Crítica y Medicina Basada en Evidencias,Moreno Gladys,"L-M-W-J-V:1,2,3,4,5,6,7 CLAS SIN SALA",Escuela de Medicina,2026-1
32305,MPT3033,1,Rol de Colaborador: Trabajo en Equipo,Dirección Docente,"L-M-W-J-V:1,2,3,4,5,6,7 TAL SIN SALA",Escuela de Medicina,2026-1
32306,MPT3035,1,Rol de Líder: Liderazgo e Influencia,Dirección Docente,"L-M-W-J-V:1,2,3,4,5,6,7 TAL SIN SALA",Escuela de Medicina,2026-1
30439,MPT3037,1,Rol Académico: Aprendiendo a Enseñar. Herramientas Innovadoras de Educación en Medicina,Dirección Docente,"L-M-W-J-V:1,2,3,4,5,6,7 CLAS SIN SALA",Escuela de Medicina,2026-1
17895,MPT3038,1,Rol Profesional: Ética Clínica para Residentes,Soto Mauricio,:1 CLAS SIN SALA,Escuela de Medicina,2026-1
32307,MPT3038,2,Rol Profesional: Ética Clínica para Residentes,Dirección Docente,"L-M-W-J-V:1,2,3,4,5,6,7 TAL SIN SALA",Escuela de Medicina,2026-1
17896,MPT3039,1,Rol Promotor de la Salud: Médicos Como Agentes de Cambio a Nivel Individual y Poblacional,Bambs Claudia,:1 CLAS SIN SALA,Escuela de Medicina,2026-1
30467,MPT3039,2,Rol Promotor de la Salud: Médicos Como Agentes de Cambio a Nivel Individual y Poblacional,Sapag Jaime,"L-M-W-J-V:1,2,3,4,5,6,7 CLAS SIN SALA",Escuela de Medicina,2026-1
32308,MPT3039,3,Rol Promotor de la Salud: Médicos Como Agentes de Cambio a Nivel Individual y Poblacional,Dirección Docente,"L-M-W-J-V:1,2,3,4,5,6,7 TAL SIN SALA",Escuela de Medicina,2026-1
19472,MPT3040,1,Rol de Comunicador: Enfrentando los Desafíos de la Comunicación en la  Práctica Médica,Dirección Docente,"L-M-W-J-V:1,2,3,4,5,6,7 CLAS SIN SALA",Escuela de Medicina,2026-1
28388,MPT3040,2,Rol de Comunicador: Enfrentando los Desafíos de la Comunicación en la  Práctica Médica,"Beltran Daniela, Sepulveda Paola","L-M-W-J-V:1,2,3,4,5,6 CLAS SIN SALA",Escuela de Medicina,2026-1
30468,MPT3040,3,Rol de Comunicador: Enfrentando los Desafíos de la Comunicación en la  Práctica Médica,"Beltran Daniela, Sepulveda Paola","L-M-W-J-V:1,2,3,4,5,6,7 CLAS SIN SALA",Escuela de Medicina,2026-1
34189,MPT3040,4,Rol de Comunicador: Enfrentando los Desafíos de la Comunicación en la  Práctica Médica,Silva Lincoln,"L-M-W-J-V:1,2,3,4,5,6,7 CLAS SIN SALA",Escuela de Medicina,2026-1
32309,MPT3041,1,Rol de Líder: Liderazgo en el Mejoramiento de la Gestión en Salud,Bittner Marcela,"L-M-W-J-V:1,2,3,4,5,6,7 TAL SIN SALA",Escuela de Medicina,2026-1
32310,MPT3041,2,Rol de Líder: Liderazgo en el Mejoramiento de la Gestión en Salud,Dirección Docente,"L-M-W-J-V:1,2,3,4,5,6,7 TAL SIN SALA",Escuela de Medicina,2026-1
32311,MPT3042,1,Rol Promotor de la Salud: Inequidad en Salud y Teorías de Justicia Social,Lopez Rodrigo,"L-M-W-J-V:1,2,3,4,5,6,7 TAL SIN SALA",Escuela de Medicina,2026-1
32312,MPT3042,2,Rol Promotor de la Salud: Inequidad en Salud y Teorías de Justicia Social,Dirección Docente,"L-M-W-J-V:1,2,3,4,5,6,7 TAL SIN SALA",Escuela de Medicina,2026-1
28393,MPT3044,1,Rol Profesional: Bases Científicas del Bienestar y Herramientas de Autocuidado en la Práctica Médica,Nitsche María,"L-M-W-J-V:1,2,3,4,5,6 CLAS SIN SALA",Escuela de Medicina,2026-1
32313,MPT3044,2,Rol Profesional: Bases Científicas del Bienestar y Herramientas de Autocuidado en la Práctica Médica,Dirección Docente,"L-M-W-J-V:1,2,3,4,5,6,7 TAL SIN SALA",Escuela de Medicina,2026-1
32314,MPT3045,1,Como Enseñar Procedimientos Simulados para la Adquisición de Habilidades Técnicas,Varas Julián,"L-M-W-J-V:1,2,3,4,5,6,7 TAL SIN SALA",Escuela de Medicina,2026-1
32315,MPT3045,2,Como Enseñar Procedimientos Simulados para la Adquisición de Habilidades Técnicas,Dirección Docente,"L-M-W-J-V:1,2,3,4,5,6,7 TAL SIN SALA",Escuela de Medicina,2026-1
22123,MPT3046,1,Rol Profesional: los Desafíos del Médico en la Práctica Diaria,Claro Juan,: CLAS SIN SALA,Escuela de Medicina,2026-1
32316,MPT3046,2,Rol Profesional: los Desafíos del Médico en la Práctica Diaria,Dirección Docente,"L-M-W-J-V:1,2,3,4,5,6,7 TAL SIN SALA",Escuela de Medicina,2026-1
22122,MPT3047,1,Rol Médico Experto: Seguridad del Paciente,Poblete Rodrigo,: CLAS SIN SALA,Escuela de Medicina,2026-1
32317,MPT3047,2,Rol Médico Experto: Seguridad del Paciente,Dirección Docente,"L-M-W-J-V:1,2,3,4,5,6,7 TAL SIN SALA",Escuela de Medicina,2026-1
32318,MPT3052,1,Prevención Clínica,Rodríguez Trinidad,"L-M-W-J-V:1,2,3,4,5,6,7 TAL SIN SALA",Escuela de Medicina,2026-1
32319,MPT3052,2,Prevención Clínica,Dirección Docente,"L-M-W-J-V:1,2,3,4,5,6,7 TAL SIN SALA",Escuela de Medicina,2026-1
32320,MPT3053,1,Salud Comunitaria,Dirección Docente,"L-M-W-J-V:1,2,3,4,5,6,7 TAL SIN SALA",Escuela de Medicina,2026-1
32321,MPT3054,1,Enfoque Familiar en la Atención de Salud,Garcia-Huidobro Diego,"L-M-W-J-V:1,2,3,4,5,6,7 TAL SIN SALA",Escuela de Medicina,2026-1
32322,MPT3054,2,Enfoque Familiar en la Atención de Salud,Dirección Docente,"L-M-W-J-V:1,2,3,4,5,6,7 TAL SIN SALA",Escuela de Medicina,2026-1
25637,MPT3055,1,Comunicación en Pacientes Con Enfermedades Graves,"Leiva Ofelia, Jana Carolina, Villouta María","L-M-W-J-V:1,2,3,4,5,6 CLAS SIN SALA",Escuela de Medicina,2026-1
26828,MPT3056,1,Problemas Familiares en la Atención en Salud,Rojas Pamela,"L-M-W-J-V:1,2,3,4,5,6 CLAS SIN SALA",Escuela de Medicina,2026-1
30536,MPT3058,1,Genética Médica,Lay-Son Guillermo,"L-M-W-J-V:1,2,3,4,5,6 CLAS SIN SALA",Escuela de Medicina,2026-1
32323,MPT3059,1,Proyecto de Investigación,Gatica Gabriel,"L-M-W-J-V:1,2,3,4,5,6,7 TAL SIN SALA",Escuela de Medicina,2026-1
32324,MPT3059,2,Proyecto de Investigación,Ruiz Sergio,"L-M-W-J-V:1,2,3,4,5,6,7 TAL SIN SALA",Escuela de Medicina,2026-1
32325,MPT3059,3,Proyecto de Investigación,Flores Juan,"L-M-W-J-V:1,2,3,4,5,6,7 TAL SIN SALA",Escuela de Medicina,2026-1
32326,MPT3059,4,Proyecto de Investigación,Henríquez Carolina,"L-M-W-J-V:1,2,3,4,5,6,7 TAL SIN SALA",Escuela de Medicina,2026-1
32327,MPT3059,5,Proyecto de Investigación,Dirección Docente,"L-M-W-J-V:1,2,3,4,5,6,7 TAL SIN SALA",Escuela de Medicina,2026-1
34197,MPT3059,6,Proyecto de Investigación,"Perret Cecilia, Abarca Katia",: CLAS SIN SALA,Escuela de Medicina,2026-1
32356,MPT3062,1,"Rol Profesional: Cuidarse para Cuidar, Bienestar Médico en Tiempos de Exigencia",Vargas Jose,"L-M-W-J-V:1,2,3,4,5,6,7 TAL SIN SALA",Escuela de Medicina,2026-1
10827,MQP3000,1,Cirugía Quirúrgica Pediátrica Ia,Vuletin Jose,: CLAS SIN SALA,Escuela de Medicina,2026-1
10834,MQP3002,1,Cirugía Quirúrgica Pediátrica Iia,Vuletin Jose,: CLAS SIN SALA,Escuela de Medicina,2026-1
10844,MQP3004,1,Cirugía Quirúrgica Pediátrica Iiia,Vuletin Jose,: CLAS SIN SALA,Escuela de Medicina,2026-1
10852,MRA1000,1,Radiologia I a,Burdiles Alvaro,"L-M-W-J-V:1,2,3,4,5,6,7 PRA SIN SALA",Escuela de Medicina,2026-1
10860,MRA1020,1,Radiologia II a,Burdiles Alvaro,"L-M-W-J-V:1,2,3,4,5,6,7 PRA SIN SALA",Escuela de Medicina,2026-1
10870,MRA1040,1,Radiologia III a,Burdiles Alvaro,"L-M-W-J-V:1,2,3,4,5,6,7 PRA SIN SALA",Escuela de Medicina,2026-1
10877,MRD3010,1,Neuroradiología Diagnóstica Ia,Arrano Leonardo,"L-M-W-J-V:1,2,3,4,5,6 CLAS SIN SALA",Escuela de Medicina,2026-1
16348,MRD3030,1,Neuroradiología Diagnóstica Ib,Arrano Leonardo,"L-M-W-J-V:1,2,3,4,5,6 CLAS SIN SALA",Escuela de Medicina,2026-1
22371,MRI3000,1,Radiología Pediátrica Ia,De Barbieri Florencia,L-M-W-J-V:1 CLAS SIN SALA,Escuela de Medicina,2026-1
23801,MRI3020,1,Radiologia Pediatrica Iia,De Barbieri Florencia,: CLAS SIN SALA,Escuela de Medicina,2026-1
10886,MRO1000,1,Radio-Oncologia Ia,Merino Tomás,: CLAS SIN SALA,Escuela de Medicina,2026-1
11070,MRO1020,1,Radio-Oncologia Iia,Merino Tomás,: CLAS SIN SALA,Escuela de Medicina,2026-1
19437,MRO1040,1,Radio-Oncologia Iiia,Merino Tomás,:1 CLAS SIN SALA,Escuela de Medicina,2026-1
11080,MRP1000,1,Respiratorio Pediatrico I a,Caussade Marie,"L-M-W-J-V:1,2,3,4,5,6,7 PRA SIN SALA",Escuela de Medicina,2026-1
11086,MRP1020,1,Respiratorio Pediatrico II a,Caussade Marie,"L-M-W-J-V:1,2,3,4,5,6,7 PRA SIN SALA",Escuela de Medicina,2026-1
29100,MSG3000,1,Fundamentos de Salud Pública Global,Valdivia Gonzalo,: CLAS SIN SALA,Escuela de Medicina,2026-1
29084,MSG3001,1,Bases Epidemiológicas de la Salud Pública Global,Cerda Jaime,: CLAS SIN SALA,Escuela de Medicina,2026-1
29085,MSG3002,1,Bioestadística en Salud Pública,Viviani Paola,: CLAS SIN SALA,Escuela de Medicina,2026-1
29086,MSG3003,1,Salud Global,Leniz Javiera,: CLAS SIN SALA,Escuela de Medicina,2026-1
29092,MSG3006,1,Ética y Salud Pública,Bedregal Maria,: CLAS SIN SALA,Escuela de Medicina,2026-1
29090,MSG3007,1,Salud Ambiental: Desafíos Locales y Globales,Cortés Sandra,: CLAS SIN SALA,Escuela de Medicina,2026-1
29089,MSG3008,1,Ciencias Sociales y del Comportamiento en Salud,"Bedregal Maria, Gonzalez Marcela, Zavala Cynthia",: CLAS SIN SALA,Escuela de Medicina,2026-1
29488,MSG3009,1,Salud y Trabajo en Un Mundo Global,Vives Alejandra,: CLAS SIN SALA,Escuela de Medicina,2026-1
29459,MSG3010,1,Actividad Final de Grado,Leniz Javiera,: CLAS SIN SALA,Escuela de Medicina,2026-1
29088,MSG3011,1,Ciencias de Implementación y Evaluación en Salud,Sapag Jaime,: CLAS SIN SALA,Escuela de Medicina,2026-1
29463,MSG3012,1,Calidad de Vida de las Personas Mayores: Un Desafío Compartido,Torres Marisa,: CLAS SIN SALA,Escuela de Medicina,2026-1
29485,MSG3014,1,Economía de la Salud,Zamorano Paula,: CLAS SIN SALA,Escuela de Medicina,2026-1
29534,MSG3015,1,"Tecnologías de la Información en Salud, Oportunidades y Desafíos para la Salud Pública",Soto Mauricio,: CLAS SIN SALA,Escuela de Medicina,2026-1
11090,MSP1000,1,Salud Publica I a,Margozzini Paula,"L-M-W-J-V:1,2,3,4,5,6,7 PRA SIN SALA",Escuela de Medicina,2026-1
11096,MSP1020,1,Salud Publica II a,Margozzini Paula,"L-M-W-J-V:1,2,3,4,5,6 PRA SIN SALA",Escuela de Medicina,2026-1
11100,MSP1040,1,Salud Publica III a,Margozzini Paula,"L-M-W-J-V:1,2,3,4,5,6 PRA SIN SALA",Escuela de Medicina,2026-1
11106,MSP3000,1,Epidemiologia I,Cerda Jaime,"V:5,6 CLAS SIN SALA",Escuela de Medicina,2026-1
11112,MSP3001,1,Bioestadística I,Viviani Paola,"V:3,4 CLAS SIN SALA",Escuela de Medicina,2026-1
33594,MSP3001,2,Bioestadística I,Villarroel Luis,"L:1,2 CLAS SIN SALA",Escuela de Medicina,2026-1
11127,MSP3008,1,Planificacion y Uso de Ensayos Clinicos Randomizados,Kattan Eduardo,"L:5,6 CLAS SIN SALA",Escuela de Medicina,2026-1
19253,MSP3027,1,Sociedad y Salud,Vives Alejandra,"W:3,4 CLAS SIN SALA",Escuela de Medicina,2026-1
11175,MSP3030,1,Seminario de Investigación,Cortés Sandra,"J:3,4 CLAS SIN SALA",Escuela de Medicina,2026-1
11180,MSP3031,1,Computación Estadística,Dominguez Maria,J:5 CLAS SIN SALA,Escuela de Medicina,2026-1
33012,MSP3037,1,Epidemiología de las Enfermedades Transmisibles,Cerda Jaime,"J:6,7 CLAS SIN SALA",Escuela de Medicina,2026-1
11231,MSP3044,1,Tesis I,Bambs Claudia,: CLAS SIN SALA,Escuela de Medicina,2026-1
20275,MSP3045,1,Tesis II,"Margozzini Paula, Bambs Claudia",: CLAS SIN SALA,Escuela de Medicina,2026-1
32065,MSP3047,1,Revisiones Sistemáticas II,Ortiz Luis,"L:2,3,4 CLAS SIN SALA",Escuela de Medicina,2026-1
31332,MSP3050,1,Seminario de Investigación II,Bambs Claudia,: CLAS SIN SALA,Escuela de Medicina,2026-1
11272,MTA1000,1,Anestesiologia I a,Mosqueira Loreto,"L-M-W-J-V:1,2,3,4,5,6,7 PRA SIN SALA",Escuela de Medicina,2026-1
11279,MTA1010,1,Anestesiologia II a,Mosqueira Loreto,"L-M-W-J-V:1,2,3,4,5,6,7 PRA SIN SALA",Escuela de Medicina,2026-1
11286,MTA1020,1,Anestesiologia III a,Mosqueira Loreto,"L-M-W-J-V:1,2,3,4,5,6,7 PRA SIN SALA",Escuela de Medicina,2026-1
11295,MTC1000,1,Cirugia I a,Bellolio Felipe,"L-M-W-J-V:1,2,3,4,5,6,7 PRA SIN SALA",Escuela de Medicina,2026-1
11302,MTC1010,1,Cirugia II a,Bellolio Felipe,"L-M-W-J-V:1,2,3,4,5,6,7 PRA SIN SALA",Escuela de Medicina,2026-1
11308,MTC1020,1,Cirugia III a,Bellolio Felipe,"L-M-W-J-V:1,2,3,4,5,6,7 PRA SIN SALA",Escuela de Medicina,2026-1
11320,MTG1000,1,Obstetricia y Ginecologia Ia,Orlandini Elisa,"L-M-W-J-V:1,2,3,4,5,6,7 PRA SIN SALA",Escuela de Medicina,2026-1
11324,MTG1010,1,Obstetricia y Ginecologia II a,Orlandini Elisa,"L-M-W-J-V:1,2,3,4,5,6,7 PRA SIN SALA",Escuela de Medicina,2026-1
11331,MTG1020,1,Obstetricia y Ginecologia III a,Orlandini Elisa,"L-M-W-J-V:1,2,3,4,5,6,7 PRA SIN SALA",Escuela de Medicina,2026-1
11343,MTI1000,1,Medicina Interna I a,"Abbott Eduardo, Galindo Hector, Pena Jose","L-M-W-J-V:1,2,3,4,5,6,7 PRA SIN SALA",Escuela de Medicina,2026-1
11351,MTI1010,1,Medicina Interna II a,"Abbott Eduardo, Galindo Hector, Pena Jose","L-M-W-J-V:1,2,3,4,5,6,7 PRA SIN SALA",Escuela de Medicina,2026-1
11358,MTI1020,1,Medicina Interna III a,"Abbott Eduardo, Galindo Hector, Pena Jose","L-M-W-J-V:1,2,3,4,5,6,7 PRA SIN SALA",Escuela de Medicina,2026-1
11363,MTO1000,1,Traumatologia I a,Hodgson Felipe,"L-M-W-J-V:1,2,3,4,5,6,7 PRA SIN SALA",Escuela de Medicina,2026-1
11370,MTO1020,1,Traumatologia II a,Hodgson Felipe,"L-M-W-J-V:1,2,3,4,5,6,7 PRA SIN SALA",Escuela de Medicina,2026-1
11376,MTO1040,1,Traumatologia III a,Hodgson Felipe,"L-M-W-J-V:1,2,3,4,5,6,7 PRA SIN SALA",Escuela de Medicina,2026-1
11382,MTP1000,1,Pediatria I a,Monge Marcela,"L-M-W-J-V:1,2,3,4,5,6,7 SUP SIN SALA L-M-W-J-V:1,2,3,4,5,6,7 PRA SIN SALA",Escuela de Medicina,2026-1
11389,MTP1010,1,Pediatria II a,Monge Marcela,"L-M-W-J-V:1,2,3,4,5,6,7 PRA SIN SALA",Escuela de Medicina,2026-1
11396,MTP1020,1,Pediatria III a,Monge Marcela,"L-M-W-J-V:1,2,3,4,5,6,7 PRA SIN SALA",Escuela de Medicina,2026-1
27524,MTP3040,1,Fundamentos de Formación de Imágenes por Resonancia Magnética,Uribe Sergio,"L-M-W-J-V:1,2,3,4,5,6 CLAS SIN SALA",Escuela de Medicina,2026-1
12589,MUR1000,1,Urologia Ia,Domínguez Javier,"L-M-W-J-V:1,2,3,4,5,6,7 PRA SIN SALA",Escuela de Medicina,2026-1
12595,MUR1020,1,Urologia Iia,Domínguez Javier,"L-M-W-J-V:1,2,3,4,5,6 PRA SIN SALA",Escuela de Medicina,2026-1
12601,MUR1040,1,Urología III a,Domínguez Javier,"L-M-W-J-V:1,2,3,4,5,6 PRA SIN SALA",Escuela de Medicina,2026-1
28648,NUT3006,1,Rotación Clínica Terapia Nutricional,Valdes Silvana,"L-M-W-J-V:1,2,3,4 CLAS SIN SALA",Escuela de Medicina,2026-1
27914,ODO103,1,Introducción a la Odontología,Montenegro Maria,"L:5,6 CLAS AUD-2",Escuela de Odontología,2026-1
27584,ODO104,1,Bioestadística,Aravena Ricardo,"L:3,4 CLAS CS-101 W:3,4 CLAS AUD-2",Escuela de Odontología,2026-1
29533,ODO205,1,"Neurociencias, Dolor y Oclusión",Bennett Diego,"J:1,2,3,4,5 CLAS AUD-1",Escuela de Odontología,2026-1
29535,ODO206,1,Preclínico de Odontología Restauradora I,Moya Milena,"M:1,2,3,4 CLAS LAB-S V:1,2,3 CLAS LAB-S",Escuela de Odontología,2026-1
29537,ODO207,1,Epidemiología,Cantarutti Cynthia,"W:2,3,4 CLAS N13-A",Escuela de Odontología,2026-1
28281,ODO3021,1,Bases Biológicas de la Ortodoncia,Gonzalez Humberto,M-W-J-V:1 CLAS SIN SALA,Escuela de Odontología,2026-1
28280,ODO3040,1,Introducción a la Ortodoncia,Ramirez Mariana,M-W-J-V:1 CLAS SIN SALA,Escuela de Odontología,2026-1
28273,ODO3041,1,Clínica Ortodoncia Integrada I,Becerra Carlos,M-W-J-V:1 CLAS SIN SALA,Escuela de Odontología,2026-1
34139,ODO3041,2,Clínica Ortodoncia Integrada I,Becerra Carlos,: CLAS SIN SALA,Escuela de Odontología,2026-1
29168,ODO3044,1,Ortodoncia Quirúrgica,Villalon Pamela,"W:1,2,3 CLAS SIN SALA",Escuela de Odontología,2026-1
24195,ODO3045,1,Clínica Ortodoncia Integrada III,Guerra Aurora,"M:1,2,3 CLAS SIN SALA M:4,5,6 CLAS SIN SALA J:1,2,3 CLAS SIN SALA",Escuela de Odontología,2026-1
30807,ODO3048,1,Anomalías Cráneofaciales,Villalon Pamela,W:1 CLAS SIN SALA,Escuela de Odontología,2026-1
30808,ODO3049,1,Clínica Ortodoncia Integrada V,Bravo Maricel,M-J-V:1 CLAS SIN SALA,Escuela de Odontología,2026-1
30853,ODO309,1,Odontología Clínica I,Oyarzo Natacha,"M:1,2,3 CLAS SIN SALA",Escuela de Odontología,2026-1
30854,ODO310,1,Preclínico de Rehabilitación Oral I,Perez Maria,"L:5,6 PRA LAB-S J:1,2,3,4 PRA LAB-S",Escuela de Odontología,2026-1
25751,ODO3100,1,Cirugía Maxilofacial Ia,"Valladares Salvador, Foncea Camila","L-M-W-J-V:1,2,3,4,5,6,7,8 CLAS SIN SALA",Escuela de Odontología,2026-1
22161,ODO3101,1,Cirugía Maxilofacial Ib,"Valladares Salvador, Foncea Camila",L-W:1 CLAS SIN SALA,Escuela de Odontología,2026-1
15101,ODO3102,1,Cirugía Maxilofacial Iia,"Valladares Salvador, Foncea Camila","L-M-W-J-V:1,2,3 CLAS SIN SALA",Escuela de Odontología,2026-1
27250,ODO3103,1,Cirugía Maxilofacial Iib,"Valladares Salvador, Foncea Camila, Ramirez Hernan","L-M-W-J-V:1,2,3 CLAS SIN SALA",Escuela de Odontología,2026-1
18225,ODO3104,1,Cirugía Maxilofacial Iiia,"Valladares Salvador, Foncea Camila",L-M-W-J-V-S: CLAS SIN SALA,Escuela de Odontología,2026-1
27687,ODO3105,1,Cirugía Maxilofacial Iiib,"Valladares Salvador, Foncea Camila",L-M-W-J-V:1 CLAS SIN SALA,Escuela de Odontología,2026-1
18751,ODO3106,1,Cirugía Maxilofacial IV a,"Valladares Salvador, Foncea Camila","L-M-W-J-V-S:1,2,3,4,5,6 CLAS SIN SALA",Escuela de Odontología,2026-1
22158,ODO3107,1,Cirugía Maxilofacial IV B,"Valladares Salvador, Foncea Camila",L-W:1 CLAS SIN SALA,Escuela de Odontología,2026-1
30855,ODO311,1,Preclínico de Periodoncia,Candia Ezequiel,"V:1,2,3 CLAS AUD-2",Escuela de Odontología,2026-1
30856,ODO312,1,Fisiopatología y Semiología,Castro Rosa,"W:1,2 CLAS AUD-2",Escuela de Odontología,2026-1
30857,ODO313,1,Patología Bucomaxilofacial I,Martínez Carolina,"J:5,6 CLAS SIN SALA",Escuela de Odontología,2026-1
30858,ODO314,1,Farmacología,Benso Bruna,"L:1,2,3 CLAS ED111 M:5,6 CLAS D305",Escuela de Odontología,2026-1
27582,ODO3204,1,Clínica Periodontal III,Oyarzo Natacha,M-W:4 CLAS SIN SALA,Escuela de Odontología,2026-1
32185,ODO3212,2,Clínica Periodontal I,Oyarzo Natacha,L-W:1 CLAS SIN SALA,Escuela de Odontología,2026-1
32186,ODO3213,2,Fundamentos Biológicos y Clínicos de la Periodoncia,Smith Patricio,M:1 CLAS SIN SALA,Escuela de Odontología,2026-1
27583,ODO3215,1,Cirugía Periodontal e Implantológica,Villena Adrian,"M-J:4,5 CLAS SIN SALA",Escuela de Odontología,2026-1
29143,ODO3217,1,Periodoncia y Otras Especialidades,Contreras Maria,M:5 CLAS SIN SALA,Escuela de Odontología,2026-1
29142,ODO3218,1,Clínica Periodontal Integrativa,Marin Alejandro,W:5 CLAS SIN SALA,Escuela de Odontología,2026-1
29769,ODO3308,1,Innovación para la Odontología,García-Huidobro Rosario,W:5 CLAS SIN SALA,Escuela de Odontología,2026-1
25989,ODO3309,1,Herramientas Digitales en Odontología,Ros Catalina,W:4 CLAS SIN SALA,Escuela de Odontología,2026-1
29761,ODO3311,1,Tópicos Avanzados en Investigación en Odontología,Benso Bruna,W:5 CLAS SIN SALA,Escuela de Odontología,2026-1
32958,ODO3313,1,Ética Clínica Aplicada a la Práctica Odontológica,Barrientos Barbara,L-W:1 CLAS SIN SALA,Escuela de Odontología,2026-1
32959,ODO3314,1,Administración y Gestión en Odontología,Palacio Raul,L-W:1 CLAS SIN SALA,Escuela de Odontología,2026-1
29167,ODO3400,1,Fundamentos en Radiología Oral y Maxilofacial,Villanueva Rodrigo,"L-M-W:1,2,3 CLAS SIN SALA",Escuela de Odontología,2026-1
25877,ODO3401,1,Residencia I,Bruce Loreto,"L-M:5,6 CLAS SIN SALA",Escuela de Odontología,2026-1
20653,ODO3405,1,Tomografía Computada Cone Beam y Otras Técnicas Multiplanares,Villanueva Rodrigo,"L-W:1,2,3 CLAS SIN SALA",Escuela de Odontología,2026-1
20654,ODO3406,1,"Interpretación, Semiología y Sistemática Radiográfica I","Bruce Loreto, Sotelo Cristina","L-M:1,2,3 CLAS SIN SALA",Escuela de Odontología,2026-1
20655,ODO3407,1,Residencia III,Pinares Jorge,"L:1,2,3 CLAS SIN SALA",Escuela de Odontología,2026-1
29145,ODO3500,1,Fundamentos de la Rehabilitación Oral,Barrientos Paulina,M:5 CLAS SIN SALA,Escuela de Odontología,2026-1
29146,ODO3501,1,Diagnóstico y Planificación Terapéutica en Rehabilitación Oral,Salazar Enrique,W:1 CLAS SIN SALA,Escuela de Odontología,2026-1
29147,ODO3502,1,Biomateriales en Rehabilitación Oral,Magallon Eduardo,M:1 CLAS SIN SALA,Escuela de Odontología,2026-1
29148,ODO3503,1,Clínica Rehabilitación Oral I,Cabrera Luis,L:1 CLAS SIN SALA L:5 CLAS SIN SALA W:1 CLAS SIN SALA W:5 CLAS SIN SALA,Escuela de Odontología,2026-1
20659,ODO3508,1,Seminarios Temáticos Bibliográficos,"Barrientos Paulina, Magallon Eduardo","M:1,2,3 CLAS SIN SALA",Escuela de Odontología,2026-1
20660,ODO3509,1,Clínica Rehabilitación Oral III,"Cabrera Luis, Barrientos Paulina","M:1,2,3 CLAS SIN SALA",Escuela de Odontología,2026-1
34162,ODO3510,1,Seminarios de Casos Clínicos Integrados,Barrientos Paulina,: CLAS SIN SALA,Escuela de Odontología,2026-1
34160,ODO3511,1,Clínica Rehabilitación Oral IV,Cabrera Luis,: CLAS SIN SALA,Escuela de Odontología,2026-1
24913,ODO3600,1,Endodoncia Clínica I,"Briceño Carlos, Antini Carola","V:1,2 CLAS SIN SALA S:1,2 CLAS SIN SALA :4 CLAS SIN SALA",Escuela de Odontología,2026-1
24935,ODO3601,1,Fundamentos Científicos y Clínicos en Endodoncia,"Palma Ana, Antini Carola","J:5 CLAS SIN SALA V:1,2 CLAS SIN SALA",Escuela de Odontología,2026-1
25838,ODO3604,1,Endodoncia Clínica III,"Antini Carola, Briceño Carlos","J:4 CLAS SIN SALA V:5,6 CLAS SIN SALA S:1 CLAS SIN SALA",Escuela de Odontología,2026-1
25839,ODO3605,1,Manejo de Situaciones Complejas en Endodoncia,"Salinas Maria, Antini Carola","V:1,2 CLAS SIN SALA",Escuela de Odontología,2026-1
25312,ODO3700,1,Clínica Integral I,"Correa Karen, Hassi José","V-S:1,2,3 CLAS SIN SALA",Escuela de Odontología,2026-1
25314,ODO3701,1,Desarrollo Psicológico y Emocional del Paciente Odontopediátrico,Montenegro Maria,"J:1,2,3 CLAS SIN SALA",Escuela de Odontología,2026-1
25316,ODO3702,1,Crecimiento y Desarrollo General y Cráneo Facial,Cardenas Andrea,"J:5,6 CLAS SIN SALA",Escuela de Odontología,2026-1
25871,ODO3706,1,Clínica Integral III,"Hassi José, Correa Karen","V-S:1,2,3 CLAS SIN SALA",Escuela de Odontología,2026-1
25872,ODO3707,1,Medicina y Patología Oral Pediátrica,Palacios Veronica,"J:5,6 CLAS SIN SALA",Escuela de Odontología,2026-1
25873,ODO3708,1,Residencia Hospitalaria I,"Hola Sandra, Jara Roxana","J:1,2,3 CLAS SIN SALA",Escuela de Odontología,2026-1
30806,ODO3800,1,Clínica de Implantología Buco Maxilofacial I,Villena Adrian,"W:1,2,3,4 CLAS SIN SALA",Escuela de Odontología,2026-1
30804,ODO3801,1,Introducción a la Implantología Buco Maxilofacial,Villena Adrian,L-W:5 CLAS SIN SALA,Escuela de Odontología,2026-1
30805,ODO3802,1,Rehabilitación Oral,Villena Adrian,"M-J:1,2,3,4 CLAS SIN SALA",Escuela de Odontología,2026-1
32189,ODO3805,1,Clínica de Implantología Buco Maxilofacial Avanzada I,Belmar Renee,:1 CLAS SIN SALA,Escuela de Odontología,2026-1
32187,ODO3806,1,Cirugía Avanzada,Villena Adrian,:1 CLAS SIN SALA,Escuela de Odontología,2026-1
32188,ODO3807,1,Rehabilitación Oral Avanzada,Maldonado German,:1 CLAS SIN SALA,Escuela de Odontología,2026-1
32177,ODO418,1,Clínica Integral del Niño I,Morales Pilar,"M:1,2,3 CLAS AUD-2 W:5,6,7 PRA SIN SALA",Escuela de Odontología,2026-1
32178,ODO419,1,Clínica Integral del Adulto I,Jorquera Claudio,"L:1,2,3 CLAS AUD-1 J:1,2,3 CLAS AUD-2 J:5,6,7 PRA SIN SALA",Escuela de Odontología,2026-1
32179,ODO420,1,Cirugía Bucal I,Rioseco Tomás,"W:1,2,3 CLAS AUD-1 V:1,2,3 PRA SIN SALA",Escuela de Odontología,2026-1
32180,ODO421,1,Imagenología Diagnóstica II,Pinares Jorge,"M:5,6,7 CLAS AUD-2",Escuela de Odontología,2026-1
12800,ODO502A,1,Clínica Integral del Niño III,Maiza Paula,"L:1,2,3,4 PRA SIN SALA V:1,2,3,4 CLAS AUD-1",Escuela de Odontología,2026-1
12805,ODO509A,1,Cirugía Bucal III,Campolo Andrés,"L:5,6,7 CLAS SIN SALA V:5,6,7 PRA AUD-2",Escuela de Odontología,2026-1
12810,ODO510A,1,Clínica Integral del Adulto III,Mellado Beatriz,"M:5,6,7 PRA SIN SALA W:1,2,3,4 CLAS AL1 W:5,6,7 PRA SIN SALA J:1,2,3,4 PRA SIN SALA",Escuela de Odontología,2026-1
12814,ODO514A,1,Odontología Geriátrica I,Prado Sebastián,"J:5,6,7 CLAS N16-B",Escuela de Odontología,2026-1
12816,ODO515A,1,Pacientes Con Necesidades Especiales I,Carreno Daniel,"M:1,2,3,4 CLAS D301",Escuela de Odontología,2026-1
12818,ODO601A,1,Odontología Legal,Moscoso Karla,"L:1,2,3,4 CLAS AUD-2",Escuela de Odontología,2026-1
25797,ODO611A,1,Internado Asistencial Integral I,Arzola Camila,"L:5,6,7 CLAS AUD-1 M-W-J-V:5,6,7 PRA SIN SALA",Escuela de Odontología,2026-1
16967,ODO612A,1,Internado Asistencial Integral II,Palacio Raul,"M-W-J-V:1,2,3,4 CLAS SIN SALA",Escuela de Odontología,2026-1
28532,ODO622,1,Internado Avanzado Odontología Integral del Adulto,De Lapeyra Carolina,"W:1,2,3,4 CLAS C511",Escuela de Odontología,2026-1
28536,ODO623,1,Internado Avanzado en Cirugía Bucal,Romo Luis,"L-W:4,5,6,7 CLAS SIN SALA",Escuela de Odontología,2026-1
28537,ODO624,1,Internado Avanzado de Odontología Pediátrica,Villalon Pamela,"V:1,2,3,4 CLAS SIN SALA",Escuela de Odontología,2026-1
28538,ODO625,1,Internado Avanzado de Imagenología Oral,Pinares Jorge,"W:5,6,7 CLAS SIN SALA",Escuela de Odontología,2026-1
30639,ODO626,1,Internado Avanzado Investigación en Odontología,Smith Patricio,: CLAS SIN SALA,Escuela de Odontología,2026-1
30953,ODO702,1,Educación en Salud Bucodental,Cantarutti Cynthia,"W:5,6 CLAS AUD-2",Escuela de Odontología,2026-1
31500,ODO703,1,Uc Propone: Investigación Aplicada en Ciencias Sociales,Cantarutti Cynthia,"M:3,4 CLAS SEM_1_P2 V:4 AYU SEM_1_P2",Escuela de Odontología,2026-1
31434,AEU2000,1,Accesibilidad en los Espacios de la Ciudad,Ladrón de Guevara Felipe,"M:3,4 CLAS A-SALA2",Estudios Urbanos,2026-1
31323,AEU2003,1,Diseño Estratégico de Información Ambiental,Pedraza Pedro,"J:5,6 CLAS A4",Estudios Urbanos,2026-1
14496,IEU2002,1,Sociología de las Grandes Ciudades,Sabatini Francisco,"L:2,3 CLAS SIN SALA",Estudios Urbanos,2026-1
15433,IEU2002,2,Sociología de las Grandes Ciudades,Ruiz-Tagle Javier,"M:3,4 CLAS E10",Estudios Urbanos,2026-1
15405,IEU2002,3,Sociología de las Grandes Ciudades,Matus Christian,"W:6,7 CLAS S-MULTIUSO",Estudios Urbanos,2026-1
31324,IEU2002,4,Sociología de las Grandes Ciudades,Carvajal Diego,"L:6,7 CLAS A6",Estudios Urbanos,2026-1
31322,IEU2043,1,"Ciudades, Gobiernos y Calidad de Vida",Orellana Arturo,"J:3,4 CLAS A6",Estudios Urbanos,2026-1
25281,IEU2047,1,"Desarrollo Local Sustentable: Conceptos, Prácticas y Políticas",Vial Gonzalo,"V:5,6 CLAS AG3",Estudios Urbanos,2026-1
33851,IEU2047,2,"Desarrollo Local Sustentable: Conceptos, Prácticas y Políticas",Romero Jose,"W:3,4 CLAS E12",Estudios Urbanos,2026-1
25282,IEU2048,1,Exploraciones Urbanas: Territorio Sustentable,Zaviezo Daniela,"W:3,4 CLAS E14",Estudios Urbanos,2026-1
25283,IEU2048,2,Exploraciones Urbanas: Territorio Sustentable,Rugiero Vanessa,"J:5,6 CLAS AE211",Estudios Urbanos,2026-1
27100,IEU2050,1,Planificación Urbana Participativa,Stamm Caroline,"M:3,4 CLAS E15",Estudios Urbanos,2026-1
30220,IEU2050,2,Planificación Urbana Participativa,Gurdon Carole,"V:3,4 CLAS AE205",Estudios Urbanos,2026-1
28261,IEU2051,1,Género y Ciudad: Aproximaciones a Un Urbanismo Feminista,Matus Christian,"V:5,6 CLAS R206",Estudios Urbanos,2026-1
33855,IEU2051,2,Género y Ciudad: Aproximaciones a Un Urbanismo Feminista,Riveros Norma,"W:5,6 CLAS AL1",Estudios Urbanos,2026-1
28256,IEU2052,1,Exploraciones Urbanas,Méndez María,"L:3,4 CLAS AE210",Estudios Urbanos,2026-1
33853,IEU2052,2,Exploraciones Urbanas,Figueroa Oscar,"M:5,6 CLAS A4",Estudios Urbanos,2026-1
29643,IEU2053,1,Taller de Gestión y Estrategias Territoriales (A+S),Gurdon Carole,"M:6 CLAS SIN SALA J:3,4 CLAS SIN SALA",Estudios Urbanos,2026-1
29646,IEU2062,1,La Ciudad: Historia y Procesos,Ibarra Macarena,"L:3,4 CLAS AP404",Estudios Urbanos,2026-1
29642,IEU2063,1,Planificación Urbana: Teoría y Método,Zapata María,"M:3,4 CLAS AP501",Estudios Urbanos,2026-1
29644,IEU2065,1,Técnicas de Representación Espacial,Guzman Simon,"V:3,4 CLAS SIN SALA",Estudios Urbanos,2026-1
29641,IEU2067,1,"Energía, Infraestructura y Territorio",Rodriguez Claudia,"V:3,4 CLAS R5",Estudios Urbanos,2026-1
33852,IEU2070,1,Exploraciones Urbanas: las Formas de la Ciudad,Moreno Daniel,"J:3,4 CLAS A_301",Estudios Urbanos,2026-1
32976,IEU2080,1,Futuros Urbanos 2100: Planificación Integrada para Ciudades Sostenibles y Resilientes,Guzman Pablo,"V:3,4 CLAS E13",Estudios Urbanos,2026-1
32977,IEU2080,2,Futuros Urbanos 2100: Planificación Integrada para Ciudades Sostenibles y Resilientes,Pedraza Pedro,"W:3,4 CLAS N15",Estudios Urbanos,2026-1
31904,IEU3025,1,Gestión de Proyectos Inmobiliarios,Contrucci Pablo,"V:5,6 CLAS SIN SALA",Estudios Urbanos,2026-1
32975,IEU3035,1,Gestión Público-Privada para el Desarrollo,Burgos Vicente,"V:8,9 CLAS SIN SALA",Estudios Urbanos,2026-1
14753,IEU3046,1,Legislación y Mecanismos Urbanos Aplicados,Zapata María,"V:8,9 CLAS SALA8_9",Estudios Urbanos,2026-1
26536,IEU3047,1,Cambio Climático y Planificación Urbano-Regional,Rugiero Vanessa,"J:3,4 CLAS SIN SALA",Estudios Urbanos,2026-1
32971,IEU3054,1,"Modernización Urbana en América Latina, 1940s - 2000s",Almandoz Arturo,"J:8,9 CLAS SIN SALA",Estudios Urbanos,2026-1
29630,IEU3065,1,La Ciudad y la Integración Social,Méndez María,"J:3,4 CLAS SALA8_9",Estudios Urbanos,2026-1
14542,IEU3084,1,Asentamientos Humanos y Desarrollo Sustentable,Rojas Carolina,"J:5,6 CLAS A-SALA3",Estudios Urbanos,2026-1
14545,IEU3085,1,Gestión Ambiental Urbana,Bergamini Kay,"V:3,4 CLAS SIN SALA",Estudios Urbanos,2026-1
14551,IEU3090,1,Tesis I,Link Felipe,"V:5,6 CLAS SALA8_9",Estudios Urbanos,2026-1
15422,IEU3091,1,Tesis II,Dirección Docente,: TES SIN SALA,Estudios Urbanos,2026-1
14772,IEU3092,1,Planificación del Desarrollo Urbano y Territorial,Vicuna Maria,"J:5,6 CLAS SALA8_9",Estudios Urbanos,2026-1
28047,IEU3200,1,Teoría y Ética de la Planificación Urbana,Vecchio Giovanni,"V:3,4 CLAS SALA8_9",Estudios Urbanos,2026-1
28049,IEU3201,1,Métodos de Análisis Urbano,Truffello Ricardo,"V:1,2 CLAS SIN SALA",Estudios Urbanos,2026-1
28048,IEU3202,1,Economía y Desarrollo Urbano,Moreno Daniel,"S:2,3 CLAS SALA8_9",Estudios Urbanos,2026-1
29632,IEU3205,1,Taller de Planificación Urbana,Guzman Pablo,"V:5,6,7 CLAS SIN SALA",Estudios Urbanos,2026-1
29634,IEU3206,1,Plan de Intervención Urbana,Dirección Docente,: CLAS SIN SALA,Estudios Urbanos,2026-1
29626,IEU3209,1,"Infraestructuras, Redes y Equipamientos Urbanos",Vecchio Giovanni,"W:5,6 CLAS SALA8_9",Estudios Urbanos,2026-1
29645,IEU3211,1,Práctica Profesional Planificación Urbana,Bergamini Kay,: CLAS SIN SALA,Estudios Urbanos,2026-1
29628,IEU3212,1,Taller de Planificación Urbana Estratégica,Moris Roberto,"M:4 CLAS SIN SALA J:1,2 CLAS SIN SALA",Estudios Urbanos,2026-1
29631,IEU3215,1,Legislación y Normativa Ambiental: Teoría y Práctica para la Aplicación en Gestión Ambiental,Ibarra Emanuel,"J:8,9 CLAS SIN SALA",Estudios Urbanos,2026-1
32973,IEU3219,1,"Ia, Big Data y Estudios Urbanos: Evaluación Crítica para la Planificación Territorial",Truffello Ricardo,"W:6,7 CLAS SIN SALA",Estudios Urbanos,2026-1
32974,IEU3220,1,"Resiliencia Urbana: Teorías, Estrategias y Prácticas",Moris Roberto,"W:8,9 CLAS SIN SALA",Estudios Urbanos,2026-1
14556,IEU4001,1,Teoria y Evolucion de la Ciudad y el Territorio,Link Felipe,"V:3,4 CLAS SIN SALA",Estudios Urbanos,2026-1
30415,IEU5000,1,"Chilean Identity in Concrete Images: Urban, Social and Cultural Processes","Méndez María, Ibarra Macarena","W:6,7 CLAS SIN SALA",Estudios Urbanos,2026-1
15309,ESO008,1,Folklore Chileno,Cortés Ignacia,M:5 CLAS ED111 J:2 CLAS N18,Estética,2026-1
33673,ESO008,2,Folklore Chileno,Cortés Ignacia,"W:2,3 CLAS AUDITORIO",Estética,2026-1
25250,ESO013,1,El Cuerpo en la Historia del Arte,Droguett Rosa,"W:5,6 CLAS N15",Estética,2026-1
29912,ESO013,2,El Cuerpo en la Historia del Arte,Droguett Rosa,"J:3,4 CLAS MOSCATTI",Estética,2026-1
33658,ESO013,3,El Cuerpo en la Historia del Arte,Droguett Rosa,"V:3,4 CLAS AUD GASTON",Estética,2026-1
31525,ESO015,1,Estética y Técnica,Vega Francisco,"M:2,3 CLAS AP201",Estética,2026-1
33899,ESO018,1,Introducción a la Estética y Estudios de la Cultura,Vega Francisco,"W:3,4 CLAS AP404",Estética,2026-1
10166,ESO235C,1,Introducción a la Gestión Cultural,Pantoja Romina,"V:2,3 CLAS TALLER9",Estética,2026-1
33674,ESO236B,1,Introducción al Arte Contemporaneo,Galaz Gaspar,"W:2,3 CLAS AUD GASTON",Estética,2026-1
31526,ESO2811,1,Arte y Pensamiento Oriental,Ramos Berenice,"W:5,6 CLAS N14",Estética,2026-1
33676,EST008E,1,Taller de Escritura Autobiografica,Amaro Lorena,"L:6,7 CLAS SALA-32",Estética,2026-1
10269,EST210A,1,Fundamentos de la Estética,Bentancor Orlando,"M:3,4 CLAS AUD GASTON",Estética,2026-1
10261,EST210A,2,Fundamentos de la Estética,Vega Francisco,"M:5,6 CLAS AUD-41",Estética,2026-1
10250,EST210A,3,Fundamentos de la Estética,Vega Francisco,"L:2,3 CLAS AP401",Estética,2026-1
10281,EST211A,1,Estetica Clasica,Cadahia María,"L:2,3 CLAS A_FIDEL_S",Estética,2026-1
33648,EST212A,1,Estetica Moderna,Cadahia María,"L:5,6 CLAS AUD GASTON",Estética,2026-1
10291,EST213A,1,Estetica Contemporanea,Alvarez Angel,"J:5,6 CLAS AUD GASTON",Estética,2026-1
10300,EST220B,1,Cosmovisiones y Producción Simbólica,Harris Ronald,"W:5,6 CLAS AUD GASTON",Estética,2026-1
10312,EST222B,1,Arte Chileno y Americano I,Cofre Claudia,"V:2,3 CLAS A_FIDEL_S",Estética,2026-1
10321,EST230C,1,Experiencia Estetica y Cultura Tradicional,Lira Claudia,"J:3,4 CLAS AUD GASTON",Estética,2026-1
10331,EST232C,1,Arte y Medios de Comunicacion Masiva,Valenzuela Sebastián,"W:2,3 CLAS A_FIDEL_S",Estética,2026-1
10340,EST240D,1,Estetica de las Artes Visuales,Cofre Claudia,"L:5,6 CLAS A_FIDEL_S",Estética,2026-1
27726,EST243D,1,Estetica de la Fotografia,Concha Jose,"M:5,6 CLAS AUD GASTON",Estética,2026-1
27727,EST244D,1,Estetica de la Arquitectura y Diseno,Harris Ronald,"J:6,7 CLAS AUD_CGONZA",Estética,2026-1
33649,EST250E,1,Critica de Cine,Corro Pablo,"M:7,8 CLAS AUD_CGONZA",Estética,2026-1
10377,EST251E,1,Critica Literaria,Espinosa Patricia,"M:2,3 CLAS TALLER9",Estética,2026-1
29898,EST260F,1,Seminario Tutorial,De los Rios Valeria,"J:1,2 CLAS AUD_CGONZA",Estética,2026-1
20310,EST3000,1,Estética Fundamental,Dominguez Roman,"W:8,9 CLAS A_FIDEL_S",Estética,2026-1
10391,EST3100,1,Espistemología Estética Americana,Dragnic Mia,"L:8,9 CLAS A_FIDEL_S",Estética,2026-1
24652,EST3110,1,Aproximación en las Estéticas Americanas,Lira Claudia,"M:8,9 CLAS A_FIDEL_S",Estética,2026-1
10420,EST4100,1,Tesis I,Dirección Docente,: CLAS SIN SALA,Estética,2026-1
29862,EST5220,1,Monográfico de Cine,Dominguez Roman,"J:8,9 CLAS AUD_LCERE",Estética,2026-1
29857,EST6000,1,Historia Crítica del Cine,Araneda Víctor,"L:8,9 CLAS AUD GASTON",Estética,2026-1
29860,EST6300,1,Estéticas del Cine Chileno,Corro Pablo,"J:8,9 CLAS AUD GASTON",Estética,2026-1
29676,EST6700,1,Cine y Filosofía,Vega Francisco,"W:8,9 CLAS AUD GASTON",Estética,2026-1
29863,EST7100,1,Tesis I,Dirección Docente,: TAL,Estética,2026-1
33586,EST7200,1,Tesis II,Dirección Docente,: TAL,Estética,2026-1
27393,ESM01FL,1,Filosofía y Ética,"Gimenez Constanza, Guzmán Betzabeth",:2 CLAS SIN SALA,Filosofía,2026-1
27394,ESM01FL,2,Filosofía y Ética,"Morales Paulina, Guzmán Betzabeth",:2 CLAS SIN SALA,Filosofía,2026-1
27395,ESM01FL,3,Filosofía y Ética,Guzmán Betzabeth,:2 CLAS SIN SALA,Filosofía,2026-1
27396,ESM01FL,4,Filosofía y Ética,"Nuñez Rodrigo, Guzmán Betzabeth",:2 CLAS SIN SALA,Filosofía,2026-1
27397,ESM01FL,5,Filosofía y Ética,"Aldea Rodolfo, Guzmán Betzabeth",:3 CLAS SIN SALA,Filosofía,2026-1
27398,ESM01FL,6,Filosofía y Ética,"Gimenez Constanza, Guzmán Betzabeth",:3 CLAS SIN SALA,Filosofía,2026-1
27399,ESM01FL,7,Filosofía y Ética,"Morales Paulina, Guzmán Betzabeth",:3 CLAS SIN SALA,Filosofía,2026-1
27400,ESM01FL,8,Filosofía y Ética,Guzmán Betzabeth,:3 CLAS SIN SALA,Filosofía,2026-1
34103,ESM01FL,9,Filosofía y Ética,"Nuñez Rodrigo, Guzmán Betzabeth",: CLAS SIN SALA,Filosofía,2026-1
28916,ESM03FL,1,Razonamiento Lógico y Pensamiento Crítico,"Álvarez Benjamín, Guzmán Betzabeth",:1 CLAS SIN SALA :3 CLAS SIN SALA,Filosofía,2026-1
28917,ESM03FL,2,Razonamiento Lógico y Pensamiento Crítico,"Chibey Tamara, Guzmán Betzabeth",: CLAS SIN SALA,Filosofía,2026-1
28918,ESM03FL,3,Razonamiento Lógico y Pensamiento Crítico,"Ventura Dino, Guzmán Betzabeth",: CLAS SIN SALA,Filosofía,2026-1
28919,ESM03FL,4,Razonamiento Lógico y Pensamiento Crítico,"Aldea Rodolfo, Guzmán Betzabeth",: CLAS SIN SALA,Filosofía,2026-1
28920,ESM03FL,5,Razonamiento Lógico y Pensamiento Crítico,"Álvarez Benjamín, Guzmán Betzabeth",: CLAS SIN SALA,Filosofía,2026-1
28921,ESM03FL,6,Razonamiento Lógico y Pensamiento Crítico,"Chibey Tamara, Guzmán Betzabeth",: CLAS SIN SALA,Filosofía,2026-1
28922,ESM03FL,7,Razonamiento Lógico y Pensamiento Crítico,"Ventura Dino, Guzmán Betzabeth",: CLAS SIN SALA,Filosofía,2026-1
22989,FIL002,1,Aristóteles,Marambio Francisco,M-J:3 CLAS R3,Filosofía,2026-1
25064,FIL004,1,Descartes,Pricladnitzky Pedro,M-J:4 CLAS R5,Filosofía,2026-1
11277,FIL005,1,Kant,Mudd Alexandra,M-J:3 CLAS R5,Filosofía,2026-1
11285,FIL007,1,Husserl,Cabrera Celia,M-J:4 CLAS R4,Filosofía,2026-1
26258,FIL008,1,Wittgenstein,Fermandois Eduardo,M-J:3 CLAS R2,Filosofía,2026-1
11293,FIL011,1,Lógica,Correia Manuel,L-V:2 CLAS C405,Filosofía,2026-1
20751,FIL013,1,Antropología Filosófica,(Sin Profesores),M-J:4 CLAS C506,Filosofía,2026-1
11307,FIL014,1,Metafísica,Mittelmann Jorge,L-V:3 CLAS R3,Filosofía,2026-1
26207,FIL018,1,Filosofía Política,Santander Claudio,M-J:2 CLAS R4,Filosofía,2026-1
20753,FIL019,1,Filosofía Social,Santander Claudio,L-W:5 CLAS CS202,Filosofía,2026-1
20754,FIL021,1,Historia de la Filosofía Antigua,Covarrubias Andres,M-J:3 CLAS C508,Filosofía,2026-1
20755,FIL023,1,Historia de la Filosofía Moderna,Pricladnitzky Pedro,L-V:2 CLAS R2,Filosofía,2026-1
20752,FIL026,1,Introducción a la Filosofía,Mudd Alexandra,M-J:2 CLAS K304,Filosofía,2026-1
30954,FIL026,2,Introducción a la Filosofía,Núñez Carlos,M-J:2 CLAS C511,Filosofía,2026-1
30955,FIL026,3,Introducción a la Filosofía,Silva Trinidad,M-J:2 CLAS FT-105,Filosofía,2026-1
25068,FIL027,1,Teoría del Conocimiento,Correia Manuel,M-J:2 CLAS R2,Filosofía,2026-1
13247,FIL109T,1,Introducción a la Filosofía,Faundez Juan,"L:3,4 CLAS K302",Filosofía,2026-1
13250,FIL111T,1,Logica,Irusta Alejandro,L-V:1 CLAS K307,Filosofía,2026-1
18187,FIL112T,1,Teoria del Conocimiento,Torres Jorge,M-J:3 CLAS C301,Filosofía,2026-1
13260,FIL115T,1,Filosofia Social,Montecinos María,M-J:3 CLAS AP602,Filosofía,2026-1
13271,FIL119T,1,Historia de la Filosofia Antigua,Covarrubias Andres,M-J:2 CLAS C508,Filosofía,2026-1
13279,FIL122T,1,Historia de la Filosofia Moderna,Gonzalez Miguel,M-J:1 CLAS S14,Filosofía,2026-1
13312,FIL166,1,Tesis de Grado,Dirección Docente,: CLAS SIN SALA,Filosofía,2026-1
25070,FIL167,1,Seminario de Filosofía Optativo a,Nuñez Rodrigo,M-J:6 CLAS AP008,Filosofía,2026-1
25071,FIL167,2,Seminario de Filosofía Optativo a,Contreras Beatriz,M-J:5 CLAS AUD_FIL,Filosofía,2026-1
30510,FIL167,3,Seminario de Filosofía Optativo a,Fermandois Eduardo,L-W:6 CLAS AP008,Filosofía,2026-1
30964,FIL167,4,Seminario de Filosofía Optativo a,Boeri Marcelo,L-W:3 CLAS SEM-4,Filosofía,2026-1
30965,FIL167,5,Seminario de Filosofía Optativo a,Becker Martin,L-W:5 CLAS SEM_4_P4,Filosofía,2026-1
33492,FIL167,6,Seminario de Filosofía Optativo a,Chávez Pamela,"V:2,3 CLAS SEM_1_P2",Filosofía,2026-1
33515,FIL167,7,Seminario de Filosofía Optativo a,Núñez Carlos,L-W:2 CLAS SEM_1_P2,Filosofía,2026-1
33541,FIL167,8,Seminario de Filosofía Optativo a,Eremiev Boris,L-W:7 CLAS S19,Filosofía,2026-1
33543,FIL167,9,Seminario de Filosofía Optativo a,Lombardi Sofia,M-J:7 CLAS AUD_FIL,Filosofía,2026-1
30966,FIL175,1,Seminario de Grado I,Mittelmann Jorge,M-J:5 CLAS SEM_1_P4,Filosofía,2026-1
23696,FIL185P,1,Ética para Psicología,Garcia-Huidobro Vicente,"V:3,4 CLAS AE207 V:5 AYU CS301",Filosofía,2026-1
23697,FIL185P,2,Ética para Psicología,Munoz Enrique,"V:3,4 CLAS AE209 V:5 AYU FT-101",Filosofía,2026-1
25079,FIL2000,1,Ética Aplicada a Inteligencia Artificial,Arriagada Gabriela,"J:7,8,9 CLAS SIN SALA",Filosofía,2026-1
23819,FIL2001,1,Filosofía: ¿Para Qué?,Estay Camilo,L-W:1 CLAS AP303,Filosofía,2026-1
25173,FIL2001,2,Filosofía: ¿Para Qué?,Olivares Cristóbal,L-W:1 CLAS R5,Filosofía,2026-1
25175,FIL2001,3,Filosofía: ¿Para Qué?,Toscano Daniel,L-W:1 CLAS R2,Filosofía,2026-1
25179,FIL2001,4,Filosofía: ¿Para Qué?,Montecinos María,L-W:1 CLAS AP302,Filosofía,2026-1
25184,FIL2001,5,Filosofía: ¿Para Qué?,Vergara Fernando,L-W:1 CLAS R3,Filosofía,2026-1
25189,FIL2001,6,Filosofía: ¿Para Qué?,Wende Matias,L-W:1 CLAS CS201,Filosofía,2026-1
25190,FIL2001,7,Filosofía: ¿Para Qué?,Riquelme Pedro,L-W:1 CLAS FT-102,Filosofía,2026-1
25191,FIL2001,8,Filosofía: ¿Para Qué?,Barraza Carlos,L-W:1 CLAS E14,Filosofía,2026-1
26605,FIL2001,9,Filosofía: ¿Para Qué?,Munoz Enrique,L-W:1 CLAS E13,Filosofía,2026-1
26606,FIL2001,10,Filosofía: ¿Para Qué?,Guzmán Betzabeth,M-J:1 CLAS N13-B,Filosofía,2026-1
26608,FIL2001,11,Filosofía: ¿Para Qué?,Gimenez Constanza,M-J:1 CLAS N16-B,Filosofía,2026-1
26609,FIL2001,12,Filosofía: ¿Para Qué?,Hernández Cristian,M-J:1 CLAS N15,Filosofía,2026-1
26610,FIL2001,13,Filosofía: ¿Para Qué?,Toscano Daniel,M-J:1 CLAS A6,Filosofía,2026-1
26611,FIL2001,14,Filosofía: ¿Para Qué?,Munoz Enrique,M-J:1 CLAS N3,Filosofía,2026-1
26612,FIL2001,15,Filosofía: ¿Para Qué?,Ponzoni Federico,M-J:1 CLAS N16-A,Filosofía,2026-1
26613,FIL2001,16,Filosofía: ¿Para Qué?,Vergara Fernando,M-J:1 CLAS N8,Filosofía,2026-1
26615,FIL2001,18,Filosofía: ¿Para Qué?,Rivas Matías,M-J:1 CLAS N13-A,Filosofía,2026-1
26616,FIL2001,19,Filosofía: ¿Para Qué?,Wende Matias,M-J:1 CLAS AP202,Filosofía,2026-1
26617,FIL2001,20,Filosofía: ¿Para Qué?,Gazmuri Maria,M-J:1 CLAS N4,Filosofía,2026-1
26618,FIL2001,21,Filosofía: ¿Para Qué?,Irusta Alejandro,L-W:4 CLAS AP203,Filosofía,2026-1
26620,FIL2001,22,Filosofía: ¿Para Qué?,Morales David,L-W:4 CLAS CS203,Filosofía,2026-1
26622,FIL2001,23,Filosofía: ¿Para Qué?,De la Maza Luis,L-W:4 CLAS CS201,Filosofía,2026-1
26624,FIL2001,24,Filosofía: ¿Para Qué?,Contreras Beatriz,M-J:4 CLAS AP203,Filosofía,2026-1
26625,FIL2001,25,Filosofía: ¿Para Qué?,Schiavetti Camila,M-J:4 CLAS CS204,Filosofía,2026-1
26626,FIL2001,26,Filosofía: ¿Para Qué?,Wende Matias,M-J:4 CLAS CS304,Filosofía,2026-1
27128,FIL2001,27,Filosofía: ¿Para Qué?,Frias Rodrigo,M-J:4 CLAS C200,Filosofía,2026-1
27184,FIL2001,28,Filosofía: ¿Para Qué?,Gazmuri Maria,M-J:4 CLAS N12,Filosofía,2026-1
28742,FIL2001,29,Filosofía: ¿Para Qué?,Irusta Alejandro,L-W:6 CLAS A2,Filosofía,2026-1
28743,FIL2001,30,Filosofía: ¿Para Qué?,Chibey Tamara,L-W:6 CLAS AE204,Filosofía,2026-1
28744,FIL2001,31,Filosofía: ¿Para Qué?,Estay Camilo,L-W:6 CLAS D306,Filosofía,2026-1
28745,FIL2001,32,Filosofía: ¿Para Qué?,Hernández Cristian,L-W:6 CLAS N16-B,Filosofía,2026-1
28746,FIL2001,33,Filosofía: ¿Para Qué?,Schiavetti Camila,L-W:6 CLAS AP203,Filosofía,2026-1
28747,FIL2001,34,Filosofía: ¿Para Qué?,Morales David,L-W:6 CLAS D304,Filosofía,2026-1
28748,FIL2001,35,Filosofía: ¿Para Qué?,Toscano Daniel,L-W:6 CLAS N7,Filosofía,2026-1
28749,FIL2001,36,Filosofía: ¿Para Qué?,Ventura Dino,L-W:6 CLAS D203,Filosofía,2026-1
28750,FIL2001,37,Filosofía: ¿Para Qué?,Burlando Giannina,L-W:6 CLAS N8,Filosofía,2026-1
28751,FIL2001,38,Filosofía: ¿Para Qué?,Gonzalez Miguel,L-W:6 CLAS N3,Filosofía,2026-1
28752,FIL2001,39,Filosofía: ¿Para Qué?,Carrillo Luis,L-W:6 CLAS CS202,Filosofía,2026-1
28753,FIL2001,40,Filosofía: ¿Para Qué?,Irusta Alejandro,M-J:6 CLAS AP203,Filosofía,2026-1
28797,FIL2001,41,Filosofía: ¿Para Qué?,Chibey Tamara,M-J:6 CLAS AP302,Filosofía,2026-1
28798,FIL2001,42,Filosofía: ¿Para Qué?,Gimenez Constanza,M-J:6 CLAS AP202,Filosofía,2026-1
28799,FIL2001,43,Filosofía: ¿Para Qué?,Hernández Cristian,M-J:6 CLAS N6,Filosofía,2026-1
29016,FIL2001,44,Filosofía: ¿Para Qué?,Schiavetti Camila,M-J:6 CLAS N8,Filosofía,2026-1
30442,FIL2001,45,Filosofía: ¿Para Qué?,Munoz Enrique,M-J:6 CLAS N5,Filosofía,2026-1
30443,FIL2001,46,Filosofía: ¿Para Qué?,Montecinos María,M-J:6 CLAS CS202,Filosofía,2026-1
30444,FIL2001,47,Filosofía: ¿Para Qué?,Morales Paulina,L-W:6 CLAS MS-1,Filosofía,2026-1
30446,FIL2001,49,Filosofía: ¿Para Qué?,Frias Rodrigo,L-W:1 CLAS AUD_203,Filosofía,2026-1
30447,FIL2001,50,Filosofía: ¿Para Qué?,Olivares Cristóbal,L:4 CLAS AUD_201 W:4 CLAS AUD_202,Filosofía,2026-1
30448,FIL2001,51,Filosofía: ¿Para Qué?,Olivares Cristóbal,M-J:6 CLAS AUD_203,Filosofía,2026-1
30449,FIL2001,52,Filosofía: ¿Para Qué?,Barraza Carlos,M-J:6 CLAS AUD_201,Filosofía,2026-1
30450,FIL2001,53,Filosofía: ¿Para Qué?,Vicuña Ana,"W:5,6 CLAS AUD_S",Filosofía,2026-1
30451,FIL2001,54,Filosofía: ¿Para Qué?,Morales David,L-W:1 CLAS A-SALA17,Filosofía,2026-1
30452,FIL2001,55,Filosofía: ¿Para Qué?,Martinic Luis,M-J:1 CLAS A-SALA17,Filosofía,2026-1
30453,FIL2001,56,Filosofía: ¿Para Qué?,Lombardo Patricio,M-J:6 CLAS N2,Filosofía,2026-1
30454,FIL2001,57,Filosofía: ¿Para Qué?,Riquelme Pedro,M-J:6 CLAS N15,Filosofía,2026-1
34021,FIL2001,58,Filosofía: ¿Para Qué?,Frias Rodrigo,M-J:6 CLAS N18,Filosofía,2026-1
34022,FIL2001,59,Filosofía: ¿Para Qué?,Gazmuri Maria,M-J:6 CLAS N4,Filosofía,2026-1
30486,FIL2002,1,Ética: ¿Cómo Deberíamos Vivir?,Marambio Francisco,M-J:4 CLAS R2,Filosofía,2026-1
28763,FIL2003,1,"Verdad, Bien y Belleza",Orrego Santiago,M-J:5 CLAS N13-B,Filosofía,2026-1
28764,FIL2005,1,De Homero a Facebook: Filosofía de la Tecnología,Ponzoni Federico,W-V:3 CLAS R2,Filosofía,2026-1
28765,FIL2006,1,Introducción a la Argumentación,Castaneda Felipe,L-W:3 CLAS R4,Filosofía,2026-1
28766,FIL2006,2,Introducción a la Argumentación,Castaneda Felipe,L-W:4 CLAS R4,Filosofía,2026-1
13614,FIL213T,1,Filosofia de la Religion,Chávez Pamela,M-J:2 CLAS FT-104,Filosofía,2026-1
13733,FIL214,1,Fundamentos Filosóficos de la Psicología,Hernández Cristian,"L:3,4 CLAS C502 L:5 AYU AE207",Filosofía,2026-1
13651,FIL214,2,Fundamentos Filosóficos de la Psicología,Garcia-Huidobro Vicente,"W:5,6 CLAS D101 V:2 AYU C404",Filosofía,2026-1
13748,FIL214,3,Fundamentos Filosóficos de la Psicología,Ulloa Matías,"J:6,7 CLAS R5 V:2 AYU R3",Filosofía,2026-1
31929,FIL4456,1,Filosofia del Conocimiento,Flores Luis,"M:2,3 CLAS A-SALA1",Filosofía,2026-1
23181,FIL7002,1,Seminario Filosofía I,Vicuna Emilio,"J:2,3 CLAS SEM-4",Filosofía,2026-1
23184,FIL7002,2,Seminario Filosofía I,Boeri Marcelo,"M:2,3 CLAS SEM-4",Filosofía,2026-1
23187,FIL7003,1,Seminario Filosofía II,Vicuna Emilio,"J:2,3 CLAS SEM-4",Filosofía,2026-1
23191,FIL7003,2,Seminario Filosofía II,Boeri Marcelo,"M:2,3 CLAS SEM-4",Filosofía,2026-1
23239,FIL7011,1,Grupo de Investigación I,"Núñez Carlos, Gazmuri Maria",M:5 CLAS SEM-4,Filosofía,2026-1
23566,FIL7011,2,Grupo de Investigación I,Dirección Docente,:5 CLAS SEM-4,Filosofía,2026-1
34124,FIL7011,3,Grupo de Investigación I,"Silva Trinidad, Torres Jorge",J:4 CLAS SIN SALA,Filosofía,2026-1
23613,FIL7013,1,Grupo de Investigación III,"Núñez Carlos, Gazmuri Maria",M:5 CLAS SEM-4,Filosofía,2026-1
23614,FIL7013,2,Grupo de Investigación III,Dirección Docente,:5 CLAS SEM-4,Filosofía,2026-1
34125,FIL7013,3,Grupo de Investigación III,"Silva Trinidad, Torres Jorge",J:4 CLAS SIN SALA,Filosofía,2026-1
23570,FIL9201,1,Curso Tutorial,Arriagada Gabriela,: CLAS SIN SALA,Filosofía,2026-1
23571,FIL9201,2,Curso Tutorial,Dirección Docente,: CLAS SIN SALA,Filosofía,2026-1
23577,FIL9201,3,Curso Tutorial,Page Olof,: CLAS SIN SALA,Filosofía,2026-1
23579,FIL9201,4,Curso Tutorial,Silva Trinidad,:8 CLAS SIN SALA,Filosofía,2026-1
33912,FIL9201,5,Curso Tutorial,Arancibia Fernando,:7 CLAS SIN SALA,Filosofía,2026-1
23297,FIL9220,1,Examen de Candidatura Doctoral,Arriagada Gabriela,: CLAS SIN SALA,Filosofía,2026-1
23299,FIL9220,2,Examen de Candidatura Doctoral,Dirección Docente,:8 CLAS SIN SALA,Filosofía,2026-1
23300,FIL9220,3,Examen de Candidatura Doctoral,Page Olof,:8 CLAS SIN SALA,Filosofía,2026-1
23301,FIL9220,4,Examen de Candidatura Doctoral,Silva Trinidad,:8 CLAS SIN SALA,Filosofía,2026-1
33913,FIL9220,5,Examen de Candidatura Doctoral,Arancibia Fernando,:7 CLAS SIN SALA,Filosofía,2026-1
24965,FIL9230,1,Actividad Anual de Seguimiento I,Orrego Santiago,: CLAS SIN SALA,Filosofía,2026-1
24966,FIL9230,2,Actividad Anual de Seguimiento I,Potesta Andrea,: CLAS SIN SALA,Filosofía,2026-1
24969,FIL9230,3,Actividad Anual de Seguimiento I,De la Maza Luis,: CLAS SIN SALA,Filosofía,2026-1
24971,FIL9230,4,Actividad Anual de Seguimiento I,Mittelmann Jorge,: CLAS SIN SALA,Filosofía,2026-1
34175,FIL9230,5,Actividad Anual de Seguimiento I,Vicuna Emilio,: CLAS SIN SALA,Filosofía,2026-1
34177,FIL9230,6,Actividad Anual de Seguimiento I,Munoz Enrique,: CLAS SIN SALA,Filosofía,2026-1
27230,FIL9231,1,Actividad Anual de Seguimiento II,Mudd Alexandra,: CLAS SIN SALA,Filosofía,2026-1
27231,FIL9231,2,Actividad Anual de Seguimiento II,Vicuna Emilio,: CLAS SIN SALA,Filosofía,2026-1
27232,FIL9231,3,Actividad Anual de Seguimiento II,Munoz Enrique,: CLAS SIN SALA,Filosofía,2026-1
27233,FIL9231,4,Actividad Anual de Seguimiento II,De la Maza Luis,: CLAS SIN SALA,Filosofía,2026-1
23255,FIL9240,1,Autoría Artículo Científico o Patente,Dirección Docente,: CLAS SIN SALA,Filosofía,2026-1
23257,FIL9241,1,Pasantía,Dirección Docente,: CLAS SIN SALA,Filosofía,2026-1
23306,FIL9300,1,Proyecto de Tesis,Arriagada Gabriela,:8 CLAS SIN SALA,Filosofía,2026-1
23308,FIL9300,2,Proyecto de Tesis,Dirección Docente,:8 CLAS SIN SALA,Filosofía,2026-1
23587,FIL9300,3,Proyecto de Tesis,Page Olof,:8 CLAS SIN SALA,Filosofía,2026-1
23588,FIL9300,4,Proyecto de Tesis,Silva Trinidad,:8 CLAS SIN SALA,Filosofía,2026-1
33917,FIL9300,5,Proyecto de Tesis,Arancibia Fernando,:7 CLAS SIN SALA,Filosofía,2026-1
23616,FIL9311,1,Monografía de Magíster,Dirección Docente,: CLAS SIN SALA,Filosofía,2026-1
24976,FIL9410,1,Tesis II,Orrego Santiago,: CLAS SIN SALA,Filosofía,2026-1
24977,FIL9410,2,Tesis II,Potesta Andrea,: CLAS SIN SALA,Filosofía,2026-1
24978,FIL9410,3,Tesis II,De la Maza Luis,: CLAS SIN SALA,Filosofía,2026-1
24979,FIL9410,4,Tesis II,Mittelmann Jorge,: CLAS SIN SALA,Filosofía,2026-1
34176,FIL9410,5,Tesis II,Vicuna Emilio,: CLAS SIN SALA,Filosofía,2026-1
34178,FIL9410,6,Tesis II,Munoz Enrique,: CLAS SIN SALA,Filosofía,2026-1
27220,FIL9430,1,Tesis IV,Mudd Alexandra,: CLAS SIN SALA,Filosofía,2026-1
27222,FIL9430,2,Tesis IV,Vicuna Emilio,: CLAS SIN SALA,Filosofía,2026-1
27223,FIL9430,3,Tesis IV,Munoz Enrique,: CLAS SIN SALA,Filosofía,2026-1
27224,FIL9430,4,Tesis IV,De la Maza Luis,: CLAS SIN SALA,Filosofía,2026-1
27370,ESM02FS,1,Física I,"Rica Sergio, Cisternas Marcelo, Garcia Griselda",: CLAS SIN SALA,Física,2026-1
27371,ESM02FS,2,Física I,"Diaz Donovan, Cisternas Marcelo, Garcia Griselda",: CLAS SIN SALA,Física,2026-1
27372,ESM02FS,3,Física I,"Bhuyan Heman, Cisternas Marcelo, Garcia Griselda",: CLAS SIN SALA,Física,2026-1
27373,ESM02FS,4,Física I,"Varas Alejandro, Cisternas Marcelo, Garcia Griselda",: CLAS SIN SALA,Física,2026-1
27374,ESM02FS,5,Física I,"Meza Andres, Cisternas Marcelo, Garcia Griselda",: CLAS SIN SALA,Física,2026-1
27375,ESM02FS,6,Física I,"Teca Diego, Cisternas Marcelo, Garcia Griselda",: CLAS SIN SALA,Física,2026-1
27376,ESM02FS,7,Física I,"Mejia Jose, Cisternas Marcelo, Garcia Griselda",: CLAS SIN SALA,Física,2026-1
27377,ESM02FS,9,Física I,"Diaz Donovan, Garcia Griselda",: CLAS SIN SALA,Física,2026-1
30580,ESM03FS,1,Física II,"Diaz Donovan, Garcia Griselda",: CLAS SIN SALA,Física,2026-1
33540,FIM3013,1,"Dft: Fundamentos Teóricos, Herramientas Computacionales y Aplicaciones en Materiales",Mejia Jose,L-W:6 CLAS SEM 2,Física,2026-1
31566,FIM3031,1,Electrónica para Físicos II,Gonzalez Claudio,"M:1,2 CLAS SIN SALA",Física,2026-1
28080,FIM3120,1,Teoría Cuántica de Campos II,Munoz Enrique,L-W:3 CLAS SIN SALA V:3 AYU SIN SALA,Física,2026-1
33539,FIM3431,1,Métodos de Física-Matemática Avanzados,De Nittis Giuseppe,L-W:5 CLAS SEM 2,Física,2026-1
33537,FIM4021,1,Técnicas Monte Carlo para Transporte de Partículas,Russomando Andrea,"M:5,6 CLAS SIN SALA",Física,2026-1
16968,FIM8203,1,Actividad Anual de Seguimiento I,Dirección Docente,: CLAS SIN SALA,Física,2026-1
18917,FIM8204,1,Actividad Anual de Seguimiento II,Dirección Docente,: CLAS SIN SALA,Física,2026-1
23849,FIM8300,1,Autoría Artículo Científico o Patente,Dirección Docente,: CLAS SIN SALA,Física,2026-1
29780,FIM8351,1,Óptica Moderna y Fotónica,Wallentowitz Sascha,L-W:2 CLAS SIN SALA,Física,2026-1
14240,FIM8440,1,Mecánica Cuántica Avanzada I,Faraggi Alberto,M-J:4 CLAS SIN SALA,Física,2026-1
29046,FIM8610,1,Exámen de Candidatura,Cottin Giovanna,: CLAS SIN SALA,Física,2026-1
29754,FIM8610,2,Exámen de Candidatura,Seifert Birger,: CLAS SIN SALA,Física,2026-1
29958,FIM8610,3,Exámen de Candidatura,Valenzuela Julio,: CLAS SIN SALA,Física,2026-1
30031,FIM8610,4,Exámen de Candidatura,Garay Francisca,: CLAS SIN SALA,Física,2026-1
30399,FIM8610,5,Exámen de Candidatura,Clocchiatti Alejandro,: CLAS SIN SALA,Física,2026-1
30604,FIM8610,6,Exámen de Candidatura,Valenzuela Julio,: CLAS SIN SALA,Física,2026-1
30607,FIM8610,7,Exámen de Candidatura,Faraggi Alberto,: CLAS SIN SALA,Física,2026-1
32118,FIM8610,8,Exámen de Candidatura,During Gustavo,: CLAS SIN SALA,Física,2026-1
32120,FIM8610,9,Exámen de Candidatura,Stockmeyer Edgardo,: CLAS SIN SALA,Física,2026-1
32121,FIM8610,10,Exámen de Candidatura,De Nittis Giuseppe,: CLAS SIN SALA,Física,2026-1
32127,FIM8610,11,Exámen de Candidatura,Por Fijar,: CLAS SIN SALA,Física,2026-1
30638,FIM8611,1,Tesis de Doctorado I,Bañados Maximo,: CLAS SIN SALA,Física,2026-1
31407,FIM8611,2,Tesis de Doctorado I,Russomando Andrea,: CLAS SIN SALA,Física,2026-1
29558,FIM8612,1,Tesis de Doctorado II,Mejia Jose,: CLAS SIN SALA,Física,2026-1
31410,FIM8612,2,Tesis de Doctorado II,Bañados Maximo,: CLAS SIN SALA,Física,2026-1
31411,FIM8612,3,Tesis de Doctorado II,Caprile Paola,: CLAS SIN SALA,Física,2026-1
31412,FIM8612,4,Tesis de Doctorado II,Cottin Giovanna,: CLAS SIN SALA,Física,2026-1
31413,FIM8612,5,Tesis de Doctorado II,Goyeneche Dardo,: CLAS SIN SALA,Física,2026-1
31415,FIM8612,6,Tesis de Doctorado II,Maze Jeronimo,: CLAS SIN SALA,Física,2026-1
31416,FIM8612,7,Tesis de Doctorado II,Faraggi Alberto,: CLAS SIN SALA,Física,2026-1
33554,FIM8612,8,Tesis de Doctorado II,Stockmeyer Edgardo,: CLAS SIN SALA,Física,2026-1
33555,FIM8612,9,Tesis de Doctorado II,Munoz Enrique,: CLAS SIN SALA,Física,2026-1
33556,FIM8612,10,Tesis de Doctorado II,Garay Francisca,: CLAS SIN SALA,Física,2026-1
33557,FIM8612,11,Tesis de Doctorado II,Sanchez Beatriz,: CLAS SIN SALA,Física,2026-1
31417,FIM8613,1,Tesis de Doctorado III,Munoz Enrique,: CLAS SIN SALA,Física,2026-1
33558,FIM8613,2,Tesis de Doctorado III,Faraggi Alberto,: CLAS SIN SALA,Física,2026-1
33559,FIM8613,3,Tesis de Doctorado III,During Gustavo,: CLAS SIN SALA,Física,2026-1
31418,FIM8614,1,Tesis de Doctorado IV,Mejia Jose,: CLAS SIN SALA,Física,2026-1
33560,FIM8614,2,Tesis de Doctorado IV,Soto Rodrigo,: CLAS SIN SALA,Física,2026-1
33561,FIM8614,3,Tesis de Doctorado IV,Bhuyan Heman,: CLAS SIN SALA,Física,2026-1
33562,FIM8614,4,Tesis de Doctorado IV,Bañados Maximo,: CLAS SIN SALA,Física,2026-1
33563,FIM8614,5,Tesis de Doctorado IV,Volkmann Ulrich,: CLAS SIN SALA,Física,2026-1
33564,FIM8614,6,Tesis de Doctorado IV,Seifert Birger,: CLAS SIN SALA,Física,2026-1
33565,FIM8615,1,Tesis de Doctorado V,Bañados Maximo,: CLAS SIN SALA,Física,2026-1
23829,FIM8772,1,Tesis de Magíster II,Goyeneche Dardo,: CLAS SIN SALA,Física,2026-1
31483,FIM8781,1,Tesis de Magíster I,Cottin Giovanna,: CLAS SIN SALA,Física,2026-1
31484,FIM8781,2,Tesis de Magíster I,Seifert Birger,: CLAS SIN SALA,Física,2026-1
31485,FIM8781,3,Tesis de Magíster I,Garay Francisca,: CLAS SIN SALA,Física,2026-1
31486,FIM8781,4,Tesis de Magíster I,Maldonado Melissa,: CLAS SIN SALA,Física,2026-1
31488,FIM8781,5,Tesis de Magíster I,Bañados Maximo,: CLAS SIN SALA,Física,2026-1
31684,FIM8781,6,Tesis de Magíster I,Faraggi Alberto,: CLAS SIN SALA,Física,2026-1
31804,FIM8781,7,Tesis de Magíster I,Soto Rodrigo,: CLAS SIN SALA,Física,2026-1
33567,FIM8782,1,Tesis de Magíster II,Bañados Maximo,: CLAS SIN SALA,Física,2026-1
33568,FIM8782,2,Tesis de Magíster II,Hevia Samuel,: CLAS SIN SALA,Física,2026-1
33569,FIM8782,3,Tesis de Magíster II,Munoz Enrique,: CLAS SIN SALA,Física,2026-1
33570,FIM8782,4,Tesis de Magíster II,Diaz Donovan,: CLAS SIN SALA,Física,2026-1
33572,FIM8782,5,Tesis de Magíster II,Goyeneche Dardo,: CLAS SIN SALA,Física,2026-1
33573,FIM8782,6,Tesis de Magíster II,Maze Jeronimo,: CLAS SIN SALA,Física,2026-1
33574,FIM8782,7,Tesis de Magíster II,Garay Francisca,: CLAS SIN SALA,Física,2026-1
30042,FIS0103,1,Física y Tecnología para Líderes de Opinión,Veloso Felipe,L-W:3 CLAS AP403,Física,2026-1
32003,FIS0109,1,Laboratorio de Física para Ciencias,Morales Luis,J:4 CLAS SIN SALA,Física,2026-1
26762,FIS0109,3,Laboratorio de Física para Ciencias,Morales Luis,W:3 LAB SIN SALA,Física,2026-1
26763,FIS0109,4,Laboratorio de Física para Ciencias,Morales Luis,W:2 LAB SIN SALA,Física,2026-1
14305,FIS0152,1,Laboratorio de Termodinámica,Morales Luis,L:3 LAB SIN SALA : LAB SIN SALA,Física,2026-1
26635,FIS0152,2,Laboratorio de Termodinámica,Morales Luis,M:1 LAB SIN SALA : LAB SIN SALA,Física,2026-1
26636,FIS0152,3,Laboratorio de Termodinámica,Morales Luis,W:2 LAB SIN SALA : LAB SIN SALA,Física,2026-1
26637,FIS0152,4,Laboratorio de Termodinámica,Morales Luis,J:1 LAB SIN SALA : LAB SIN SALA,Física,2026-1
26638,FIS0152,5,Laboratorio de Termodinámica,Morales Luis,V:3 LAB SIN SALA : LAB SIN SALA,Física,2026-1
26639,FIS0152,6,Laboratorio de Termodinámica,Morales Luis,L:4 LAB SIN SALA : LAB SIN SALA,Física,2026-1
26641,FIS0152,7,Laboratorio de Termodinámica,Morales Luis,M:2 LAB SIN SALA : LAB SIN SALA,Física,2026-1
26642,FIS0152,8,Laboratorio de Termodinámica,Morales Luis,W:4 LAB SIN SALA : LAB SIN SALA,Física,2026-1
26643,FIS0152,9,Laboratorio de Termodinámica,Morales Luis,J:5 LAB SIN SALA : LAB SIN SALA,Física,2026-1
26644,FIS0152,10,Laboratorio de Termodinámica,Morales Luis,V:4 LAB SIN SALA : LAB SIN SALA,Física,2026-1
26645,FIS0152,11,Laboratorio de Termodinámica,Morales Luis,L:5 LAB SIN SALA : LAB SIN SALA,Física,2026-1
26646,FIS0152,12,Laboratorio de Termodinámica,Morales Luis,M:5 LAB SIN SALA : LAB SIN SALA,Física,2026-1
27154,FIS0152,13,Laboratorio de Termodinámica,Morales Luis,L:1 LAB SIN SALA : LAB SIN SALA,Física,2026-1
14332,FIS0153,1,Laboratorio de Electricidad y Magnetismo,Morales Luis,L:2 LAB SIN SALA : LAB SIN SALA,Física,2026-1
26678,FIS0153,3,Laboratorio de Electricidad y Magnetismo,Morales Luis,M:4 LAB SIN SALA : LAB SIN SALA,Física,2026-1
26686,FIS0153,5,Laboratorio de Electricidad y Magnetismo,Morales Luis,W:4 LAB SIN SALA : LAB SIN SALA,Física,2026-1
26694,FIS0153,7,Laboratorio de Electricidad y Magnetismo,Morales Luis,J:4 LAB SIN SALA : LAB SIN SALA,Física,2026-1
26705,FIS0153,9,Laboratorio de Electricidad y Magnetismo,Morales Luis,L:4 LAB SIN SALA : LAB SIN SALA,Física,2026-1
26713,FIS0153,11,Laboratorio de Electricidad y Magnetismo,Morales Luis,W:1 LAB SIN SALA : LAB SIN SALA,Física,2026-1
22640,FIS0154,1,Laboratorio de Dinámica,Morales Luis,M:1 LAB SIN SALA : LAB SIN SALA,Física,2026-1
26575,FIS0154,2,Laboratorio de Dinámica,Morales Luis,M:2 LAB SIN SALA : LAB SIN SALA,Física,2026-1
26578,FIS0154,4,Laboratorio de Dinámica,Morales Luis,W:1 LAB SIN SALA : LAB SIN SALA,Física,2026-1
26579,FIS0154,6,Laboratorio de Dinámica,Morales Luis,L:1 LAB SIN SALA : LAB SIN SALA,Física,2026-1
26580,FIS0154,7,Laboratorio de Dinámica,Morales Luis,M:3 LAB SIN SALA : LAB SIN SALA,Física,2026-1
26581,FIS0154,8,Laboratorio de Dinámica,Morales Luis,W:5 LAB SIN SALA : LAB SIN SALA,Física,2026-1
26584,FIS0154,9,Laboratorio de Dinámica,Morales Luis,J:3 LAB SIN SALA : LAB SIN SALA,Física,2026-1
26587,FIS0154,12,Laboratorio de Dinámica,Morales Luis,M:4 LAB SIN SALA : LAB SIN SALA,Física,2026-1
26589,FIS0154,14,Laboratorio de Dinámica,Morales Luis,J:4 LAB SIN SALA : LAB SIN SALA,Física,2026-1
14348,FIS1032,1,Fisica General,Perez Santiago,W-V:1 CLAS S_FACULTAD V:2 AYU S_FACULTAD,Física,2026-1
14405,FIS109C,1,Fisica para Ciencias,During Gustavo,M-J:2 CLAS A3 M-J:3 AYU N12,Física,2026-1
14362,FIS109C,2,Fisica para Ciencias,During Gustavo,"L:4,5 AYU AP601 M-J:2 CLAS A3",Física,2026-1
30565,FIS109K,1,Física,Mena Pamela,L:5 AYU CS401 L:6 CLAS CS401 W:4 CLAS CS403,Física,2026-1
25920,FIS119L,1,Laborario de Física,Morales Luis,"V:1,2 LAB AE201",Física,2026-1
14430,FIS119M,1,Física,"Caprile Paola, Andia Marcelo",M:5 CLAS AE107 M:6 AYU AE107 V:3 CLAS AE203 V:4 AYU AE203,Física,2026-1
22966,FIS119V,1,Física para Ciencias Biomédicas,Cisternas Marcelo,"L-W-V:4 CLAS N3 W:5,6 AYU AE101",Física,2026-1
29567,FIS119V,2,Física para Ciencias Biomédicas,Castillo Francisco,"L-W-V:4 CLAS N17 W:5,6 AYU N5",Física,2026-1
32009,FIS122F,1,Física Acústica,Mena Pamela,L-J:3 CLAS CS404 L-J:4 AYU CS404,Física,2026-1
14946,FIS1503,1,Física General,Ramos Esteban,M-J:2 CLAS AE107 V:2 AYU C307,Física,2026-1
14942,FIS1503,2,Física General,Ramos Esteban,M-J:2 CLAS AE107 V:2 AYU K300,Física,2026-1
14944,FIS1503,3,Física General,Ramos Esteban,M-J:2 CLAS AE107 V:2 AYU AP201,Física,2026-1
14947,FIS1503,4,Física General,Mena Pamela,M-J:2 CLAS AE101 V:2 AYU K307,Física,2026-1
14931,FIS1503,5,Física General,Mena Pamela,M-J:2 CLAS AE101 V:2 AYU CS403,Física,2026-1
14934,FIS1503,6,Física General,Mena Pamela,M-J:2 CLAS AE101 V:2 AYU K302,Física,2026-1
14933,FIS1503,7,Física General,Domínguez Macarena,L-W:2 CLAS S9 V:2 AYU CS404,Física,2026-1
14940,FIS1503,8,Física General,Domínguez Macarena,L-W:2 CLAS S9 V:2 AYU K305,Física,2026-1
32992,FIS1503,9,Física General,Domínguez Macarena,L-W:2 CLAS S9 V:2 AYU K303,Física,2026-1
32993,FIS1503,10,Física General,Volkmann Ulrich,L-W:2 CLAS R6 V:2 AYU AP403,Física,2026-1
32994,FIS1503,11,Física General,Volkmann Ulrich,L-W:2 CLAS R6 V:2 CLAS K304,Física,2026-1
32995,FIS1503,12,Física General,Volkmann Ulrich,L-W:2 CLAS R6 V:2 AYU CS402,Física,2026-1
14948,FIS1510,1,Fisica I,Clark Jaime,L-W:3 CLAS D302 V:3 AYU D303,Física,2026-1
14949,FIS1510,2,Fisica I,Arenas Claudio,L-W:3 CLAS E10 V:3 AYU E11,Física,2026-1
22632,FIS1514,1,Dinámica,Garay Francisca,L-W:3 CLAS B12 L:4 AYU B13 V:3 TAL B11,Física,2026-1
22633,FIS1514,2,Dinámica,Garay Francisca,L-W:3 CLAS B12 L:4 AYU B13 V:3 TAL SIN SALA,Física,2026-1
22634,FIS1514,3,Dinámica,Varas Alejandro,L-W:2 CLAS CS303 L:4 AYU B11 V:2 TAL B14,Física,2026-1
22635,FIS1514,4,Dinámica,Varas Alejandro,L-W:2 CLAS CS303 L:4 AYU SIN SALA V:2 TAL B21,Física,2026-1
22636,FIS1514,5,Dinámica,Meza Andres,L-W:3 CLAS B23 L:5 AYU B23 V:3 TAL B21,Física,2026-1
22637,FIS1514,6,Dinámica,Meza Andres,L-W:3 CLAS B23 L:5 AYU B23 V:3 TAL BC25,Física,2026-1
33954,FIS1514,7,Dinámica,Mena Pamela,L-W:2 CLAS CS203 L:5 AYU NT201 V:2 TAL NT203,Física,2026-1
33955,FIS1514,8,Dinámica,Mena Pamela,L-W:2 CLAS CS203 L:5 AYU NT201 V:2 TAL AP003,Física,2026-1
14479,FIS1523,1,Termodinámica,Loewe Benjamin,L-W:1 CLAS D204 V:1 AYU D305,Física,2026-1
14463,FIS1523,2,Termodinámica,De Nittis Giuseppe,L-W:1 CLAS D305 V:1 AYU D203,Física,2026-1
14467,FIS1523,3,Termodinámica,Varas Alejandro,L-W:4 CLAS A2 V:4 AYU A2,Física,2026-1
14484,FIS1523,4,Termodinámica,Favre Mario,L-W:5 CLAS B12 V:5 AYU B13,Física,2026-1
25165,FIS1523,5,Termodinámica,Clark Jaime,L-W:1 CLAS D101 V:1 AYU D301,Física,2026-1
25167,FIS1523,6,Termodinámica,Castillo Francisco,L-W:2 CLAS D302 V:2 AYU D302,Física,2026-1
31978,FIS1523,7,Termodinámica,Domínguez Macarena,L-W:4 CLAS A7 V:4 AYU N2,Física,2026-1
14490,FIS1525,1,Física II,Domínguez Macarena,L-W:5 CLAS K204 V:3 AYU C202,Física,2026-1
19863,FIS1533,1,Electricidad y Magnetismo,Loewe Benjamin,L-W:1 AYU R6 L-W:4 CLAS BC24,Física,2026-1
14950,FIS1533,2,Electricidad y Magnetismo,López Rodrigo,L-W:1 CLAS CS303 L-W:4 AYU AE003,Física,2026-1
14500,FIS1533,3,Electricidad y Magnetismo,Maldonado Melissa,L-W:1 CLAS BC24 M-J:4 AYU AE003,Física,2026-1
14509,FIS1533,4,Electricidad y Magnetismo,Domínguez Macarena,L-W:1 AYU B13 M-J:4 CLAS AE202,Física,2026-1
31979,FIS1533,5,Electricidad y Magnetismo,Arevalo Edward,L-W:1 AYU CS304 L-W:5 CLAS C202,Física,2026-1
28422,FIS154D,1,Dinámica de Partículas,Rica Sergio,L-W:4 CLAS H2 V:4 AYU H2,Física,2026-1
26729,FIS510L,1,Laboratorio de Física I,Morales Luis,L:4 LAB AP103 : LAB SIN SALA,Física,2026-1
26732,FIS510L,2,Laboratorio de Física I,Morales Luis,V:4 LAB E10 : LAB SIN SALA,Física,2026-1
26734,FIS510L,3,Laboratorio de Física I,Morales Luis,W:4 LAB CS405 : LAB SIN SALA,Física,2026-1
26741,FIS525L,1,Laboratorio de Física II,Morales Luis,L:4 LAB SIN SALA : LAB SIN SALA,Física,2026-1
26746,FIS525L,3,Laboratorio de Física II,Morales Luis,W:4 LAB SIN SALA : LAB SIN SALA,Física,2026-1
14514,FIZ0112,1,Introducción a la Física,Cottin Giovanna,M-J:3 CLAS N7 W:3 AYU N16-B,Física,2026-1
14560,FIZ020C,1,Fisica II,Cabrera Alejandro,"L-W:4 CLAS K300 J:3,4 AYU AP401",Física,2026-1
26754,FIZ020L,1,Laboratorio de Física II,Morales Luis,V:5 LAB SIN SALA : LAB SIN SALA,Física,2026-1
19791,FIZ0221,1,Electricidad y Magnetismo,Gonzalez Claudio,L-W:1 AYU FT-101 L-W:2 CLAS N5,Física,2026-1
15152,FIZ0222,1,Mecanica Clasica II,Bañados Maximo,L-W:5 CLAS N8 V:5 AYU FT-102,Física,2026-1
21808,FIZ0224,1,Electricidad y Magnetismo,Gonzalez Claudio,L-W:1 AYU FT-101 L-W:2 CLAS N5,Física,2026-1
19939,FIZ0311,1,Fisica Moderna,Rica Sergio,L-W:2 CLAS D101 V:2 AYU N12,Física,2026-1
14643,FIZ0312,1,Ondas y Optica,Arevalo Edward,M-J:2 CLAS K203 V:5 AYU K201,Física,2026-1
14644,FIZ0313,1,Métodos de la Física Matemática II,Benguria Rafael,M-J:3 CLAS AE101 J:5 AYU C201,Física,2026-1
21810,FIZ0315,1,Ondas y Óptica,Arevalo Edward,M-J:2 CLAS K203 V:5 AYU K201,Física,2026-1
31980,FIZ0322,1,Fisica Cuantica I,Mejia Jose,L-W:4 CLAS AP503 V:4 AYU E16,Física,2026-1
14580,FIZ0411,1,Mecanica Estadistica,Morales Luis,L-W:2 CLAS N16-A V:2 AYU N18,Física,2026-1
14583,FIZ0412,1,Fisica Cuantica II,Goyeneche Dardo,M-J:3 CLAS NT201 V:3 AYU S9,Física,2026-1
14605,FIZ0511,1,Practica de Licenciatura,Dirección Docente,: CLAS SIN SALA,Física,2026-1
34077,FIZ0511,2,Practica de Licenciatura,Dirección Docente,: CLAS SIN SALA,Física,2026-1
14599,FIZ0511,3,Practica de Licenciatura,Dirección Docente,: CLAS SIN SALA,Física,2026-1
14609,FIZ0511,4,Practica de Licenciatura,Dirección Docente,: CLAS SIN SALA,Física,2026-1
17374,FIZ0511,5,Practica de Licenciatura,Dirección Docente,: CLAS SIN SALA,Física,2026-1
17375,FIZ0511,6,Practica de Licenciatura,Dirección Docente,: CLAS SIN SALA,Física,2026-1
17376,FIZ0511,7,Practica de Licenciatura,Dirección Docente,: CLAS SIN SALA,Física,2026-1
17377,FIZ0511,8,Practica de Licenciatura,Dirección Docente,: CLAS SIN SALA,Física,2026-1
24208,FIZ0511,9,Practica de Licenciatura,Dirección Docente,: CLAS SIN SALA,Física,2026-1
24209,FIZ0511,10,Practica de Licenciatura,Dirección Docente,: CLAS SIN SALA,Física,2026-1
24210,FIZ0511,11,Practica de Licenciatura,Dirección Docente,: CLAS SIN SALA,Física,2026-1
24211,FIZ0511,12,Practica de Licenciatura,Dirección Docente,: CLAS SIN SALA,Física,2026-1
24212,FIZ0511,13,Practica de Licenciatura,Dirección Docente,: CLAS SIN SALA,Física,2026-1
24213,FIZ0511,14,Practica de Licenciatura,Dirección Docente,: CLAS SIN SALA,Física,2026-1
24214,FIZ0511,15,Practica de Licenciatura,Dirección Docente,: CLAS SIN SALA,Física,2026-1
24215,FIZ0511,16,Practica de Licenciatura,Dirección Docente,: CLAS SIN SALA,Física,2026-1
24216,FIZ0511,17,Practica de Licenciatura,Dirección Docente,: CLAS SIN SALA,Física,2026-1
28477,FIZ0511,18,Practica de Licenciatura,Dirección Docente,: CLAS SIN SALA,Física,2026-1
28478,FIZ0511,19,Practica de Licenciatura,Dirección Docente,: CLAS SIN SALA,Física,2026-1
28479,FIZ0511,20,Practica de Licenciatura,Dirección Docente,: CLAS SIN SALA,Física,2026-1
34078,FIZ0511,21,Practica de Licenciatura,Dirección Docente,: CLAS SIN SALA,Física,2026-1
32051,FIZ0511,22,Practica de Licenciatura,Dirección Docente,: CLAS SIN SALA,Física,2026-1
34149,FIZ0511,23,Practica de Licenciatura,Dirección Docente,: CLAS SIN SALA,Física,2026-1
34150,FIZ0511,24,Practica de Licenciatura,Dirección Docente,: CLAS SIN SALA,Física,2026-1
34151,FIZ0511,25,Practica de Licenciatura,Dirección Docente,: CLAS SIN SALA,Física,2026-1
34152,FIZ0511,26,Practica de Licenciatura,Dirección Docente,: CLAS SIN SALA,Física,2026-1
34153,FIZ0511,27,Practica de Licenciatura,Dirección Docente,: CLAS SIN SALA,Física,2026-1
23837,FIZ0614,1,Física Experimental Avanzada,Vogel German,"V:5,6,7 LAB SIN SALA",Física,2026-1
30360,FIZ121,1,Mecánica Clásica I,Rodriguez Roberto,L-W:5 CLAS N3 M-J:5 AYU N16-A,Física,2026-1
27179,FIZ121L,1,Laboratorio de Mecánica Clásica I,Cisternas Marcelo,"V:5,6 LAB SIN SALA",Física,2026-1
33936,FIZ1432,1,Teoría Clásica de Campos,Loewe Marcelo,L-W:6 CLAS FT-104,Física,2026-1
33935,FIZ1435,1,Fundamentos de Geoacustica y Sismologia,Feuillade Christopher,M-J:5 CLAS ID300,Física,2026-1
14075,FIZ2000,1,Tecnicas Experimentales Avanzadas,Dirección Docente,: CLAS SIN SALA,Física,2026-1
30362,FIZ210,1,Termodinámica y Teoría Cinética,Reyes Sebastian,L-W:1 CLAS N2 V:1 AYU N18,Física,2026-1
26994,FIZ211L,1,Laboratorio de Termodinámica y Teoría Cinética,Cisternas Marcelo,"V:2,3 LAB SIN SALA",Física,2026-1
30359,FIZ2123,1,Mécanica Clásica I,Rodriguez Roberto,L-W:5 CLAS N3 M-J:5 AYU N16-A,Física,2026-1
30361,FIZ2212,1,Termodinámica y Teoría Cinética,Reyes Sebastian,L-W:1 CLAS N2 V:1 AYU N18,Física,2026-1
26995,FIZ221L,1,Laboratorio de Electricidad y Magnetismo,Vogel German,"M:5,6 LAB SIN SALA",Física,2026-1
32006,FIZ2314,1,Física Moderna,Rica Sergio,L-W:2 CLAS D101 V:2 AYU N12,Física,2026-1
28476,FIZ2700,1,Fisica del Plasma,Valenzuela Julio,L-W:4 CLAS S8,Física,2026-1
26997,FIZ311L,1,Laboratorio de Física Moderna,Vogel German,"L:5,6 LAB SIN SALA",Física,2026-1
27000,FIZ312L,1,Laboratorio de Ondas y Óptica,Cisternas Marcelo,"W:5,6 LAB SIN SALA",Física,2026-1
19932,FIZ3400,1,Fisica de Particulas,Garay Francisca,L-W:5 CLAS AP502,Física,2026-1
33933,FIZ3600,1,Física del Sólido,Garcia Griselda,M-J:4 CLAS FT-105,Física,2026-1
33934,FIZ4200,1,Teoria de Grupos y Aplicacion,Soto Rodrigo,L-W:1 CLAS FT-103,Física,2026-1
15229,FMD3002,1,Física de las Radiaciones y Dosimetría,Caprile Paola,M-J:2 CLAS SEM 4,Física,2026-1
14096,FMD3003,1,Radiobiología y Radioprotección,Sanchez Beatriz,M-J:3 CLAS SEM 4,Física,2026-1
14103,FMD3007,1,Seminario,Espinoza Ignacio,: CLAS SIN SALA,Física,2026-1
18627,FMD3007,2,Seminario,Caprile Paola,: CLAS SIN SALA,Física,2026-1
18628,FMD3007,3,Seminario,Harb Hilde,: CLAS SIN SALA,Física,2026-1
18629,FMD3007,4,Seminario,Russomando Andrea,: CLAS SIN SALA,Física,2026-1
33721,FMD3007,5,Seminario,Russomando Andrea,: CLAS SIN SALA,Física,2026-1
23791,FMD3021,1,Tesis de Magíster I,Espinoza Ignacio,: CLAS SIN SALA,Física,2026-1
24325,FMD3021,2,Tesis de Magíster I,Caprile Paola,: CLAS SIN SALA,Física,2026-1
24326,FMD3021,3,Tesis de Magíster I,Harb Hilde,: CLAS SIN SALA,Física,2026-1
24327,FMD3021,4,Tesis de Magíster I,Russomando Andrea,: CLAS SIN SALA,Física,2026-1
33684,FMD3022,1,Tesis de Magíster II,Por Fijar,: CLAS SIN SALA,Física,2026-1
33578,FMD3026,1,Práctica Clínica,Espinoza Ignacio,: CLAS SIN SALA,Física,2026-1
14136,GEO103,1,Geografía Humana General,Alvarez Lily,M-J:5 CLAS D104,Geografía,2026-1
14152,GEO104,1,Geografía Física General,Sanchez Marcela,"L:5 CLAS R4 W:5,6 CLAS R4",Geografía,2026-1
14172,GEO111,1,Geografía de Chile: Espacio y Sociedad,Fuentealba Valeria,M-J:2 CLAS ED112,Geografía,2026-1
14175,GEO111,2,Geografía de Chile: Espacio y Sociedad,Fuentealba Valeria,M-J:3 CLAS D304,Geografía,2026-1
33125,GEO2902,1,Geografia del Turismo,Alvarez Lily,L-W:2 CLAS SEM1_V2,Geografía,2026-1
33073,GEO3111,1,Fundamentos del Pensamiento Geográfico,Paulsen Abraham,L-W:4 CLAS S3,Geografía,2026-1
33074,GEO3112,1,Geografía Económica,Rehner Johannes,L-W:2 CLAS S3,Geografía,2026-1
33075,GEO3112,2,Geografía Económica,Rodríguez Sebastian,M-J:4 CLAS R6,Geografía,2026-1
33076,GEO3113,1,Geografía Física,Garcia Juan,L-W:3 CLAS S2 L:6 CLAS S2,Geografía,2026-1
33077,GEO3114,1,Fundamentos de Geomática,Astaburuaga Juan,"M:2 CLAS ED113 M:3,4 LAB ATACAMA",Geografía,2026-1
33079,GEO3114,2,Fundamentos de Geomática,Astaburuaga Juan,"M:2 CLAS ED113 J:3,4 LAB ATACAMA",Geografía,2026-1
33080,GEO3211,1,Introducción a la Programación en Geografía,Valdivia Sebastian,"L:2,3,4 CLAS ATACAMA",Geografía,2026-1
33082,GEO3211,2,Introducción a la Programación en Geografía,Rivera Diego,"W:2,3,4 LAB ATACAMA",Geografía,2026-1
33083,GEO3211,3,Introducción a la Programación en Geografía,Rivera Diego,"V:2,3,4 LAB ATACAMA",Geografía,2026-1
33738,GEO3211,4,Introducción a la Programación en Geografía,Rivera Diego,"W:5,6,7 CLAS R2",Geografía,2026-1
33085,GEO3212,1,Poder y Territorio,Paulsen Abraham,M-J:3 CLAS A4,Geografía,2026-1
33087,GEO3212,2,Poder y Territorio,Velasquez Flavia,M-J:3 CLAS AG3,Geografía,2026-1
33089,GEO3212,3,Poder y Territorio,Figueroa Esteban,M-J:3 CLAS SEM3,Geografía,2026-1
33090,GEO3213,1,Geomorfología Ii: Procesos Superficiales,Sagredo Esteban,M-J:2 CLAS E14,Geografía,2026-1
33091,GEO3213,2,Geomorfología Ii: Procesos Superficiales,Riquelme Fabian,M-J:2 CLAS AP202,Geografía,2026-1
33099,GEO3214,1,Sistemas de Información Geográfica,Guerrero Nikole,"V:5,6,7 CLAS ATACAMA",Geografía,2026-1
33095,GEO3313,1,Biogeografía,Villavicencio Natalia,M-J:6 CLAS S2,Geografía,2026-1
33093,GEO3314,1,Riesgo de Desastres,Lagos Marcelo,M-J:4 CLAS S9,Geografía,2026-1
33103,GEO3411,1,Investigación en Geografía I,Del Rio Camilo,"L:5,6 CLAS S-CONSEJO",Geografía,2026-1
33105,GEO3411,2,Investigación en Geografía I,Fuentealba María,"M:5,6 CLAS S-CONSEJO",Geografía,2026-1
33106,GEO3411,3,Investigación en Geografía I,Garcia Juan,"M:5,6 CLAS SEMINARIO5",Geografía,2026-1
33107,GEO3411,4,Investigación en Geografía I,Lambert Fabrice,"M:5,6 CLAS SEM3",Geografía,2026-1
33108,GEO3411,5,Investigación en Geografía I,Martinez Carolina,"M:5,6 CLAS POSGEO",Geografía,2026-1
33109,GEO3411,6,Investigación en Geografía I,Misleh Denise,"L:5,6 CLAS SEMINARIO6",Geografía,2026-1
33111,GEO3411,7,Investigación en Geografía I,Sanchez Rafael,"J:5,6 CLAS SEM1_V2",Geografía,2026-1
33112,GEO3411,8,Investigación en Geografía I,Osses Pablo,"J:5,6 CLAS S-CONSEJO",Geografía,2026-1
33113,GEO3411,9,Investigación en Geografía I,"Nunez Andres, Urrutia Santiago","J:5,6 CLAS SEMINARIO6",Geografía,2026-1
33114,GEO3411,10,Investigación en Geografía I,Astaburuaga Juan,"M:5,6 CLAS SEMINARIO4",Geografía,2026-1
33116,GEO3411,12,Investigación en Geografía I,Barton Jonathan,"J:5,6 CLAS SEMINARIO5",Geografía,2026-1
33117,GEO3411,13,Investigación en Geografía I,Rehner Johannes,"L:6,7 CLAS POSGEO",Geografía,2026-1
33118,GEO3411,14,Investigación en Geografía I,Henriquez Cristian,"W:5,6 CLAS SEMINARIO4",Geografía,2026-1
33119,GEO3411,15,Investigación en Geografía I,Sagredo Esteban,"J:5,6 CLAS POSGEO",Geografía,2026-1
33121,GEO3411,16,Investigación en Geografía I,Alvarez Lily,"L:5,6 CLAS SEMINARIO4",Geografía,2026-1
34004,GEO3411,17,Investigación en Geografía I,Paulsen Abraham,"J:5,6 CLAS SIN SALA",Geografía,2026-1
33124,GEO3607,1,Métodos Avanzados de Análisis Geoespacial,Quense Jorge,"J:5,6 LAB ATACAMA",Geografía,2026-1
14382,GEO500,1,"Desarrollo Urbano: Teoría, Modelos y Gestión",Velasquez Flavia,L-W:4 CLAS BC22,Geografía,2026-1
15226,GEO501,1,Gestión Integrada del Litoral,Martinez Carolina,M-J:4 CLAS D303,Geografía,2026-1
14385,GEO502,1,Evaluación de Proyectos Territoriales,Aguirre Carlos,"M:1,2 CLAS S2",Geografía,2026-1
14388,GEO5020,1,Métodos Estadísticos para Estudios Espaciales y Ambientales,Ruiz Sebastián,"J:7,8 CLAS ATACAMA",Geografía,2026-1
14390,GEO5021,1,Fundamentos Geográficos del Sistema Natural,Villaseñor Tania,"M:7,8 CLAS SEM_HGCP",Geografía,2026-1
14393,GEO5024,1,Teoría y Análisis de la Organización del Espacio,"Arenas Federico, Velasquez Flavia","L:7,8 CLAS S20",Geografía,2026-1
14397,GEO5025,1,Percepción Remota e Imágenes Satelitales,Rivera Diego,"V:8,9 CLAS ATACAMA",Geografía,2026-1
22664,GEO5026,1,Taller de Casos de Estudio y Aplicaciones,Quense Jorge,"W:7,8 CLAS SEMINARIO6",Geografía,2026-1
17543,GEO5028,1,Taller de Tesis,Paulsen Abraham,"J:7,8 CLAS S5",Geografía,2026-1
34053,GEO5029,1,Tesis,(Sin Profesores),: CLAS SIN SALA,Geografía,2026-1
34054,GEO5029,2,Tesis,(Sin Profesores),: CLAS SIN SALA,Geografía,2026-1
14407,GEO503,1,Gestión y Administración Territorial,Ladrón de Guevara Cesar,W:3 CLAS CS301,Geografía,2026-1
34179,GEO5030,1,Proyecto de Graduación,Quense Jorge,: CLAS SIN SALA,Geografía,2026-1
22525,GEO5049,1,Introducción a los Sistemas de Información Geográfica,Godoy Varinia,"W:8,9 CLAS ATACAMA",Geografía,2026-1
29816,GEO5059,1,Introducción a la Ciencia de Datos Con R,Valdivia Sebastian,"L:7,8 CLAS ATACAMA",Geografía,2026-1
34052,GEO5063,1,Métodos de Simulación Espacial para la Planificación,Henriquez Cristian,"M:7,8 CLAS ATACAMA",Geografía,2026-1
13338,GEO507,1,Práctica Profesional,"Sanchez Marcela, Arenas Federico, Godoy Varinia, Guajardo Javier, Martinez Karen, Perez Macarena, Ruz Susana",V:5 PRA,Geografía,2026-1
17205,GEO5113,1,Seminario de Investigación I,Barton Jonathan,"W:2,3 TES",Geografía,2026-1
17209,GEO5115,1,Seminario de Investigación III,"Sanchez Rafael, Nunez Andres","M:3,4 TES POSGEO",Geografía,2026-1
19709,GEO5118,1,Tesis Doctoral I,Hidalgo Rodrigo,: CLAS SIN SALA,Geografía,2026-1
19717,GEO5118,2,Tesis Doctoral I,Nunez Andres,: CLAS SIN SALA,Geografía,2026-1
19719,GEO5118,3,Tesis Doctoral I,Henriquez Cristian,: CLAS SIN SALA,Geografía,2026-1
19723,GEO5118,4,Tesis Doctoral I,Paulsen Abraham,: CLAS SIN SALA,Geografía,2026-1
27444,GEO5118,5,Tesis Doctoral I,Del Rio Camilo,: TES SIN SALA,Geografía,2026-1
21988,GEO5120,1,Tesis III,Hidalgo Rodrigo,: CLAS SIN SALA,Geografía,2026-1
21989,GEO5120,2,Tesis III,Barton Jonathan,: CLAS SIN SALA,Geografía,2026-1
21990,GEO5120,3,Tesis III,Nunez Andres,: CLAS SIN SALA,Geografía,2026-1
21991,GEO5120,4,Tesis III,Paulsen Abraham,: CLAS SIN SALA,Geografía,2026-1
28424,GEO5120,5,Tesis III,Lambert Fabrice,: TES SIN SALA,Geografía,2026-1
31173,GEO5120,6,Tesis III,Garcia Juan,: CLAS SIN SALA,Geografía,2026-1
31176,GEO5120,7,Tesis III,Rehner Johannes,: CLAS SIN SALA,Geografía,2026-1
17800,GEO5122,1,Teoría y Métodos en Geografía,"Henriquez Cristian, Barton Jonathan, Del Rio Camilo","J:2,3 CLAS POSGEO",Geografía,2026-1
17204,GEO5123,1,Etica e Investigación Geográfica,"Arenas Federico, Paulsen Abraham","L:2,3 CLAS POSGEO",Geografía,2026-1
17828,GEO5126,1,Apoyo Docencia,Barton Jonathan,: CLAS SIN SALA,Geografía,2026-1
28432,GEO5129,1,Autoría Artículo Científico o Patente,Barton Jonathan,: CLAS SIN SALA,Geografía,2026-1
21998,GEO5130,1,Pasantía en el Extranjero,Barton Jonathan,: CLAS SIN SALA,Geografía,2026-1
13361,GEO5146,1,Tópicos Avanzados en Geografía,Hidalgo Rodrigo,: TES SIN SALA,Geografía,2026-1
15669,GEO5146,2,Tópicos Avanzados en Geografía,Barton Jonathan,: TES SIN SALA,Geografía,2026-1
15670,GEO5146,3,Tópicos Avanzados en Geografía,Henriquez Cristian,: CLAS SIN SALA,Geografía,2026-1
28446,GEO5150,1,Evaluación Ambiental Estratégica:Aplicaciones y Contribuciones para la Sustentabilidad,Carter Maria,"M:7,8 CLAS SEM_HGCP",Geografía,2026-1
19216,GEO609,1,Educación Ambiental para el Desarrollo Sustentable,Fuentealba Valeria,"V:3,4 CLAS S11",Geografía,2026-1
19252,GEO612,1,"El Desierto de Atacama: Su Pasado, Presente y Futuro de Un Espacio Estratégico",Del Rio Camilo,"V:2,3 CLAS S14",Geografía,2026-1
28470,GEO623,1,"Patrimonio, Territorio y Turismo: Una Relación de Contrastes",Alvarez Lily,L-W:3 CLAS D305,Geografía,2026-1
28196,GEO624,1,Empoderamiento Climático,Fuentealba Valeria,L-W:4 CLAS R3,Geografía,2026-1
27659,GEO625,1,Introducción a la Geografía Física General,Villaseñor Tania,"L:5 CLAS R2 V:5,6 CLAS R6",Geografía,2026-1
28631,GEO625,2,Introducción a la Geografía Física General,Villaseñor Tania,"V:4 CLAS R3 V:5,6 CLAS R6",Geografía,2026-1
14572,IHI0101,1,Introducción a la Historia,"Rolle Claudio, Jimenez Patricio",L-W:2 CLAS C306 V:3 AYU SIN SALA,Historia,2026-1
14569,IHI0101,2,Introducción a la Historia,"Rolle Claudio, Jimenez Patricio",L-W:4 CLAS S11 V:3 AYU SIN SALA,Historia,2026-1
17340,IHI0102,1,Teoría de la Historia,Gárate Manuel,L-W:2 CLAS AP102,Historia,2026-1
21089,IHI0103,1,Historia de la Historiografía,Gazmuri Maria,M-J:3 CLAS AP503,Historia,2026-1
14088,IHI0201,1,Historia Antigua,Cot Maria,M-J:4 CLAS CS401 V:3 AYU K200,Historia,2026-1
17219,IHI0201,2,Historia Antigua,Cot Maria,M-J:3 CLAS CS401 V:3 AYU SIN SALA,Historia,2026-1
15698,IHI0203,1,Historia Moderna,Gaune Rafael,L-W:3 CLAS N14,Historia,2026-1
17350,IHI0204,1,Historia Contemporánea S. XIX,Rodriguez Rosario,M-J:4 CLAS AP601,Historia,2026-1
17343,IHI0205,1,Historia Mundial Contemporánea,Camino Nicolas,M-J:2 CLAS AP402,Historia,2026-1
17344,IHI0205,2,Historia Mundial Contemporánea,Gomez Nicolas,L-W:3 CLAS AP502,Historia,2026-1
17345,IHI0205,3,Historia Mundial Contemporánea,Rodriguez Rosario,L-W:2 CLAS AULA-MAGNA,Historia,2026-1
31065,IHI0205,4,Historia Mundial Contemporánea,Albornoz César,M-J:4 CLAS AE204,Historia,2026-1
31066,IHI0205,5,Historia Mundial Contemporánea,Repenning Diego,M-J:4 CLAS AE205,Historia,2026-1
31067,IHI0205,6,Historia Mundial Contemporánea,Bustos Jimena,L-W:4 CLAS R5,Historia,2026-1
31068,IHI0205,7,Historia Mundial Contemporánea,Duran Francisca,M-J:4 CLAS CS202,Historia,2026-1
31069,IHI0205,8,Historia Mundial Contemporánea,Radic Juan,L-W:4 CLAS AE207,Historia,2026-1
31070,IHI0205,9,Historia Mundial Contemporánea,Arriagada Patricio,L-W:4 CLAS N7,Historia,2026-1
14093,IHI0211,1,Chile y América Indígena,Acuña Valentina,M-J:3 CLAS C404 V:3 AYU SIN SALA,Historia,2026-1
15328,IHI0211,2,Chile y América Indígena,Acuña Valentina,M-J:5 CLAS CS202 V:3 AYU SIN SALA,Historia,2026-1
15347,IHI0212,1,Historia de Chile Colonial,Montoya Sandra,M-J:3 CLAS ED111,Historia,2026-1
15348,IHI0213,1,Historia de Chile S. XIX,Lopez Elvira,M-J:2 CLAS R3,Historia,2026-1
15349,IHI0213,2,Historia de Chile S. XIX,Sagredo Rafael,M-J:3 CLAS AP001,Historia,2026-1
17341,IHI0214,1,Historia de Chile Contemporáneo,Nicholls Nancy,M-J:4 CLAS AP502,Historia,2026-1
17342,IHI0214,2,Historia de Chile Contemporáneo,Ponce de León Macarena,M-J:2 CLAS SALA-62,Historia,2026-1
14102,IHI0221,1,Imperios y Encuentros del Mundo Atlántico: Siglos Xv y XVI,Sanfuentes Olaya,L-W:4 CLAS CS401 V:3 AYU SIN SALA,Historia,2026-1
14098,IHI0221,2,Imperios y Encuentros del Mundo Atlántico: Siglos Xv y XVI,Sanfuentes Olaya,L-W:6 CLAS C510 V:3 AYU SIN SALA,Historia,2026-1
28472,IHI0223,1,Historia de América S. XIX,Camus Pablo,M-J:5 CLAS R5,Historia,2026-1
15351,IHI0223,2,Historia de América S. XIX,Larroucau Andrea,L-W:4 CLAS AP003,Historia,2026-1
22591,IHI0224,1,Historia de América Contemporánea,Whipple Pablo,L-W:4 CLAS AP504,Historia,2026-1
17336,IHI0224,2,Historia de América Contemporánea,Townsend Brandi,M-J:4 CLAS R3,Historia,2026-1
33313,IHI0302,1,Investigación Histórica II,Henriquez Rodrigo,M-J:4 CLAS S6 V:3 AYU S20,Historia,2026-1
33314,IHI0302,2,Investigación Histórica II,Enriquez Lucrecia,M-J:4 CLAS S15 V:3 AYU S8,Historia,2026-1
19240,IHI0311,1,Monografía de Licenciatura,Nicholls Nancy,M-J:2 CLAS S5,Historia,2026-1
31091,IHI0311,2,Monografía de Licenciatura,Hernández Sebastián,L-W:3 CLAS S12,Historia,2026-1
19802,IHI0311,3,Monografía de Licenciatura,Soffia Pablo,L-W:6 CLAS S12,Historia,2026-1
28316,IHI0311,4,Monografía de Licenciatura,Martínez Felipe,M-J:3 CLAS S12,Historia,2026-1
19815,IHI0311,5,Monografía de Licenciatura,Molina Cristóbal,M-J:4 CLAS S13,Historia,2026-1
19818,IHI0311,6,Monografía de Licenciatura,Meier Stefan,L-W:4 CLAS S12,Historia,2026-1
19204,IHI0401,1,Educación Histórica: Teorías y Prácticas,Bustos Jimena,L-W:3 CLAS R5,Historia,2026-1
33316,IHI0421,1,Archivos para la Sociedad del Conocimiento,"Vial Maria, Sandoval Rodrigo","V:2,3 CLAS S6",Historia,2026-1
28450,IHI0491,1,Estrategias de Comunicación Digital para la Historia Pública,Jaramillo Marco,M-J:4 CLAS S19,Historia,2026-1
33323,IHI0506,1,La Antigüedad Clásica en la Historia de Occidente,Balmaceda Catalina,L-W:3 CLAS S7,Historia,2026-1
29472,IHI0513,1,Moda y Sociedad en Chile en el Siglo XX,Montalva Eugenia,M-J:2 CLAS AP503,Historia,2026-1
33324,IHI0515,1,Política y Religiones en la India,Silva Maria,M-J:2 CLAS S3,Historia,2026-1
25047,IHI0516,1,"Ser Ciudadanos/As Ayer y Hoy: Estado, Democracia y Constitución en Chile y el Mundo",Mayorga Luis,L-W:2 CLAS S2,Historia,2026-1
33317,IHI0517,1,Autodeterminación y Plurinacionalidad 1992-2021: los Dos Caminos  de los Movimientos Indígena en Amé,Pairican Fernando,M-J:5 CLAS R3,Historia,2026-1
25049,IHI0518,1,Los Griegos y Nosotros,Gazmuri Maria,M-J:4 CLAS AP503,Historia,2026-1
24958,IHI0519,1,Músicas Latinoamericanas,Hermosilla Matías,L-W:6 CLAS S3,Historia,2026-1
25037,IHI0523,1,"Antropología Americana: Habitar, Reivindicar y Reconocer",De la Maza Francisca,M-J:3 CLAS S2,Historia,2026-1
29924,IHI0539,1,Conflictos Armados y Construcción de Paz en África Subsahariana,Radic Juan,L-W:2 CLAS R4,Historia,2026-1
33318,IHI2302,1,Estados Unidos: Historia y Cultura,Purcell Fernando,L-W:6 CLAS S7,Historia,2026-1
17351,IHI2323,1,Historia de Género en Chile,Townsend Brandi,L-W:4 CLAS R2,Historia,2026-1
24953,IHI2325,1,"Género y Sexualidad en Revoluciones y Dictaduras Latinoamericanas, 1959-Presente",Townsend Brandi,L-W:2 CLAS R5,Historia,2026-1
28852,IHI2327,1,El Ambiente Como Problema Histórico en Chile,Camus Pablo,M-J:4 CLAS AP403,Historia,2026-1
33319,IHI2337,1,Historia del Deporte Latinoamericano,Vilches Diego,L-W:4 CLAS S7,Historia,2026-1
33320,IHI2338,1,"Crimen y Castigo en Santiago. la Criminalidad, las Policías y la Cárcel (1950-2000)",Passmore Leith,L-W:2 CLAS R3,Historia,2026-1
25639,IHI3010,1,Metodología de la Investigación,Purcell Fernando,"W:7,8 CLAS SIN SALA",Historia,2026-1
25640,IHI3011,1,Historia de la Historiografía,Gazmuri Maria,"J:7,8 CLAS SIN SALA",Historia,2026-1
33745,IHI3012,1,Tutoría de Tesis,Enriquez Lucrecia,: CLAS,Historia,2026-1
26853,IHI3013,1,Tesis I,Ruderer Stephan,: TES SIN SALA,Historia,2026-1
26873,IHI3013,2,Tesis I,Gaune Rafael,: TES SIN SALA,Historia,2026-1
26877,IHI3013,3,Tesis I,Henriquez Rodrigo,: TES SIN SALA,Historia,2026-1
26878,IHI3013,4,Tesis I,Silva Barbara,: TES SIN SALA,Historia,2026-1
30014,IHI3018,1,Trayectoria y Conceptos de la Historia Pública,Dummer Sylvia,"L:7,8 CLAS SIN SALA",Historia,2026-1
30015,IHI3019,1,Taller Ética e Historia,"Mayorga Luis, López Ignacio",W:7 CLAS SIN SALA,Historia,2026-1
17516,IHI301A,1,Seminario I Parte a,Gaune Rafael,L:6 CLAS SEM1_V2 V:2 CLAS SEM1_V2,Historia,2026-1
19760,IHI301A,2,Seminario I Parte a,Illanes Maria,W:6 CLAS SEM1_V2 V:4 CLAS SEM1_V2,Historia,2026-1
19761,IHI301A,3,Seminario I Parte a,Rojas Jorge,W:7 CLAS SEM_HGCP V:5 CLAS SEM1_V2,Historia,2026-1
19762,IHI301A,4,Seminario I Parte a,Undurraga Maria,M:6 CLAS SEM1_V2 V:3 CLAS SEM1_V2,Historia,2026-1
19763,IHI301A,5,Seminario I Parte a,Nicholls Nancy,W:6 CLAS SEM3 V:3 CLAS SEM3,Historia,2026-1
19764,IHI301A,6,Seminario I Parte a,Correa Francisco,W:6 CLAS MULTIUSO V:4 CLAS MULTIUSO,Historia,2026-1
19765,IHI301A,7,Seminario I Parte a,Valenzuela Jaime,J:5 CLAS SEM3 V:5 CLAS SEM3,Historia,2026-1
19766,IHI301A,8,Seminario I Parte a,Ruderer Stephan,W:6 CLAS SEM_HGCP V:5 CLAS SEM_HGCP,Historia,2026-1
19771,IHI301B,1,Seminario I Parte B,Riquelme Alfredo,W:3 CLAS SEM3 V:3 CLAS MULTIUSO,Historia,2026-1
31692,IHI3021,1,Gestión de Proyectos,"Serra Marina, Sallusti Leone","J:7,8 CLAS SIN SALA",Historia,2026-1
31693,IHI3023,1,Humanidades Digitales,"Jaramillo Marco, Larrondo Nicole","M:7,8 CLAS SIN SALA",Historia,2026-1
33746,IHI3029,1,Tópicos de Historia Pública,Portales Manuela,M:7 CLAS SIN SALA,Historia,2026-1
15931,IHI4801,1,Lecturas Avanzadas de Historia,Letelier Javiera,L:7 CLAS SIN SALA,Historia,2026-1
15933,IHI4801,2,Lecturas Avanzadas de Historia,Dirección Docente,M:7 CLAS SIN SALA,Historia,2026-1
18229,IHI4803,1,Lecturas Avanzadas de Historia III,Letelier Javiera,L:7 CLAS SIN SALA,Historia,2026-1
18230,IHI4803,2,Lecturas Avanzadas de Historia III,Dirección Docente,M:7 CLAS SIN SALA,Historia,2026-1
10311,IHI4921,1,Teoria y Metodo de la Historia I,Arriagada Patricio,"W:5,6 CLAS SIN SALA",Historia,2026-1
10318,IHI4923,1,Teoria y Metodo de la Historia III,Albornoz César,W:6 CLAS SIN SALA,Historia,2026-1
15358,IHI4931,1,Seminario de Tesis I,Sanfuentes Olaya,: CLAS SIN SALA,Historia,2026-1
22824,IHI4931,2,Seminario de Tesis I,Silva Barbara,: CLAS SIN SALA,Historia,2026-1
22825,IHI4931,3,Seminario de Tesis I,Purcell Fernando,: CLAS SIN SALA,Historia,2026-1
22828,IHI4931,4,Seminario de Tesis I,Balmaceda Catalina,: CLAS SIN SALA,Historia,2026-1
22829,IHI4931,5,Seminario de Tesis I,Dummer Sylvia,: CLAS SIN SALA,Historia,2026-1
33741,IHI4931,6,Seminario de Tesis I,De la Maza Francisca,: CLAS,Historia,2026-1
33742,IHI4931,7,Seminario de Tesis I,Repenning Diego,: CLAS,Historia,2026-1
33743,IHI4931,8,Seminario de Tesis I,Dirección Docente,: CLAS,Historia,2026-1
10376,IHI4933,1,Seminario de Tesis III,Sanfuentes Olaya,: CLAS SIN SALA,Historia,2026-1
22832,IHI4933,2,Seminario de Tesis III,Albornoz César,: CLAS SIN SALA,Historia,2026-1
22833,IHI4933,3,Seminario de Tesis III,Lopez Elvira,: CLAS SIN SALA,Historia,2026-1
22834,IHI4933,4,Seminario de Tesis III,Rojas Jorge,: CLAS SIN SALA,Historia,2026-1
22835,IHI4933,5,Seminario de Tesis III,Valenzuela Jaime,: CLAS SIN SALA,Historia,2026-1
21824,IHI4958,1,Tesis Doctoral I,Serrano Sol,: CLAS SIN SALA,Historia,2026-1
22836,IHI4958,2,Tesis Doctoral I,Valenzuela Jaime,: CLAS SIN SALA,Historia,2026-1
22837,IHI4958,3,Tesis Doctoral I,Lopez Elvira,: CLAS SIN SALA,Historia,2026-1
22838,IHI4958,4,Tesis Doctoral I,Ragas Jose,: CLAS SIN SALA,Historia,2026-1
28375,IHI4958,5,Tesis Doctoral I,Sagredo Rafael,: CLAS SIN SALA,Historia,2026-1
30208,IHI4958,6,Tesis Doctoral I,Ruderer Stephan,: CLAS SIN SALA,Historia,2026-1
33744,IHI4959,1,Tesis Doctoral II,Purcell Fernando,: CLAS,Historia,2026-1
21650,IHI4960,1,Tesis Doctoral III,Sanfuentes Olaya,: CLAS SIN SALA,Historia,2026-1
22846,IHI4960,2,Tesis Doctoral III,Undurraga Maria,: CLAS SIN SALA,Historia,2026-1
22842,IHI4960,3,Tesis Doctoral III,Illanes Maria,: CLAS SIN SALA,Historia,2026-1
23973,IHI4960,4,Tesis Doctoral III,Montt Maria,: CLAS SIN SALA,Historia,2026-1
26894,IHI4960,5,Tesis Doctoral III,Silva Barbara,: CLAS SIN SALA,Historia,2026-1
31690,IHI4960,6,Tesis Doctoral III,Ruderer Stephan,: TES SIN SALA,Historia,2026-1
21651,IHI4964,1,Pasantía,Dirección Docente,: CLAS SIN SALA,Historia,2026-1
22843,IHI4965,1,Artículo,Dirección Docente,: CLAS SIN SALA,Historia,2026-1
33194,IMT2200,1,Introducción a la Ciencia de Datos,Cataldo Alejandro,"L:6 AYU B16 M:3,4 CLAS A6",Ing Matemática y Computacional,2026-1
26003,IMT2210,1,Álgebra Lineal para Ciencia de Datos,Vrgoc Domagoj,L-W:2 CLAS A6 V:2 LAB A6,Ing Matemática y Computacional,2026-1
26004,IMT2220,1,Cálculo para Ciencia de Datos,Labarca Ignacio,L-W:3 CLAS A4 V:3 LAB A4,Ing Matemática y Computacional,2026-1
26005,IMT2230,1,Álgebra Lineal Avanzada y Modelamiento,Urrutia Felipe,M-J:2 CLAS A6 V:1 AYU A2,Ing Matemática y Computacional,2026-1
29288,IMT2260,1,Teoría de Aprendizaje Automático,Verdugo Victor,L-W:3 CLAS B11 V:3 LAB A2,Ing Matemática y Computacional,2026-1
31089,IMT2270,1,Proyecto Final de Grado,Zúñiga Daniel,M:2 TES,Ing Matemática y Computacional,2026-1
28137,IMT3400,1,"Fundamentos de Algoritmos, Combinatoria y Optimización",Verschae Jose,M-J:2 CLAS BC26 V:2 LAB AP503,Ing Matemática y Computacional,2026-1
28130,IMT3420,1,Modelos Aleatorios en Alta Dimensión,Matzavinos Anastasios,M-J:3 CLAS AP103 V:3 LAB AP201,Ing Matemática y Computacional,2026-1
31688,IMT3431,2,Proyecto de Tesis de Magíster,Verschae Jose,: TES SIN SALA,Ing Matemática y Computacional,2026-1
33206,IMT3431,3,Proyecto de Tesis de Magíster,Guzman Cristobal,: TES SIN SALA,Ing Matemática y Computacional,2026-1
33207,IMT3431,4,Proyecto de Tesis de Magíster,Verdugo Victor,: TES SIN SALA,Ing Matemática y Computacional,2026-1
33208,IMT3431,5,Proyecto de Tesis de Magíster,Román Carlos,: TES SIN SALA,Ing Matemática y Computacional,2026-1
33209,IMT3431,6,Proyecto de Tesis de Magíster,Fuentes Federico,: TES SIN SALA,Ing Matemática y Computacional,2026-1
29569,IMT3432,2,Tesis de Magíster I,Petrache Mircea,: TES SIN SALA,Ing Matemática y Computacional,2026-1
31686,IMT3432,4,Tesis de Magíster I,Fuentes Federico,: TES,Ing Matemática y Computacional,2026-1
29570,IMT3433,1,Tesis de Magíster II,Verdugo Victor,: TES SIN SALA,Ing Matemática y Computacional,2026-1
33210,IMT3433,2,Tesis de Magíster II,"Sanchez Manuel, Barnafi Nicolás",: TES SIN SALA,Ing Matemática y Computacional,2026-1
29079,MDS3000,1,Ingeniería de Datos,Vrgoc Domagoj,: CLAS SIN SALA,Ing Matemática y Computacional,2026-1
29080,MDS3010,1,Análisis de Datos en Python,Cataldo Alejandro,: CLAS SIN SALA,Ing Matemática y Computacional,2026-1
29081,MDS3020,1,Introducción a la Ciencia de Datos,Cucumides Tamara,: CLAS SIN SALA,Ing Matemática y Computacional,2026-1
29464,MDS3040,1,Ciencia de Datos Responsable,Arriagada Gabriela,: CLAS SIN SALA,Ing Matemática y Computacional,2026-1
29457,MDS3060,1,Actividad de Graduación II,"García Alejandro, Villalobos Esteban",: CLAS SIN SALA,Ing Matemática y Computacional,2026-1
29458,MDS3070,1,Actividad de Graduación III,"García Alejandro, Villalobos Esteban",: CLAS SIN SALA,Ing Matemática y Computacional,2026-1
34184,MDS3100,1,Ciencia de Datos Geoespaciales,Aguirre Paula,: CLAS SIN SALA,Ing Matemática y Computacional,2026-1
32184,MDS3120,1,Álgebra Lineal Aplicada para Ciencia de Datos,"Sanchez Manuel, Sing Long Carlos",: CLAS SIN SALA,Ing Matemática y Computacional,2026-1
34183,MDS3130,1,Procesamiento de Lenguaje Natural,Mendoza Marcelo,: CLAS SIN SALA,Ing Matemática y Computacional,2026-1
13366,IAC3200,1,Planificacion y Control de la Produccion,Alarcón Luis,"V:1,2 CLAS SIN SALA",Ingeniería,2026-1
13368,IAC3260,1,Tecnologias de Informacion para Gestion de Proyectos,Mourgues Claudio,"V:5,6 CLAS SIN SALA",Ingeniería,2026-1
13371,IAC3270,1,Aspectos Legales en la Industria de la Construccion,Osorio Claudio,"V:1,2 CLAS SIN SALA",Ingeniería,2026-1
32673,IAC3290,1,Fundamentos de Ingenieria de Costos,Gahona Patricio,"V:7,8 CLAS SIN SALA",Ingeniería,2026-1
31903,IAC3370,1,Metodologías Lean para la Gestión de Proyectos,Alarcon Daniela,"V:7,8 CLAS SIN SALA",Ingeniería,2026-1
24869,IAC3901,1,Taller Integrado de Gestión y Dirección de Obras de Infraestructura,"Tala Nayib, Retamal Jaime","V:3,4 CLAS SIN SALA",Ingeniería,2026-1
20297,IAC3911,1,Seminario de Graduación I,"Prieto Andrés, Alarcon Daniela, Vera Sergio, Vergara Luz","V:1,2 CLAS SIN SALA",Ingeniería,2026-1
20298,IAC3921,1,Seminario de Graduación II,"Prieto Andrés, Alarcon Daniela, Vera Sergio, Vergara Luz","V:1,2 CLAS SIN SALA",Ingeniería,2026-1
32676,IAC3940,1,Seminario Empresarial,(Sin Profesores),"V:5,6 CLAS SIN SALA",Ingeniería,2026-1
34061,IAC3950,1,Taller Integrado de Industrialización y Automatización,"Barkokebas Beda, Mourgues Claudio, Prieto Andrés","V:5,6 CLAS SIN SALA",Ingeniería,2026-1
29093,MAN3070,1,Machine Learning,Lobel Hans,: CLAS SIN SALA,Ingeniería,2026-1
29096,MAN3100,1,Procesamiento de Datos Masivos,Reutter Juan,: CLAS SIN SALA,Ingeniería,2026-1
29460,MAN3110,1,Analítica de Operaciones,Ferrer Juan,: CLAS SIN SALA,Ingeniería,2026-1
29489,MAN3140,1,"Seguridad, Privacidad y Protección de Datos",Arenas Marcelo,: CLAS SIN SALA,Ingeniería,2026-1
29492,MAN3160,1,Sistemas Recomendadores,Parra Denis,: CLAS SIN SALA,Ingeniería,2026-1
29490,MAN3220,1,Seminario de Graduación III,"Sepúlveda Marcos, Marshall Pablo",: CLAS SIN SALA,Ingeniería,2026-1
22442,IBM0020,1,Investigación o Proyecto,Dirección Docente,: CLAS SIN SALA,Ingeniería,2026-1
13394,IBM1005,1,Introducción a la Ingeniería Biomédica,"Andia Marcelo, Coronado Ronal",L-W:3 CLAS B22 V:3 AYU B16,Ingeniería,2026-1
31094,IBM2011,1,Laboratorio Ingeniería Biomédica,Paez Valeria,L:5 LAB H3 M:4 LAB H1 J:4 CLAS H4,Ingeniería,2026-1
31095,IBM2011,2,Laboratorio Ingeniería Biomédica,Coronado Ronal,L:5 LAB S12 M:4 LAB H4 J:4 CLAS H3,Ingeniería,2026-1
32625,IBM2011,3,Laboratorio Ingeniería Biomédica,Carvajal Felipe,L:5 LAB H1 M:4 LAB H2 J:4 CLAS H1,Ingeniería,2026-1
32844,IBM2012,1,Monitoreo Fisiológico y Análisis de Datos,Rodriguez Maria,L-W:4 CLAS S16 V:4 AYU S16,Ingeniería,2026-1
20700,IBM2020,1,Introducción a la Biomecánica,Hurtado Daniel,M-J:3 CLAS B14 J:6 AYU BC25 V:5 LAB BC22,Ingeniería,2026-1
13397,IBM2121,1,Biomateriales,Egaña Jose,L-W:6 CLAS AP004 V:2 AYU AP002,Ingeniería,2026-1
15141,IBM2122,1,Diseño en Ingeniería Biomédica I (Capstone),Parot Vicente,"M:5,6 CLAS BC25 J:5 AYU B16",Ingeniería,2026-1
20766,IBM2972,1,Trabajo Personal Dirigido,Dirección Docente,: CLAS SIN SALA,Ingeniería,2026-1
22440,IBM2981,1,Trabajo Personal Dirigido,Dirección Docente,: CLAS SIN SALA,Ingeniería,2026-1
20767,IBM2985,1,Investigación o Proyecto,Dirección Docente,:8 CLAS SIN SALA,Ingeniería,2026-1
20768,IBM2986,1,Investigación o Proyecto,Dirección Docente,: CLAS SIN SALA,Ingeniería,2026-1
22441,IBM2987,1,Investigación o Proyecto,Dirección Docente,: CLAS SIN SALA,Ingeniería,2026-1
20742,IBM3101,1,Advanced Topics in Biological and Medical Engineering I,"Sahli Francisco, Egaña Jose",M-J:5 CLAS AP502 V:4 AYU K305,Ingeniería,2026-1
29213,IBM3103,1,Mathematical Methods for Biological and Medical Engineering,Irarrazaval Pablo,L-W:2 CLAS K301 V:2 AYU C503,Ingeniería,2026-1
29652,IIC100B,1,Pensamiento Computacional y Habilidades Digitales,Hidalgo Luciano,M-J:1 CLAS CRISOL-SJ2 M-J:2 AYU CRISOL-SJ2,Ingeniería,2026-1
29654,IIC100B,2,Pensamiento Computacional y Habilidades Digitales,Hidalgo Luciano,M-J:3 CLAS CRISOL-H1 M-J:4 AYU CRISOL-H1,Ingeniería,2026-1
29655,IIC100B,3,Pensamiento Computacional y Habilidades Digitales,"Burgos Sebastián, Hidalgo Luciano","M:3,4 AYU CITEDUC-B J:3,4 CLAS CS102",Ingeniería,2026-1
32578,IIC100B,5,Pensamiento Computacional y Habilidades Digitales,Contreras Gastón,"W:3,4 CLAS SIN SALA J:5,6 AYU SIN SALA",Ingeniería,2026-1
28541,IRB1010,1,Introducción Exploratoria a la Robótica,"Acuña David, Arévalo Tito, Florea Daniel, Torres Miguel","M:4,5 CLAS LABROBOTIC V:5 LAB BC26",Ingeniería,2026-1
22412,ICC0020,1,Investigacion o Proyecto,Dirección Docente,: CLAS SIN SALA,Ingeniería,2026-1
27902,ICC1001,1,Introducción a la Ingeniería Civil,"Valdivieso Diego, Hube Matias, Labatut Rodrigo",L-W:5 CLAS A2 V:3 AYU B15,Ingeniería,2026-1
22594,ICC2105,1,Materiales de Ingeniería Civil,"Blanco Elodie, Navarrete Iván, Valdivieso Diego",L-W:2 CLAS BC22 V:2 AYU CS204,Ingeniería,2026-1
29362,ICC2105,2,Materiales de Ingeniería Civil,Gonzalez Marcelo,M-J:5 CLAS BC26 V:2 AYU CS204,Ingeniería,2026-1
13405,ICC2204,1,Planificación y Control de Proyectos,"Alarcón Luis, Barkokebas Beda",M-J:3 CLAS BC23,Ingeniería,2026-1
13416,ICC2304,1,Ingeniería de Construcción,"Navarrete Iván, Illesca Daniel","M-J:2 CLAS BC23 V:1,2 TER SIN SALA V:3 AYU FT-101",Ingeniería,2026-1
13419,ICC2312,1,Instalaciones en Edificios,"Vera Sergio, Marmolejo Omar, Morales Ramon, Quiroga Ronald",M-J:3 CLAS B16,Ingeniería,2026-1
13423,ICC2514,1,Ingeniería Vial,Contreras Manuel,L-W:3 CLAS K303 L:5 AYU B22,Ingeniería,2026-1
15231,ICC2913,1,Tecnologias de Informacion en Construccion,Mourgues Claudio,M-J:1 CLAS B21,Ingeniería,2026-1
18748,ICC2944,1,Taller de Proyectos,"Vera Sergio, Cifuentes Francisco, Lamana Ignacio","V:5,6 TAL B15",Ingeniería,2026-1
20771,ICC2972,1,Trabajo Personal Dirigido,Dirección Docente,: CLAS SIN SALA,Ingeniería,2026-1
22408,ICC2981,1,Trabajo Personal Dirigido,Dirección Docente,: CLAS SIN SALA,Ingeniería,2026-1
20770,ICC2985,1,Investigacion o Proyecto,Dirección Docente,: CLAS SIN SALA,Ingeniería,2026-1
22409,ICC2986,1,Investigacion o Proyecto,Dirección Docente,: CLAS SIN SALA,Ingeniería,2026-1
22410,ICC2987,1,Investigacion o Proyecto,Dirección Docente,: CLAS SIN SALA,Ingeniería,2026-1
29363,ICC3125,1,Tecnología y Construcción en Hormigón,Navarrete Iván,M-J:4 CLAS AP504 V:4 AYU BC26,Ingeniería,2026-1
30918,ICC3191,1,Taller de Ingeniería y Gestión de la Construcción (Proyecto de Título),"Vera Sergio, Cifuentes Francisco, Lamana Ignacio","V:5,6 CLAS B15 V:7 TAL K305",Ingeniería,2026-1
30919,ICC3192,1,Taller de Ingeniería de Diseño y Construcción (Proyecto de Título),"Vera Sergio, Cifuentes Francisco, Lamana Ignacio","V:5,6 CLAS B15 V:7 TAL K305",Ingeniería,2026-1
30920,ICC3193,1,Taller de Ingeniería Industrial en Construcción (Proyecto de Título),"Vera Sergio, Cifuentes Francisco, Lamana Ignacio","V:5,6 CLAS B15 V:7 TAL K305",Ingeniería,2026-1
13434,ICC3214,1,Administración de Proyectos,"Alarcón Luis, Por Fijar",L-W:1 CLAS B15,Ingeniería,2026-1
23237,ICC3253,1,Gestion y Mejoramiento de la Calidad,Sarmiento Alfredo,M-J:1 CLAS H4,Ingeniería,2026-1
13440,ICC3264,1,Ingeniería de Costos,"Prieto Andrés, Gaete Luis",L-W:5 CLAS B16,Ingeniería,2026-1
23778,ICC3312,1,Diseño de Instalaciones en Edificios,"Vera Sergio, Marmolejo Omar, Morales Ramon, Quiroga Ronald",M-J:3 CLAS B16 V:1 TAL H1,Ingeniería,2026-1
13444,ICC3323,1,Gestion Inmobiliaria,Valenzuela Sylvia,"M:5,6 CLAS SIN SALA",Ingeniería,2026-1
13447,ICC3434,1,Construcción de Obras Industriales,"Barkokebas Beda, Contreras Martin","L-W:4 CLAS B21 V:1,2 TER SIN SALA V:3 TAL BC26",Ingeniería,2026-1
29365,ICC3480,1,Construcción Industrializada,Barkokebas Beda,L:6 TAL K304 M-J:2 CLAS D303,Ingeniería,2026-1
32745,ICC3543,1,Gestion de Infraestructura,"Contreras Manuel, Sandoval Gonzalo",L-W:2 CLAS K303,Ingeniería,2026-1
15240,ICC3914,1,Tecnologías de Información en la Industria de la Construcción,Mourgues Claudio,M-J:1 CLAS B21 V:2 TAL H1,Ingeniería,2026-1
33961,ICC3954,1,Transformación Digital en la Construcción,"Mourgues Claudio, Prieto Andrés",L-W:2 CLAS ED217,Ingeniería,2026-1
23512,ICE0020,1,Investigacion o Proyecto,Dirección Docente,: CLAS SIN SALA,Ingeniería,2026-1
31909,ICE100G,1,Chile: País Sísmico,Crempien Jorge,M-J:5 CLAS C404,Ingeniería,2026-1
25963,ICE1514,1,Dinámica,Almazan Jose,L-W:2 CLAS B22 M:5 AYU B16 V:2 TAL B22,Ingeniería,2026-1
25993,ICE2006,1,Estática,Junemann Rosita,L:5 TAL C201 M-J:1 CLAS AE202 W:6 AYU C202,Ingeniería,2026-1
33273,ICE2026,1,Geología de Campo I (Capstone),Del Real Irene,L-W:3 CLAS SDEPTO-ICE,Ingeniería,2026-1
28134,ICE2028,1,Mineralogía y Petrología,"Arancibia Gloria, Tassara Carlos","M-J:5 CLAS LABCYT PRM V:5,6 LAB LABCYT GEO",Ingeniería,2026-1
13470,ICE2114,1,Análisis Estructural I,Poulos Alan,L:5 LAB BC24 M-J:1 CLAS S9 W:6 AYU B23,Ingeniería,2026-1
13475,ICE2313,1,Mecánica de Sólidos,Jordan Rodrigo,L-W:3 CLAS B13 W:6 AYU B13 V:3 LAB B23,Ingeniería,2026-1
13486,ICE2533,1,Estructuras de Acero,Zegard Tomas,L-W-V:1 CLAS BC23 L:4 AYU BC21,Ingeniería,2026-1
13489,ICE2604,1,Fundamentos de Geotecnia,Ledezma Christian,L-W:2 CLAS B24 M-J:4 LAB AL3,Ingeniería,2026-1
13496,ICE2623,1,Introducción a la Geología Física,Moreno Marcos,"M-J:2 CLAS C307 W:5,6 LAB BC22",Ingeniería,2026-1
13501,ICE2633,1,Geología Estructural y Tectónica,Moreno Marcos,M-J:3 CLAS C307 M:6 LAB H3,Ingeniería,2026-1
15120,ICE2640,1,Recursos y Exploración Geológica,Del Real Irene,"L-W:4 CLAS SDEPTO-ICE J:5,6 LAB LABCYT GEO",Ingeniería,2026-1
28361,ICE2643,1,Métodos Geofísicos para Ingeniería,Cabrera Leoncio,"L:5,6 LAB LABCYT GEO M-J:2 CLAS SDEPTO-ICE",Ingeniería,2026-1
13508,ICE2703,1,Ingeniería Antisísmica,Lopez-Garcia Diego,L:5 AYU AP403 M-J:3 CLAS AP301 W:5 TAL BC26,Ingeniería,2026-1
23511,ICE2972,1,Trabajo Personal Dirigido,Dirección Docente,: CLAS SIN SALA,Ingeniería,2026-1
23043,ICE2981,1,Trabajo Personal Dirigido,Dirección Docente,: CLAS SIN SALA,Ingeniería,2026-1
23430,ICE2985,1,Investigacion o Proyecto,Dirección Docente,: CLAS SIN SALA,Ingeniería,2026-1
23500,ICE2986,1,Investigacion o Proyecto,Dirección Docente,: CLAS SIN SALA,Ingeniería,2026-1
23501,ICE2987,1,Investigacion o Proyecto,Dirección Docente,: CLAS SIN SALA,Ingeniería,2026-1
13531,ICE3124,1,Análisis Estructural II,Zegard Tomas,L-W-V:2 CLAS BC23,Ingeniería,2026-1
13535,ICE3233,1,Elementos Finitos,Gutierrez Sergio,M-J:4 CLAS AP003 V:4 AYU B22,Ingeniería,2026-1
13540,ICE3413,1,Hormigon Armado Avanzado,Hube Matias,L-W:3 CLAS AP602 V:3 AYU AP402,Ingeniería,2026-1
33154,ICE3443,1,Diseño de Puentes,Santa Maria Hernan,M-J:3 CLAS SDEPTO-ICE,Ingeniería,2026-1
19969,ICE3513,1,Diseño y Construcción Avanzada en Madera,Valdivieso Diego,L-W:4 CLAS H1 V:3 AYU H3,Ingeniería,2026-1
22713,ICE3613,1,Mecánica de Suelos Avanzada,Tiznado Juan,L-W:2 CLAS C509,Ingeniería,2026-1
13547,ICE3653,1,Mecánica de Rocas,Por Fijar,"V:1,2 CLAS SDEPTO-ICE V:5 LAB LABCYT GEO",Ingeniería,2026-1
26010,ICE3663,1,Dinámica de Suelos,Ubilla Javier,L-W:4 CLAS H4,Ingeniería,2026-1
26013,ICE3693,1,Sismotectónica,"Crempien Jorge, Cabrera Leoncio",M-J:3 CLAS LABCYT PRM,Ingeniería,2026-1
19201,ICE3753,1,Sistemas Innovativos de Diseño Sismo-Resistente,Fernández Claudio,L-W-V:1 CLAS H4,Ingeniería,2026-1
30809,ICE3880,1,Proyecto de Diseño Sismo-Resistente (Proyecto de Título),"Cortés Arturo, Hube Matias, Lopez-Garcia Diego",M-J:1 CLAS SDEPTO-ICE M-J:5 TAL SDEPTO-ICE,Ingeniería,2026-1
25234,ICH0020,1,Investigacion o Proyecto,Dirección Docente,L-M-W-J-V: CLAS SIN SALA,Ingeniería,2026-1
13568,ICH1005,1,Desafíos en Recursos Hídricos y Medio Ambiente,Vicuna Sebastian,M-J-V:2 CLAS C403,Ingeniería,2026-1
31200,ICH100G,1,Agua y Futuro: Gestión en Chile,Yáñez Gonzalo,"V:3,4 CLAS BC21",Ingeniería,2026-1
13581,ICH1104,1,Mecánica de Fluidos,Brevis Wernher,L-W-V:3 CLAS AL4,Ingeniería,2026-1
13577,ICH1104,2,Mecánica de Fluidos,Herrmann Benjamín,L-W-V:5 CLAS D305,Ingeniería,2026-1
32735,ICH1104,3,Mecánica de Fluidos,Escauriaza Cristian,L-W-V:3 CLAS CS303,Ingeniería,2026-1
13584,ICH2114,1,Ingeniería Hidráulica,Suarez Francisco,L-W-V:4 CLAS D305,Ingeniería,2026-1
13589,ICH2124,1,Análisis y Diseño Hidráulico,Escauriaza Cristian,L-W-V:4 CLAS CS303,Ingeniería,2026-1
13593,ICH2204,1,Hidrología,Gironas Jorge,M-J:3 CLAS BC22 V:6 CLAS BC23,Ingeniería,2026-1
13604,ICH2304,1,Ingeniería Ambiental,Vargas Ignacio,M-J:2 CLAS B22 W:5 CLAS B25,Ingeniería,2026-1
13608,ICH2304,2,Ingeniería Ambiental,Leiva Eduardo,M-J:3 CLAS BC21 V:6 CLAS B22,Ingeniería,2026-1
14945,ICH2314,1,Calidad del Agua,"Pasten Pablo, Vega Alejandra",L:6 CLAS BC26 M-J:1 CLAS B15,Ingeniería,2026-1
13612,ICH2574,1,Taller de Obras Hidráulicas,Flórez Freddy,"V:5,6 CLAS D306",Ingeniería,2026-1
25235,ICH2972,1,Trabajo Personal Dirigido,Dirección Docente,: CLAS SIN SALA,Ingeniería,2026-1
25236,ICH2981,1,Trabajo Personal Dirigido,Dirección Docente,: CLAS SIN SALA,Ingeniería,2026-1
25238,ICH2985,1,Investigacion o Proyecto,Dirección Docente,: CLAS SIN SALA,Ingeniería,2026-1
25239,ICH2986,1,Investigacion o Proyecto,Dirección Docente,: CLAS SIN SALA,Ingeniería,2026-1
25240,ICH2987,1,Investigacion o Proyecto,Dirección Docente,: CLAS SIN SALA,Ingeniería,2026-1
31210,ICH3124,1,Transientes Hidráulicos en Sistemas Presurizados,Adriasola Jose,"V:5,6 CLAS K300",Ingeniería,2026-1
32736,ICH3152,1,Modelacion en Ingenieria Hidraulica,Escauriaza Cristian,M:5 CLAS AP005 J:5 CLAS S19,Ingeniería,2026-1
30595,ICH3214,1,Agua Subterránea,Blin Nicole,L-W-V:2 CLAS AP004,Ingeniería,2026-1
24745,ICH3222,1,Hidrología y Eventos Extremos,Gironas Jorge,M-J:4 CLAS BC22 M:5 CLAS H3,Ingeniería,2026-1
17100,ICH3350,1,Microbiología Aplicada a la Ingeniería Ambiental,Vargas Ignacio,"V:2,3 CLAS SIN SALA",Ingeniería,2026-1
14652,ICH3374,1,Tratamiento Físicoquímico,Labatut Rodrigo,M-J:3 CLAS AP604 V:6 CLAS BC25,Ingeniería,2026-1
17101,ICH3532,1,Centrales de Generacion,Wilmans Walter,"V:5,6 CLAS K307",Ingeniería,2026-1
32738,ICH3600,1,Biofísica Ambiental,Faundez Carlos,L-W-V:5 CLAS AP004,Ingeniería,2026-1
30922,ICH3900,1,Taller de Proyectos en Ingeniería Hidráulica y Ambiental (Proyecto de Título),"Sola Iván, Brevis Wernher, Faundez Carlos, Herrmann Benjamín, Labatut Rodrigo",M-J:5 CLAS N11,Ingeniería,2026-1
21110,ICM0020,1,Investigacion o Proyecto,Dirección Docente,: CLAS SIN SALA,Ingeniería,2026-1
29794,ICM1002,1,Diseño Gráfico en Ingeniería Mecánica,Vergara José,"M:1,2 CLAS B13 V:4 AYU CS203",Ingeniería,2026-1
18209,ICM2003,1,Sistemas Electromecánicos,Bravo Pablo,L-W:3 CLAS BC21 V:3 AYU BC23,Ingeniería,2026-1
20721,ICM2022,1,Diseño Mecánico,Espinoza Ariel,L-W:1 CLAS BC21 V:1 AYU BC21,Ingeniería,2026-1
28243,ICM2026,1,Proyecto de Diseño Mecánico (Capstone),Jacob Wilhelm,"J:5,6 CLAS AP002",Ingeniería,2026-1
23700,ICM2028,1,Mecánica de Materiales,Sahli Francisco,L-W:3 CLAS A2 V:3 AYU B18,Ingeniería,2026-1
13666,ICM2213,1,Conversión de Energía,Jahn Wolfram,M-J:3 CLAS BC25 V:6 AYU B16,Ingeniería,2026-1
22626,ICM2223,1,Transferencia de Calor,Castillejo Armando,M-J:4 CLAS BC21 V:3 AYU A6,Ingeniería,2026-1
14663,ICM2343,1,Taller de Diseño de Productos,Por Fijar,L-W:4 CLAS BC26,Ingeniería,2026-1
19952,ICM2403,1,Ciencia de los Materiales,Leighton José,L-W:4 CLAS B24 V:4 AYU B18,Ingeniería,2026-1
13695,ICM2503,1,Procesos de Manufactura,Lechuga Felipe,"L:1,2 LAB SEM_6_P4 W:5,6 CLAS BC21 V:4 AYU BC25",Ingeniería,2026-1
15137,ICM2503,2,Procesos de Manufactura,Lechuga Felipe,"M:1,2 LAB SEM_1_P4 W:5,6 CLAS BC21 V:4 AYU BC25",Ingeniería,2026-1
17597,ICM2503,3,Procesos de Manufactura,Lechuga Felipe,"W:1,2 LAB SEM_1_P4 W:5,6 CLAS BC21 V:4 AYU BC25",Ingeniería,2026-1
17614,ICM2503,4,Procesos de Manufactura,Cevallos Felipe,"W:5,6 CLAS AP404 J:1,2 LAB SEM_6_P2 V:4 AYU ED215",Ingeniería,2026-1
17618,ICM2503,5,Procesos de Manufactura,Cevallos Felipe,"W:5,6 CLAS AP404 V:1,2 LAB SEM_1_P4 V:4 AYU ED215",Ingeniería,2026-1
13700,ICM2803,1,Dinámica de Sistemas Mecánicos,Aguilera Sergio,M-J:2 CLAS B18 V:5 AYU B25,Ingeniería,2026-1
22628,ICM2813,1,Control de Sistemas Mecánicos,Acuña David,L-W:2 CLAS B25 V:2 LAB B15,Ingeniería,2026-1
25984,ICM2813,2,Control de Sistemas Mecánicos,Acuña David,L-W:2 CLAS B25 V:3 LAB E16,Ingeniería,2026-1
21111,ICM2972,1,Trabajo Personal Dirigido,Dirección Docente,:8 CLAS SIN SALA,Ingeniería,2026-1
22418,ICM2981,1,Trabajo Personal Dirigido,Dirección Docente,: CLAS SIN SALA,Ingeniería,2026-1
20532,ICM2985,1,Investigacion o Proyecto,Dirección Docente,: CLAS SIN SALA,Ingeniería,2026-1
20536,ICM2986,1,Investigacion o Proyecto,Dirección Docente,: CLAS SIN SALA,Ingeniería,2026-1
22419,ICM2987,1,Investigacion o Proyecto,Dirección Docente,: CLAS SIN SALA,Ingeniería,2026-1
13715,ICM3213,1,Energía Sustentable,Cortes Cristian,L-W:5 CLAS B14,Ingeniería,2026-1
32573,ICM3233,1,"Refrigeración, Ventilación y Climatización",Hormazabal Fabian,L-W:3 CLAS E17 V:3 AYU C500,Ingeniería,2026-1
13718,ICM3243,1,Combustión,Jahn Wolfram,M-J:2 CLAS BC25,Ingeniería,2026-1
24851,ICM3251,1,Evaluación y Predicción de Recurso Solar,Escobar Rodrigo,L-W:5 CLAS H4,Ingeniería,2026-1
34009,ICM3252,1,Integración de Energía Solar Térmica a Procesos Industriales,"Cardemil José, Wolde Ian",L-W:4 CLAS H3,Ingeniería,2026-1
29782,ICM3254,1,Concentración Solar de Potencia,Gesser Felipe,M-J:5 CLAS SEM_6_P4,Ingeniería,2026-1
31669,ICM3256,1,Tecnologías de Almacenamiento de Energía,"Cardemil José, Arias Ignacio, Castillejo Armando, Wolde Ian",M-J:3 CLAS K302,Ingeniería,2026-1
29499,ICM3290,1,Sistemas Térmicos y de Conversión de Energía,Cardemil José,M-J:4 CLAS K302 W:6 AYU C508,Ingeniería,2026-1
30915,ICM3313,1,Diseño de Máquinas,Celentano Diego,M-J:3 CLAS BC26 J:4 CLAS BC25,Ingeniería,2026-1
30923,ICM3390,1,Taller de Diseño de Productos Mecánicos (Proyecto de Título),Espinoza Ariel,L-W:4 CLAS BC26,Ingeniería,2026-1
31250,ICM3390,2,Taller de Diseño de Productos Mecánicos (Proyecto de Título),Oyarzun Juan,L-W:4 CLAS BC26,Ingeniería,2026-1
29783,ICM3480,1,Monitoreo de Condición,Acuña David,L-W:4 CLAS ED214 V:4 AYU AE108,Ingeniería,2026-1
30940,ICM3532,1,Comportamiento Mecanico de los Materiales,Ramos Jorge,L-W:3 CLAS B16 V:4 CLAS B21,Ingeniería,2026-1
29788,ICM3534,1,Daño de Materiales por Acción del Medio Ambiente,Walczak Magdalena,L-W:2 CLAS C403,Ingeniería,2026-1
27873,ICM3553,1,Ingeniería de Superficie y Tribología,"Marian Max, Leighton José, Tomar Adesh",L-W:3 CLAS TMP102,Ingeniería,2026-1
24853,ICM3762,1,Metodos Modernos de Manufacturas,Ramos Jorge,M-J:5 CLAS B21 V:5 AYU B16,Ingeniería,2026-1
22422,ICS0020,1,Investigacion o Proyecto,Dirección Docente,: CLAS SIN SALA,Ingeniería,2026-1
14598,ICS1113,1,Optimización,Castro Margarita,L-W:4 CLAS A5 V:4 TAL A5 S:2 AYU SIN SALA,Ingeniería,2026-1
14608,ICS1113,2,Optimización,Cuadrado Raimundo,L-W:1 CLAS B12 V:1 TAL A5 S:2 AYU SIN SALA,Ingeniería,2026-1
17539,ICS1113,3,Optimización,Villafranca Matías,L-W:2 CLAS B12 V:2 TAL A1 S:2 AYU SIN SALA,Ingeniería,2026-1
20276,ICS1113,4,Optimización,Villavicencio Jorge,L:6 TAL B17 M-J:3 CLAS B18 S:2 AYU SIN SALA,Ingeniería,2026-1
33187,ICS1113,5,Optimización,Toro Camila,L:6 TAL B14 M-J:1 CLAS BC23 S:2 AYU SIN SALA,Ingeniería,2026-1
17059,ICS113H,1,Optimización-Honors,Caracci Juan,M-J:1 CLAS BC25 V:1 TAL BC26 S:2 AYU SIN SALA,Ingeniería,2026-1
29484,ICS1513,1,Introducción a la Economía,De Geyter Matías,L:6 TAL BC24 M-J:3 CLAS B23,Ingeniería,2026-1
14618,ICS1513,2,Introducción a la Economía,"Olea Ingrid, Contesse María",L-W:1 CLAS B23 V:1 TAL B23,Ingeniería,2026-1
14622,ICS1513,3,Introducción a la Economía,Namur Emil,L-W:1 CLAS AE102 V:1 TAL BC24,Ingeniería,2026-1
29482,ICS1513,4,Introducción a la Economía,Perez Manuel,L:6 TAL B13 M-J:1 CLAS B23,Ingeniería,2026-1
14630,ICS2023,1,Análisis de Riesgo Ambiental,Cifuentes Luis,L:6 AYU H1 M-J:2 CLAS H3,Ingeniería,2026-1
22721,ICS2031,1,Estrategia y Comercialización de Innovaciones Tecnológicas,Pizarro Jorge,"W:2,3 CLAS SIN SALA",Ingeniería,2026-1
17058,ICS2121,1,Métodos de Optimización,Vera Jorge,M-J:5 CLAS A1 J:6 TAL A1,Ingeniería,2026-1
19170,ICS2122,1,Taller de Investigación Operativa (Capstone),"Vera Jorge, De Geyter Matías",M-J:2 CLAS B17 W:6 TAL K204,Ingeniería,2026-1
29486,ICS2122,2,Taller de Investigación Operativa (Capstone),"Chiu Agustín, Villavicencio Jorge, Widemann Steffan",M-J:2 CLAS B14 W:6 TAL K204,Ingeniería,2026-1
16515,ICS2123,1,Modelos Estocásticos,Verdugo Victor,L-W:2 CLAS B11 V:2 AYU K203,Ingeniería,2026-1
30537,ICS2123,2,Modelos Estocásticos,Perez Manuel,M-J:3 CLAS B25 V:6 AYU BC22,Ingeniería,2026-1
14634,ICS2123,3,Modelos Estocásticos,Godoy Veronica,M-J:2 CLAS BC21 W:6 AYU B25,Ingeniería,2026-1
16514,ICS2123,4,Modelos Estocásticos,Navarro Andrés,L:6 AYU B11 M-J:1 CLAS AE101,Ingeniería,2026-1
32671,ICS2133,1,Fundamentos de Simulación de Sistemas Estocásticos,Castro Margarita,L-W:5 CLAS BC23 V:5 AYU B22,Ingeniería,2026-1
14639,ICS2523,1,Microeconomía,Raineri Ricardo,L-W:2 CLAS AE102 V:2 TAL C201,Ingeniería,2026-1
14638,ICS2523,2,Microeconomía,Raineri Ricardo,L-W:3 CLAS AE102 V:3 TAL AE102,Ingeniería,2026-1
14637,ICS2523,3,Microeconomía,Perez de Arce Miguel,L-W:1 CLAS CS203 V:1 TAL B13,Ingeniería,2026-1
22666,ICS2523,4,Microeconomía,Galilea Patricia,M-J:4 CLAS AP301 M:5 TAL B14,Ingeniería,2026-1
27453,ICS2563,1,Econometría Aplicada,Dominguez Patricio,L-W:2 CLAS K201 V:2 AYU B11,Ingeniería,2026-1
14086,ICS2613,1,Contabilidad y Control de Gestión,Olivares Claudio,L-W:1 CLAS A7 V:1 AYU B12,Ingeniería,2026-1
14083,ICS2613,2,Contabilidad y Control de Gestión,Olivares Claudio,L:6 AYU B12 M-J:1 CLAS K202,Ingeniería,2026-1
15142,ICS2613,3,Contabilidad y Control de Gestión,Vazon Enzo,M-J:4 CLAS K204 M:5 AYU B11,Ingeniería,2026-1
30942,ICS2613,4,Contabilidad y Control de Gestión,Bastías Andrés,L:6 AYU B18 M-J:1 CLAS D303,Ingeniería,2026-1
14666,ICS2813,1,Organización y Comportamiento en la Empresa,Valdés Gonzalo,L-W:2 CLAS AM1 V:2 TAL B12,Ingeniería,2026-1
16615,ICS2813,2,Organización y Comportamiento en la Empresa,Leatherbee Michael,L-W:3 CLAS M1 V:2 TAL K204,Ingeniería,2026-1
17365,ICS2813,3,Organización y Comportamiento en la Empresa,Leatherbee Michael,L-W:4 CLAS AE001 V:2 TAL B13,Ingeniería,2026-1
20538,ICS2972,1,Trabajo de Personal Dirigido,Dirección Docente,: CLAS SIN SALA,Ingeniería,2026-1
22420,ICS2981,1,Trabajo Personal Dirigido,Dirección Docente,: CLAS SIN SALA,Ingeniería,2026-1
20545,ICS2985,1,Investigacion o Proyecto,Dirección Docente,:8 CLAS SIN SALA,Ingeniería,2026-1
21113,ICS2986,1,Investigacion o Proyecto,Dirección Docente,: CLAS SIN SALA,Ingeniería,2026-1
22421,ICS2987,1,Investigacion o Proyecto,Dirección Docente,: CLAS SIN SALA,Ingeniería,2026-1
28771,ICS3012,1,Seminario de Ingenieria de Sistema,"Delgado Felipe, Ferrer Juan","M:5,6 CLAS SIN SALA",Ingeniería,2026-1
33240,ICS3013,1,Evaluación de Proyectos,Gonzalez Rodrigo,"L:5,6 CLAS BC25 V:1,2 TAL AP404",Ingeniería,2026-1
33243,ICS3013,2,Evaluación de Proyectos,Halcartegaray Felix,"W:5,6 CLAS AP604 V:1,2 TAL ID300",Ingeniería,2026-1
14142,ICS3213,1,Gestión de Operaciones,Mac Cawley Alejandro,L-W:1 CLAS K200 V:1 AYU B11,Ingeniería,2026-1
14138,ICS3213,2,Gestión de Operaciones,Mac Cawley Alejandro,L-W:2 CLAS K200 V:2 AYU K202,Ingeniería,2026-1
28237,ICS3213,3,Gestión de Operaciones,Carrasco Rodrigo,M-J:2 CLAS C202 W:6 AYU AE002,Ingeniería,2026-1
14151,ICS3252,1,Topicos Avanzados en Finanzas,Cortazar Gonzalo,"V:1,2,3 CLAS AP604",Ingeniería,2026-1
14156,ICS3313,1,Marketing,Maturana Sergio,M-J:3 CLAS K201 V:6 AYU B12,Ingeniería,2026-1
14161,ICS3313,2,Marketing,Martinez Carolina,M-J:3 CLAS CS-102 V:6 AYU B11,Ingeniería,2026-1
15218,ICS3313,3,Marketing,Torrealba Daniela,L-W:1 CLAS AL2 V:1 AYU S9,Ingeniería,2026-1
14168,ICS3413,1,Finanzas,Batista Julian,M-J:2 CLAS A7 J:6 TAL C202,Ingeniería,2026-1
14687,ICS3413,2,Finanzas,Batista Julian,M-J:3 CLAS BC24 J:6 TAL B23,Ingeniería,2026-1
25983,ICS3413,3,Finanzas,Gonzalez Rodrigo,M-J:3 CLAS B12 V:4 TAL A1,Ingeniería,2026-1
29814,ICS3413,4,Finanzas,Gonzalez Rodrigo,M-J:4 CLAS B12 V:4 TAL A1,Ingeniería,2026-1
14176,ICS3502,1,Marketing,Torrealba Daniela,L-W:1 CLAS AL2 V:1 AYU S9,Ingeniería,2026-1
20046,ICS3582,1,Marketing Estrategico,Martinez Carolina,M-J:5 CLAS B18 J:6 AYU B15,Ingeniería,2026-1
14185,ICS3762,1,Tópicos Avanzados Economia Industrial y Regulacion,Raineri Ricardo,L-W:5 CLAS SIN SALA V:5 AYU SIN SALA,Ingeniería,2026-1
32723,ICS3810,1,Diseno de Mecanismos de Mercado,Sauma Enzo,"J:3,4 CLAS C401",Ingeniería,2026-1
30941,ICS3913,1,Evaluación de Proyectos (Proyecto de Título),Cruz Alfonso,"L:5,6 CLAS H2 V:1,2 TAL T3225",Ingeniería,2026-1
30944,ICS3913,2,Evaluación de Proyectos (Proyecto de Título),Saavedra Felipe,"W:5,6 CLAS F201 V:1,2 TAL S8",Ingeniería,2026-1
31142,ICS3913,3,Evaluación de Proyectos (Proyecto de Título),Lorca Christopher,"L:5,6 CLAS CS404 V:1,2 TAL AP601",Ingeniería,2026-1
32026,ICS3913,4,Evaluación de Proyectos (Proyecto de Título),Pérez-Cotapos Víctor,"W:5,6 CLAS B22 V:1,2 TAL AP401",Ingeniería,2026-1
32033,ICS3913,5,Evaluación de Proyectos (Proyecto de Título),Perez de Arce Miguel,"L:5,6 CLAS K305 V:1,2 TAL SALA STEM",Ingeniería,2026-1
32949,ICS3913,6,Evaluación de Proyectos (Proyecto de Título),Perez de Arce Miguel,"W:5,6 CLAS B21 V:1,2 TAL AP103",Ingeniería,2026-1
33133,ICS3913,7,Evaluación de Proyectos (Proyecto de Título),Von Bernath Juan,"L:5,6 CLAS K307 V:1,2 TAL ED219",Ingeniería,2026-1
32041,ICS3913,8,Evaluación de Proyectos (Proyecto de Título),Von Bernath Juan,"W:5,6 CLAS ID300 V:1,2 TAL K301",Ingeniería,2026-1
32042,ICS3913,9,Evaluación de Proyectos (Proyecto de Título),Gonzalez Rodrigo,"L:5,6 CLAS BC25 V:1,2 TAL AP404",Ingeniería,2026-1
32043,ICS3913,10,Evaluación de Proyectos (Proyecto de Título),Halcartegaray Felix,"W:5,6 CLAS AP604 V:1,2 TAL ID300",Ingeniería,2026-1
25241,ICT0020,1,Investigacion o Proyecto,Dirección Docente,: CLAS SIN SALA,Ingeniería,2026-1
33009,ICT1103,1,Transporte y Logística: Cómo Se Mueve el Mundo,Raveau Sebastian,L-W:2 CLAS JECOEYMANS V:2 AYU J3,Ingeniería,2026-1
14211,ICT2213,1,Modelos de Demanda de Transporte,Faria Thiago,L-W-V:4 CLAS A4,Ingeniería,2026-1
14219,ICT2223,1,Modelos de Tráfico,Guaman Diego,L-W-V:2 CLAS A2,Ingeniería,2026-1
14224,ICT2233,1,Flujo en Redes,Klapp Mathias,L-W:3 CLAS A6 V:3 AYU B24,Ingeniería,2026-1
14227,ICT2303,1,Tecnología de Medios de Transporte,"Godoy Francisco, Bendek Angel",M-J:2 CLAS C402,Ingeniería,2026-1
14232,ICT2904,1,Ingeniería de Sistemas de Transporte,"Galilea Patricia, Giesen Ricardo, Herrera Juan, Hurtubia Ricardo",M-J:2 CLAS B25 W:6 CLAS B24,Ingeniería,2026-1
25242,ICT2972,1,Trabajo Personal Dirigido,Dirección Docente,: CLAS SIN SALA,Ingeniería,2026-1
25244,ICT2981,1,Trabajo Personal Dirigido,Dirección Docente,: CLAS SIN SALA,Ingeniería,2026-1
25245,ICT2985,1,Investigacion o Proyecto,Dirección Docente,: CLAS SIN SALA,Ingeniería,2026-1
25247,ICT2986,1,Investigacion o Proyecto,Dirección Docente,: CLAS SIN SALA,Ingeniería,2026-1
25248,ICT2987,1,Investigacion o Proyecto,Dirección Docente,: CLAS SIN SALA,Ingeniería,2026-1
14241,ICT3103,1,Economía de Transporte,Silva Hugo,L-W:2 CLAS AP403 V:5 AYU AE213,Ingeniería,2026-1
14704,ICT3113,1,Evaluación Social de Proyectos,Rizzi Luis,"M:5 CLAS B24 J:5,6 CLAS B14",Ingeniería,2026-1
30924,ICT3114,1,Proyecto de Título Industrial Transporte (Proyecto de Título),Rizzi Luis,"M:5 CLAS B24 J:5,6 CLAS B14",Ingeniería,2026-1
31148,ICT3114,2,Proyecto de Título Industrial Transporte (Proyecto de Título),Cherubini Angelo,"M:5 CLAS B24 J:5,6 CLAS B14",Ingeniería,2026-1
31175,ICT3114,3,Proyecto de Título Industrial Transporte (Proyecto de Título),Koffmann Eduardo,"M:5 CLAS B24 J:5,6 CLAS B14",Ingeniería,2026-1
24128,ICT3115,1,Sistemas Urbanos Inteligentes,Lobel Hans,M-J:2 CLAS JECOEYMANS V:2 AYU JECOEYMANS,Ingeniería,2026-1
29519,ICT3255,1,Políticas de Transporte Urbano,Briones Julio,V:5 CLAS AP007 V:6 AYU AP007,Ingeniería,2026-1
14252,ICT3273,1,Modelos Avanzados de Tráfico,"Sommariva Pablo, Herrera Juan",L-W:3 CLAS JECOEYMANS V:3 AYU H4,Ingeniería,2026-1
14256,ICT3283,1,Equilibrio en Redes de Transporte,Delgado Felipe,M-J:3 CLAS B15 V:6 AYU B14,Ingeniería,2026-1
34016,ICT3352,1,Teoría de Colas,Herrera Juan,L:4 CLAS JECOEYMANS W:4 CLAS SALA_DILAB,Ingeniería,2026-1
31022,ICT3435,1,Modelos de Comportamiento,Raveau Sebastian,L-W:4 CLAS K301 V:4 AYU J3,Ingeniería,2026-1
28195,ICT3440,1,Gestión Portuaria,Fernandez Jose,"L:5,6 CLAS AP007 V:4 AYU H3",Ingeniería,2026-1
33067,ICT3443,1,Ingeniería Logística,Giesen Ricardo,"J:3,4 CLAS AP501 V:6 AYU BC26",Ingeniería,2026-1
16558,ICT3464,1,Ruteo de Vehiculos,Larrain Homero,M-J:2 CLAS AP101 W:6 AYU BC26,Ingeniería,2026-1
28274,ICT3623,1,Transporte Público,Giesen Ricardo,"L:5,6 CLAS K301",Ingeniería,2026-1
20230,ICT3984,2,Planificación de Sistemas de Transporte Urbano,Soto Alexandra,M-J-V:3 CLAS JECOEYMANS,Ingeniería,2026-1
21114,IIC0020,1,Investigacion o Proyecto,Dirección Docente,:8 CLAS SIN SALA,Ingeniería,2026-1
27803,IIC1001,1,Algoritmos y Sistemas Computacionales,Ruz Cristian,M-J:3 CLAS K203,Ingeniería,2026-1
10626,IIC1005,1,Computación: Ciencia y Tecnología del Mundo Digital,Munoz Jorge,M-J:2 CLAS A5 M:5 AYU M1 J:5 AYU B12,Ingeniería,2026-1
27251,IIC100G,1,En Búsqueda del Bienestar: ¿Qué Nos Dice la Ciencia?,"Baier Jorge, Hidalgo Ximena",M-J:5 CLAS AE102,Ingeniería,2026-1
33143,IIC101G,1,Inteligencia Artificial: Ciencia y Sociedad,Dunstan Jocelyn,M-J:5 CLAS AE101,Ingeniería,2026-1
33144,IIC102G,1,Inteligencia Artificial: Ciencia y Sociedad,Toro Rodrigo,M-J:5 CLAS AE203,Ingeniería,2026-1
10641,IIC1062,1,Introduccion a  las Aplicaciones Computacionales,Spencer Hugo,M-J:3 CLAS SIN SALA M:4 AYU SIN SALA,Ingeniería,2026-1
10647,IIC1062,2,Introduccion a  las Aplicaciones Computacionales,Barrera Marcia,M-J:1 CLAS SIN SALA V:1 AYU SIN SALA,Ingeniería,2026-1
10701,IIC1103,1,Introducción a la Programación,Hernandez Juan,"L-W:2 CLAS K204 J:5,6 LAB B11",Ingeniería,2026-1
10677,IIC1103,2,Introducción a la Programación,Marquinez José,"L:5,6 LAB K201 M-J:1 CLAS B11",Ingeniería,2026-1
10694,IIC1103,3,Introducción a la Programación,Velásquez Ignacio,"L-W:2 CLAS AL3 L:5,6 LAB R6",Ingeniería,2026-1
10690,IIC1103,4,Introducción a la Programación,López Rodrigo,"M-J:2 CLAS B12 J:5,6 LAB AM2",Ingeniería,2026-1
22613,IIC1103,5,Introducción a la Programación,Dunstan Jocelyn,"L-W:3 CLAS A3 J:5,6 LAB K200",Ingeniería,2026-1
22614,IIC1103,6,Introducción a la Programación,Marin Felipe,"M-J:2 CLAS K201 V:5,6 LAB K200",Ingeniería,2026-1
22615,IIC1103,7,Introducción a la Programación,Del Solar Bianca,"M-J:1 CLAS K201 V:5,6 LAB K202",Ingeniería,2026-1
22616,IIC1103,8,Introducción a la Programación,Herskovic Valeria,"L-W:3 CLAS K201 W:5,6 LAB A3",Ingeniería,2026-1
33140,IIC1103,9,Introducción a la Programación,Urvina Ricardo,"L-W:1 CLAS K204 J:5,6 LAB M1",Ingeniería,2026-1
33141,IIC1103,10,Introducción a la Programación,Correa Sofia,"M-J:2 CLAS B11 M:5,6 LAB B12",Ingeniería,2026-1
10706,IIC1253,1,Matemáticas Discretas,Caraball José,L-W:2 CLAS K202 V:4 AYU B11,Ingeniería,2026-1
20789,IIC1253,2,Matemáticas Discretas,Elberg Rafael,L-W:2 CLAS K203 W:4 AYU B11,Ingeniería,2026-1
25307,IIC1253,3,Matemáticas Discretas,Kozachinskiy Alexander,L-W:2 CLAS B21 W:5 AYU B17,Ingeniería,2026-1
33883,IIC2002,1,Práctica de Ciencia de la Computación,Suarez Francisco,: CLAS SIN SALA,Ingeniería,2026-1
28241,IIC2026,1,Visualización de Información,Bellino Alessio,M-J:2 CLAS D101 V:4 AYU D203,Ingeniería,2026-1
26066,IIC2113,1,Diseño Detallado de Software,Gazitúa Francisco,M-J:4 CLAS D305 V:5 AYU B17,Ingeniería,2026-1
29456,IIC2113,2,Diseño Detallado de Software,Hinostroza Cristian,M-J:1 CLAS A2 V:1 AYU B18,Ingeniería,2026-1
10720,IIC2115,1,Programación Como Herramienta para la Ingeniería,Lobel Hans,"L:5,6 CLAS K203 J:5 AYU K204",Ingeniería,2026-1
10725,IIC2133,1,Estructuras de Datos y Algoritmos,Arroyuelo Diego,L-W:4 CLAS B25 V:4 AYU D302 V:6 TAL K201,Ingeniería,2026-1
22703,IIC2133,2,Estructuras de Datos y Algoritmos,Droguett Mario,L-W:4 CLAS E10 V:4 AYU D303 V:6 TAL K204,Ingeniería,2026-1
30171,IIC2133,3,Estructuras de Datos y Algoritmos,Bustos Eduardo,L-W:4 CLAS B17 V:4 AYU B17 V:6 TAL SIN SALA,Ingeniería,2026-1
10732,IIC2143,1,Ingeniería de Software,Sandoval Juan,L-W:3 CLAS CS203 V:3 AYU BC24,Ingeniería,2026-1
26040,IIC2143,2,Ingeniería de Software,Gazitúa Francisco,L-W:3 CLAS C200 V:3 AYU B13,Ingeniería,2026-1
10739,IIC2154,1,Proyecto de Especialidad,"Neyem Hugo, Gonzalez Luis","J:2,3 CLAS SALA_DILAB J:4 LAB CS402",Ingeniería,2026-1
22618,IIC2154,2,Proyecto de Especialidad,Guzmán María,"J:2,3 CLAS AL3 J:4 LAB S11",Ingeniería,2026-1
25608,IIC2154,3,Proyecto de Especialidad,Neyem Hugo,"J:4 LAB K300 J:5,6 CLAS AP401",Ingeniería,2026-1
26042,IIC2154,4,Proyecto de Especialidad,Ramírez Luis,"J:4 LAB BC26 J:5,6 CLAS AP602",Ingeniería,2026-1
26043,IIC2173,1,Arquitectura de Sistemas de Software,Crot Gerardo,M-J:1 CLAS A4 V:4 AYU B25,Ingeniería,2026-1
28610,IIC2173,2,Arquitectura de Sistemas de Software,Acosta Nicolás,"L:5,6 CLAS B25 V:4 AYU B24",Ingeniería,2026-1
33261,IIC2182,1,Interfaces y Experiencia de Usuarios,Yan Ziqi,M-J:2 CLAS AP504,Ingeniería,2026-1
10747,IIC2213,1,Lógica para Ciencias de la Computación,Romero Miguel,M-J:5 CLAS A5 V:4 AYU B13,Ingeniería,2026-1
31086,IIC2214,1,Teoría de la Computación,Romero Miguel,M-J:5 CLAS A5 V:4 AYU B16,Ingeniería,2026-1
33263,IIC2223,1,Teoría de Autómatas y Lenguajes Formales,Hagedorn Sebastián,L-W:1 CLAS B11 V:1 TAL AE002,Ingeniería,2026-1
33265,IIC2224,1,Autómatas y Compiladores,Hagedorn Sebastián,L-W:1 CLAS B11 V:1 TAL AE002,Ingeniería,2026-1
10760,IIC2233,1,Programación Avanzada,Middleton Jaime,"M:5 AYU B13 J:5,6 CLAS CS304",Ingeniería,2026-1
10754,IIC2233,2,Programación Avanzada,Araneda Pablo,"M:5 AYU BC24 J:5,6 CLAS AL4",Ingeniería,2026-1
18284,IIC2233,3,Programación Avanzada,López Antonio,"M:6 AYU B23 J:5,6 CLAS B13",Ingeniería,2026-1
22154,IIC2233,4,Programación Avanzada,Vidal Tamara,"M:4 AYU B23 J:5,6 CLAS R6",Ingeniería,2026-1
30189,IIC2233,5,Programación Avanzada,Concha Daniela,"M:4 AYU BC24 J:5,6 CLAS CS204",Ingeniería,2026-1
33008,IIC2283,1,Diseño y Análisis de Algoritmos,Castillo Juan,M-J:6 CLAS AE203 V:4 AYU B23,Ingeniería,2026-1
10775,IIC2333,1,Sistemas Operativos y Redes,Ruz Cristian,L-W:2 CLAS B15 V:1 AYU B22,Ingeniería,2026-1
30187,IIC2333,2,Sistemas Operativos y Redes,Quintana Álvaro,L-W:1 CLAS BC26 V:1 AYU B16,Ingeniería,2026-1
26045,IIC2343,1,Arquitectura de Computadores,Valenzuela Felipe,"L-W:1 CLAS A6 M:4 AYU B18 W:5,6 TAL SIN SALA",Ingeniería,2026-1
30113,IIC2343,2,Arquitectura de Computadores,Contreras Germán,"L-W:3 CLAS B18 W:4 AYU B18 J:5,6 TAL SIN SALA",Ingeniería,2026-1
10791,IIC2413,1,Bases de Datos,Bustos Eduardo,"W:5,6 CLAS M2 V:5 AYU B12",Ingeniería,2026-1
22702,IIC2413,2,Bases de Datos,Alvarez Christian,"W:5,6 CLAS AM3 V:5 AYU B11",Ingeniería,2026-1
33142,IIC2413,3,Bases de Datos,Reutter Juan,L-W:3 CLAS AM3 V:3 AYU K201,Ingeniería,2026-1
26048,IIC2433,1,Minería de Datos,Mendoza Marcelo,"L:3,4 CLAS C202 J:5 AYU BC24",Ingeniería,2026-1
28246,IIC2440,1,Procesamiento de Datos Masivos,"Reutter Juan, Urrutia Agustín","W:5,6 CLAS A4 V:5 AYU BC23",Ingeniería,2026-1
10798,IIC2513,1,Tecnologías y Aplicaciones Web,Ossa Antonio,M-J:3 CLAS AE002 V:4 AYU C202,Ingeniería,2026-1
22259,IIC2513,2,Tecnologías y Aplicaciones Web,Cabrera Hernán,M-J:3 CLAS C201 J:5 AYU C202,Ingeniería,2026-1
33007,IIC2523,1,Sistemas Distribuidos,Valdivieso Hernán,L-W:3 CLAS M2 V:3 AYU B12,Ingeniería,2026-1
33260,IIC2531,1,Seguridad Computacional,Parada Jose,L-W:1 CLAS A4,Ingeniería,2026-1
10804,IIC2552,1,Taller de Programacion Avanzada,Opazo Vicente,"V:5,6 LAB R2",Ingeniería,2026-1
31088,IIC2560,1,Fundamentos de Lenguajes de Programación,Eterovic Yadran,L-W:4 CLAS B16 V:5 AYU A6,Ingeniería,2026-1
18709,IIC2613,1,Inteligencia Artificial,"Baier Jorge, Parra Denis",L:5 AYU A3 M-J:1 CLAS M2,Ingeniería,2026-1
10809,IIC2713,1,Sistemas de Información,Cabrera Hernán,M-J:2 CLAS C200 W:6 AYU B18,Ingeniería,2026-1
16995,IIC2713,2,Sistemas de Información,Ruiz-Tagle Camilo,M-J:2 CLAS B24 W:6 AYU B17,Ingeniería,2026-1
33480,IIC2713,3,Sistemas de Información,"Gramatges Juliette, Granzotto Paolo",M-J:2 CLAS BC22 W:6 AYU A6,Ingeniería,2026-1
14779,IIC2714,1,Fundamentos de Procesamiento de Imágenes,Prieto Claudia,L-W:3 CLAS B21,Ingeniería,2026-1
10825,IIC2733,1,Modelos de Procesos,Velásquez Ignacio,L-W-V:1 CLAS AL3,Ingeniería,2026-1
22704,IIC2733,2,Modelos de Procesos,Sepúlveda Marcos,L-W-V:1 CLAS B14,Ingeniería,2026-1
22619,IIC2764,1,"Conocimiento, Cultura y Tecnología",García Francisco,"J:1 CLAS C201 V:1,2 CLAS C202",Ingeniería,2026-1
21115,IIC2972,1,Trabajo Personal Dirigido,Dirección Docente,:8 CLAS SIN SALA,Ingeniería,2026-1
21116,IIC2981,1,Trabajo Personal Dirigido,Dirección Docente,: CLAS SIN SALA,Ingeniería,2026-1
20868,IIC2985,1,Investigacion o Proyecto,Dirección Docente,:8 CLAS SIN SALA,Ingeniería,2026-1
20869,IIC2986,1,Investigacion o Proyecto,Dirección Docente,:8 CLAS SIN SALA,Ingeniería,2026-1
22089,IIC2987,1,Investigacion o Proyecto,Dirección Docente,: CLAS SIN SALA,Ingeniería,2026-1
10868,IIC3103,1,Taller de Integración,"Tagle Arturo, Darritchon Daniel","L:5,6 CLAS BC21 J:4 AYU B22",Ingeniería,2026-1
30928,IIC3104,1,Taller de Integración (Proyecto de Título),Martínez Gonzalo,W-V:5 CLAS B18,Ingeniería,2026-1
33044,IIC3104,2,Taller de Integración (Proyecto de Título),Alvarez Christian,"J:1,2 CLAS B16",Ingeniería,2026-1
10876,IIC3113,1,Gestión de Proyectos de Tecnologías de Información,Droguett Mario,M-J:1 CLAS B12,Ingeniería,2026-1
26062,IIC3113,2,Gestión de Proyectos de Tecnologías de Información,Guzmán María,M-J:1 CLAS C304,Ingeniería,2026-1
10881,IIC3143,1,Desarrollo de Software,Martínez Gonzalo,L-W:1 CLAS A2,Ingeniería,2026-1
30929,IIC3144,1,Desarrollo de Software (Proyecto de Título),Martínez Gonzalo,J-V:6 CLAS B18,Ingeniería,2026-1
31293,IIC3234,1,Estructuras de Datos Avanzadas,Arroyuelo Diego,L-W:6 CLAS B15,Ingeniería,2026-1
15162,IIC3242,1,Complejidad Computacional,Riveros Cristian,L-W:4 CLAS B14 V:4 AYU BC22,Ingeniería,2026-1
10892,IIC3253,1,Criptografía y Seguridad Computacional,"Arenas Marcelo, Ugarte Martín","M:3,4 CLAS A3 W:6 AYU B12",Ingeniería,2026-1
30169,IIC3413,1,Implementación de Sistemas de Base de Datos,Vrgoc Domagoj,L-W:3 CLAS BC22 V:3 AYU BC22,Ingeniería,2026-1
31358,IIC3533,1,Computación de Alto Rendimiento,Labarca Ignacio,M-J:4 CLAS A5,Ingeniería,2026-1
23685,IIC3585,1,Diseño Avanzado de Aplicaciones Web,Navon Jaime,L:4 CLAS BC25 W:4 CLAS CS404,Ingeniería,2026-1
31298,IIC3585,2,Diseño Avanzado de Aplicaciones Web,Ossa Antonio,M-J:2 CLAS AE002,Ingeniería,2026-1
30166,IIC3633,1,Sistemas Recomendadores,Parra Denis,L:5 AYU BC22 M:3 CLAS B21 J:3 CLAS B21,Ingeniería,2026-1
18871,IIC3697,1,Aprendizaje Profundo,Soto Alvaro,L-W:2 CLAS B13,Ingeniería,2026-1
10923,IIC3703,1,Gestión de Operaciones Ti,"Montjoy Juan, Bustos Eduardo",W:1 CLAS AE202 V:1 CLAS C201,Ingeniería,2026-1
10930,IIC3724,1,Reconocimiento de Patrones,Mery Domingo,M-J:3 CLAS B24,Ingeniería,2026-1
26064,IIC3743,1,Estrategias y Tecnologías de Información,Cepeda Manuel,"W:5,6 CLAS K201",Ingeniería,2026-1
26065,IIC3745,1,Testing,Fernandez Alison,M-J:5 CLAS AL3,Ingeniería,2026-1
32030,IIC3745,2,Testing,Narea Maximiliano,L-W:2 CLAS C503,Ingeniería,2026-1
31659,IIC3753,1,Tecnologias para Gestion Estrategica,Kreither Luis,L-W:3 CLAS B24 V:3 AYU B17,Ingeniería,2026-1
10947,IIC3757,1,Minería de Procesos,Sepúlveda Marcos,M-J:1 CLAS A7 V:4 LAB A3,Ingeniería,2026-1
33006,IIC3912,1,Topicos Avanzados de Gráfica Computacional,Gil Francisca,L:5 CLAS K304 W:5 CLAS AP402,Ingeniería,2026-1
30930,IIC3964,1,Desarrollo de Sistemas Complejos (Proyecto de Título),Villalon Jorge,L-W:5 CLAS B24,Ingeniería,2026-1
22447,IDI0020,1,Investigación o Proyecto,Dirección Docente,: CLAS SIN SALA,Ingeniería,2026-1
26090,IDI1015,1,Pensamiento Visual,Cortázar Catalina,"L:3,4 CLAS C501 J:4 AYU H2",Ingeniería,2026-1
26091,IDI2004,1,Dilab-Laboratorio Diseño en Ingeniería y Sistemas,Decar Angela,"L:5,6 CLAS SALA_DILAB W:5,6 LAB SALA_DILAB",Ingeniería,2026-1
26092,IDI2015,1,Antro-Diseño,Hilliger Isabel,L-W:2 CLAS SALA_DILAB J:4 AYU K305,Ingeniería,2026-1
26094,IDI2025,1,"Tecnología, Emprendimiento y Diseño",Julia María,"M:5,6 CLAS H1 J:5 AYU H3",Ingeniería,2026-1
22443,IDI2972,1,Trabajo Personal Dirigido,Dirección Docente,: CLAS SIN SALA,Ingeniería,2026-1
22444,IDI2981,1,Trabajo Personal Dirigido,Dirección Docente,: CLAS SIN SALA,Ingeniería,2026-1
22088,IDI2985,1,Investigación o Proyecto,Dirección Docente,: CLAS SIN SALA,Ingeniería,2026-1
22445,IDI2986,1,Investigación o Proyecto,Dirección Docente,: CLAS SIN SALA,Ingeniería,2026-1
22446,IDI2987,1,Investigación o Proyecto,Dirección Docente,: CLAS SIN SALA,Ingeniería,2026-1
29977,IDI2996,1,Fundamentos Sociales y Técnicos de la Innovación,Bravo Viviana,"M:1,2 CLAS K305 V:3 AYU K305",Ingeniería,2026-1
31394,IDI3185,1,Realidad Extendida,Merino Leonel,"M:3,4 CLAS H3 W:6 AYU C511",Ingeniería,2026-1
24031,IDT3000,1,Propuesta de Colaboración,Por Fijar,: CLAS SIN SALA,Ingeniería,2026-1
24693,IDT3010,1,Métodos de Investigación,Cataldo Alejandro,L:4 CLAS SIN SALA,Ingeniería,2026-1
24694,IDT3020,1,Seminario de Postgrado,"Ferrer Juan, Delgado Felipe","M:5,6 CLAS SIN SALA",Ingeniería,2026-1
26318,IDT4000,1,Acuerdo de Colaboración,Por Fijar,: CLAS SIN SALA,Ingeniería,2026-1
27770,IDT4010,1,Hitos de Desarrollo de Habilidades Profesionales,Por Fijar,: CLAS SIN SALA,Ingeniería,2026-1
26329,IDT4020,1,Taller de Liderazgo,Siade Maria,"J:6,7 CLAS SIN SALA",Ingeniería,2026-1
26330,IDT4030,1,Taller de Negociación,Abarca Nureya,"M:2,3,4 CLAS SIN SALA",Ingeniería,2026-1
24032,IDT4941,1,Proyecto de Tesis I,Por Fijar,: CLAS SIN SALA,Ingeniería,2026-1
24695,IDT4942,1,Proyecto de Tesis II,Por Fijar,: CLAS SIN SALA,Ingeniería,2026-1
26319,IDT4943,1,Proyecto de Tesis III,Por Fijar,: CLAS SIN SALA,Ingeniería,2026-1
26320,IDT4944,1,Proyecto de Tesis IV,Por Fijar,: CLAS SIN SALA,Ingeniería,2026-1
26322,IDT4961,1,Tesis de Doctorado I,Por Fijar,: CLAS SIN SALA,Ingeniería,2026-1
26324,IDT4962,1,Tesis de Doctorado II,Por Fijar,: CLAS SIN SALA,Ingeniería,2026-1
26325,IDT4963,1,Tesis de Doctorado III,Por Fijar,: CLAS SIN SALA,Ingeniería,2026-1
26326,IDT4964,1,Tesis de Doctorado IV,Por Fijar,: CLAS SIN SALA,Ingeniería,2026-1
26327,IDT5050,1,Manuscrito Proyecto de Tesis,Por Fijar,: CLAS SIN SALA,Ingeniería,2026-1
26328,IDT5100,1,Examen de Candidatura,Por Fijar,: CLAS SIN SALA,Ingeniería,2026-1
27771,IDT5200,1,Actividad Anual de Seguimiento I,Por Fijar,: CLAS SIN SALA,Ingeniería,2026-1
30260,IDT5210,1,Actividad Anual de Seguimiento II,Por Fijar,: CLAS,Ingeniería,2026-1
27772,IDT5240,1,Pasantía Internacional,Por Fijar,: CLAS SIN SALA,Ingeniería,2026-1
30251,IDT5250,1,Autoría Artículo Científico Aceptado o Patente Solicitada Pct,Por Fijar,: CLAS,Ingeniería,2026-1
30258,IDT5300,1,Documento Tesis Doctoral,Por Fijar,: CLAS,Ingeniería,2026-1
14657,IND3100,1,Modelos Cuantitativos para las Decisiones,Ferrer Juan,"V:4,5 CLAS SIN SALA",Ingeniería,2026-1
14659,IND3110,1,Fundamentos de Economía,Sauma Enzo,"V:7,8 CLAS SIN SALA",Ingeniería,2026-1
11354,IND3110,2,Fundamentos de Economía,Galilea Patricia,"V:3,4 CLAS SIN SALA",Ingeniería,2026-1
14662,IND3120,1,Organización y Comportamiento,"Pertuze Julio, Leatherbee Michael","V:5,6 CLAS SIN SALA",Ingeniería,2026-1
24858,IND3121,2,Organizacion y Comportamiento en la Empresa,Rodriguez Dario,"V:3,4 CLAS SIN SALA",Ingeniería,2026-1
14665,IND3200,1,Fundamentos de Optimización,"Vera Jorge, Carrasco Rodrigo","V:5,6 CLAS SIN SALA",Ingeniería,2026-1
14667,IND3210,1,Contabilidad y Análisis Financiero,Gonzalez Mauricio,"V:7,8 CLAS SIN SALA",Ingeniería,2026-1
14669,IND3300,1,Modelos de Decisión Bajo Incertidumbre,Verdugo Victor,"V:5,6 CLAS SIN SALA",Ingeniería,2026-1
34107,IND3310,2,Fundamentos de Finanzas,Castillo Fernando,: CLAS SIN SALA,Ingeniería,2026-1
33627,IND3330,1,Sistemas Dinámicos,Avanzini Elbio,"V:5,6 CLAS SIN SALA",Ingeniería,2026-1
33631,IND3330,2,Sistemas Dinámicos,(Sin Profesores),,Ingeniería,2026-1
31941,IND3410,2,Gestión Financiera,"Castillo Fernando, Mogrovejo Roger","V:7,8 CLAS SIN SALA",Ingeniería,2026-1
14671,IND3420,1,Estrategia Competitiva,Leatherbee Michael,"V:4,5 CLAS SIN SALA",Ingeniería,2026-1
28689,IND3450,1,Evaluación de Proyectos de Inversión,Reyes Tomas,"V:4,5 CLAS SIN SALA",Ingeniería,2026-1
14673,IND3720,1,Innovación y Gestión de la Tecnología,Cruz Alfonso,"V:5,6 CLAS SIN SALA",Ingeniería,2026-1
16001,IND3730,1,Modelos de Simulación,Klapp Mathias,"V:4,5 CLAS SIN SALA",Ingeniería,2026-1
14675,IND3740,1,Gestión Financiera Avanzada,Cortazar Gonzalo,"V:4,5 CLAS SIN SALA",Ingeniería,2026-1
29962,IND3820,1,Taller de Negociación,Saieh Cristian,"V:5,6 CLAS BC21",Ingeniería,2026-1
31901,IND3820,2,Taller de Negociación,"Barriga Carolina, Larrain Carolina","V:7,8 CLAS SIN SALA",Ingeniería,2026-1
33643,IND3820,3,Taller de Negociación,"Saieh Cristian, Barriga Carolina","V:7,8 CLAS SIN SALA",Ingeniería,2026-1
14678,IND3830,1,Liderazgo y Trabajo en Equipo,Siade Maria,"V:7,8 CLAS SIN SALA",Ingeniería,2026-1
32677,IND3830,2,Liderazgo y Trabajo en Equipo,Arancibia Josefina,"V:7,8 CLAS SIN SALA",Ingeniería,2026-1
28690,IND3860,1,"Humanidad, Gestión y Postmodernidad",Canals Sergio,"V:5,6 CLAS SIN SALA",Ingeniería,2026-1
22014,IND3910,1,Métodos Analíticos en Negocios,Caiceo Jaime,"V:5,6 CLAS SIN SALA",Ingeniería,2026-1
11385,IND4970,1,Actividad de Graduacion,Mingo Santiago,"V:7,8 CLAS SIN SALA",Ingeniería,2026-1
30601,IND4971,1,Seminario de Graduación I,"Mingo Santiago, Ávila Carlos","V:7,8 CLAS SIN SALA",Ingeniería,2026-1
30602,IND4972,1,Seminario de Graduación II,"Mingo Santiago, Ávila Carlos","V:7,8 CLAS SIN SALA",Ingeniería,2026-1
31504,IND4973,1,Seminario de Graduación III,"Mingo Santiago, Ávila Carlos","V:7,8 CLAS B17",Ingeniería,2026-1
31527,IND4974,1,Seminario de Graduación IV,"Mingo Santiago, Ávila Carlos","V:7,8 CLAS B18",Ingeniería,2026-1
29462,MDS3080,1,Aprendizaje Profundo,Del Rio Felipe,: CLAS SIN SALA,Ingeniería,2026-1
27401,ESM02IN,1,Introducción a la Programación,"Monsalve Mauricio, García Guillermo",: CLAS SIN SALA,Ingeniería,2026-1
27402,ESM02IN,2,Introducción a la Programación,"López Rodrigo, García Guillermo",: CLAS SIN SALA,Ingeniería,2026-1
27403,ESM02IN,3,Introducción a la Programación,"Cota Andreina, García Guillermo",: CLAS SIN SALA,Ingeniería,2026-1
27404,ESM02IN,4,Introducción a la Programación,"Spencer Hugo, García Guillermo",: CLAS SIN SALA,Ingeniería,2026-1
27405,ESM02IN,5,Introducción a la Programación,"Monsalve Mauricio, García Guillermo",: CLAS SIN SALA,Ingeniería,2026-1
27406,ESM02IN,6,Introducción a la Programación,"López Rodrigo, García Guillermo",: CLAS SIN SALA,Ingeniería,2026-1
27407,ESM02IN,7,Introducción a la Programación,"Schild Maria, García Guillermo",: CLAS SIN SALA,Ingeniería,2026-1
22376,IEE0020,1,Investigacion o Proyecto,Dirección Docente,L-M-W-J-V: CLAS SIN SALA,Ingeniería,2026-1
31361,IEE1100,1,Introducción a la Ingeniería Eléctrica,Rozas Michel,"L:5,6 LAB LABETRONIC V:4 AYU LAB-ELECT",Ingeniería,2026-1
14281,IEE2103,1,Señales y Sistemas,Irarrazaval Pablo,L-W:3 CLAS K203 V:3 TAL A7,Ingeniería,2026-1
15143,IEE2113,1,Teoría Electromagnética,Cruces Marilyn,M:3 CLAS CS304 J:3 CLAS M2 V:6 TAL B13,Ingeniería,2026-1
18769,IEE2123,1,Circuitos Eléctricos,Negrete Matias,L-W-V:2 CLAS B23,Ingeniería,2026-1
14311,IEE2183,1,Laboratorio de Mediciones Eléctricas,Garces Cristian,"W:4,5,6 LAB LABETRONIC",Ingeniería,2026-1
14314,IEE2213,1,Máquinas Eléctricas,Rojas Felix,L-W-V:2 CLAS C406,Ingeniería,2026-1
14317,IEE2224,1,Accionamientos Eléctricos,Repenning Ricardo,"J:5,6 CLAS LAB-ME",Ingeniería,2026-1
14327,IEE2273,1,Laboratorio de Máquinas Eléctricas,Dixon Juan,"M:2,3,4 LAB LAB-ME",Ingeniería,2026-1
26035,IEE2273,2,Laboratorio de Máquinas Eléctricas,Saez Mario,"V:1,2,3 LAB LAB-ME",Ingeniería,2026-1
32948,IEE2313,1,Sistemas de Potencia,Córdova Samuel,L-W:6 CLAS AP504 V:5 CLAS B14,Ingeniería,2026-1
14336,IEE2343,1,Protecciones,Diaz Sergio,M-J:1 CLAS S-DIE,Ingeniería,2026-1
15874,IEE2393,1,Redes Inteligentes para Energía Sustentable,Córdova Samuel,L-W:4 CLAS B22 V:4 AYU B14,Ingeniería,2026-1
14339,IEE2413,1,Electrónica,Garces Cristian,L-W-V:3 CLAS D301,Ingeniería,2026-1
15875,IEE2463,1,Sistemas Electrónicos Programables,Rojas Felix,L-W:1 LAB LABETRONIC V:1 CLAS LABETRONIC,Ingeniería,2026-1
15876,IEE2473,1,Laboratorio de Electrónica Analógica y Digital,Garces Cristian,"V:4,5,6 LAB LABETRONIC",Ingeniería,2026-1
14350,IEE2513,1,Comunicaciones,Oberli Christian,M-J:1 CLAS BC24 J:6 AYU BC24,Ingeniería,2026-1
14356,IEE2613,1,Control Automático,Torres Miguel,L-W-V:3 CLAS C504,Ingeniería,2026-1
20822,IEE2683,1,Laboratorio de Control Automático,Rozas Michel,"M:4,5,6 LAB LABETRONIC",Ingeniería,2026-1
33026,IEE2690,1,Laboratorio de Sistemas Ciberfísicos,Nuñez Felipe,W-V:3 CLAS LAB-ELECT V:2 AYU LAB-ELECT,Ingeniería,2026-1
14361,IEE2713,1,Sistemas Digitales,Tejos Cristian,M-J:2 CLAS C002 W:6 AYU AE107,Ingeniería,2026-1
14712,IEE2714,1,Fundamentos de Procesamiento de Imágenes,Prieto Claudia,L-W:3 CLAS B21,Ingeniería,2026-1
14369,IEE2913,1,Diseño Eléctrico (Capstone),Langarica Saúl,W:6 CLAS LAB-ELECT,Ingeniería,2026-1
20877,IEE2972,1,Trabajo Personal Dirigido,Dirección Docente,:8 CLAS SIN SALA,Ingeniería,2026-1
22090,IEE2981,1,Trabajo Personal Dirigido,Dirección Docente,: CLAS SIN SALA,Ingeniería,2026-1
20878,IEE2985,1,Investigacion o Proyecto,Dirección Docente,:8 CLAS SIN SALA,Ingeniería,2026-1
22377,IEE2986,1,Investigacion o Proyecto,Dirección Docente,: CLAS SIN SALA,Ingeniería,2026-1
22427,IEE2987,1,Investigacion o Proyecto,Dirección Docente,: CLAS SIN SALA,Ingeniería,2026-1
32830,IEE3021,1,Modelos Generativos,Cadiz Rodrigo,"V:2,3 CLAS S-DIE",Ingeniería,2026-1
30925,IEE3112,1,Proyecto Final de Ingenieria Eléctrica (Proyecto de Título),Nuñez Felipe,L-W:3 CLAS AP501,Ingeniería,2026-1
28102,IEE3154,1,Seminario en Ingeniería Eléctrica,Tejos Cristian,M-J:4 CLAS C511,Ingeniería,2026-1
32955,IEE3202,1,Tópicos en Electrónica de Potencia,Pereda Javier,M-J:2 CLAS S-DIE,Ingeniería,2026-1
21897,IEE3234,1,Movilidad Eléctrica,Dixon Juan,L-W:2 CLAS S-DIE,Ingeniería,2026-1
33712,IEE3311,1,Electrónica de Potencia: Redes Inteligentes y Energías Renovables,Rojas Felix,"L:3,4 CLAS LABETRONIC W:3,4 LAB LABETRONIC",Ingeniería,2026-1
14394,IEE3373,1,Mercados Eléctricos,Watts David,L-W:5 CLAS S-DIE,Ingeniería,2026-1
32957,IEE3433,1,Diseño de Circuitos Integrados Analógicos,Jara Matias,L-W:5 CLAS AP504 V:5 AYU BC25,Ingeniería,2026-1
33402,IEE3561,1,Internet de las Cosas,Gutiérrez Miguel,W-V:4 CLAS ED216,Ingeniería,2026-1
30914,IEE3610,1,Sistemas Dinámicos,Maass Alejandro,L-W:2 CLAS B18,Ingeniería,2026-1
33713,IEE3615,1,Aprendizaje Reforzado para Control de Sistemas Dinámicos,Langarica Saúl,L-W:4 CLAS S19,Ingeniería,2026-1
22568,IEE3674,1,Control Predictivo,Dunner Joaquín,M-J:1 CLAS H2,Ingeniería,2026-1
14409,IEE3724,1,Reconocimiento de Patrones,Mery Domingo,M-J:3 CLAS B24,Ingeniería,2026-1
33401,IEE3736,1,Análisis y Síntesis de Señales Musicales,De la Cuadra Patricio,"M:5,6 CLAS S-DIE",Ingeniería,2026-1
32960,IEE3753,1,Diseño de Circuitos Integrados Digitales,Jara Matias,"M:5,6 CLAS K302",Ingeniería,2026-1
14715,IEE3764,1,Formación de Imágenes,Botnar Rene,L-W:3 CLAS S-DIE,Ingeniería,2026-1
31482,IEE3787,1,Procesamiento Multiescala de Imágenes,Milovic Carlos,"L:5,6 CLAS K300",Ingeniería,2026-1
14719,IEE3864,1,Fundamentos de Instrumentación Astronómica,Vanzi Leonardo,L:6 AYU LAB-INTRUM M-J:4 CLAS S-DIE,Ingeniería,2026-1
27336,IEE3893,1,Radio Astronomía,"Dunner Rolando, Fluxa Juan",M-J:2 CLAS K307,Ingeniería,2026-1
31489,IEE3896,1,Teoría y Diseño de Antenas,Cruces Marilyn,M-J:5 CLAS B22,Ingeniería,2026-1
14729,IEG3100,1,Analisis Estructural Lineal,Junemann Rosita,"W:6,7,8 CLAS SIN SALA",Ingeniería,2026-1
14732,IEG3110,1,Elementos Finitos Lineales,Zegard Tomas,"M:6,7,8 CLAS SIN SALA",Ingeniería,2026-1
14735,IEG3200,1,Diseno Avanzado en Hormigon Armado,Jordan Rodrigo,"M:6,7,8 CLAS SIN SALA",Ingeniería,2026-1
14740,IEG3220,1,Diseño de Estructuras Pretensadas,Santa Maria Hernan,"J:6,7,8 CLAS SIN SALA",Ingeniería,2026-1
27141,IEG3280,1,Diseño de Estructuras Industriales de Acero,Medalla Miguel,"L:6,7,8 CLAS SIN SALA",Ingeniería,2026-1
14745,IEG3300,1,Dinámica Estructural,Almazan Jose,"L:6,7,8 CLAS SIN SALA",Ingeniería,2026-1
34100,IEG3460,1,Introducción a la Mecánica de Suelos No Saturados,Por Fijar,W: CLAS SIN SALA,Ingeniería,2026-1
14746,IEG3500,1,Análisis Sísmico,Crempien Jorge,"J:6,7,8 CLAS SIN SALA",Ingeniería,2026-1
14419,IEG3510,1,Diseño Sismorresistente Avanzado,Hube Matias,"M:6,7,8 CLAS SIN SALA",Ingeniería,2026-1
14421,IEG3520,1,Aislamiento Sísmico,Fernández Claudio,"W:6,7,8 CLAS SIN SALA",Ingeniería,2026-1
34099,IEG3540,1,Análisis de Amenaza Sísmica,Crempien Jorge,W: CLAS SIN SALA,Ingeniería,2026-1
14424,IEG3660,1,Ingeniería Geotécnica Sísmica,Saez Esteban,"M:6,7,8 CLAS SIN SALA",Ingeniería,2026-1
14426,IEG3700,1,Métodos Analíticos en Ingeniería Civil,Mura Joaquin,"L:6,7,8 CLAS SIN SALA",Ingeniería,2026-1
14429,IEG3710,1,Métodos Numéricos en Ingeniería Civil,Mura Joaquin,"V:6,7,8 CLAS SIN SALA",Ingeniería,2026-1
14432,IEG4010,1,Seminario de Ingenieria Estructural y Geotecnica I,Santa Maria Hernan,"M:6,7,8 CLAS SIN SALA",Ingeniería,2026-1
14435,IEG4020,1,Seminario de Ingenieria Estructural y Geotecnica II,Santa Maria Hernan,"M:6,7,8 CLAS SIN SALA",Ingeniería,2026-1
14439,IEG4970,1,Actividad de Graduacion,Santa Maria Hernan,"J:6,7,8 CLAS SIN SALA",Ingeniería,2026-1
30870,IEG4971,1,Seminario de Graduación I,Tiznado Juan,J:7 CLAS SIN SALA,Ingeniería,2026-1
32816,IEG4973,1,Seminario de Graduación III,Tiznado Juan,"J:7,8,9 CLAS SIN SALA",Ingeniería,2026-1
32819,IEG4974,1,Seminario de Graduación IV,Tiznado Juan,"J:7,8,9 CLAS SIN SALA",Ingeniería,2026-1
14442,IEN3110,1,Energia Hidraulica,Lopez Arturo,"S:1,2 CLAS SIN SALA S:3 CLAS SIN SALA",Ingeniería,2026-1
23619,IEN3110,2,Energia Hidraulica,"Lopez Arturo, Contreras Carolina","S:4,5,6 CLAS SIN SALA",Ingeniería,2026-1
23620,IEN3120,2,Energia y Desarrollo Sustentable,"Cortes Cristian, Contreras Carolina","V:5,6,7 CLAS SIN SALA",Ingeniería,2026-1
23621,IEN3140,2,Tecnologías para Generación Eléctrica,"Dixon Juan, Contreras Carolina","S:1,2,3,4 CLAS SIN SALA",Ingeniería,2026-1
23622,IEN3210,2,Economia Energetica y Ambiental,"Perez de Arce Miguel, Contreras Carolina","S:1,2,3,4 CLAS SIN SALA",Ingeniería,2026-1
23623,IEN3220,2,Planificacion y Politica Energetica,"Contreras Carolina, Barria Carlos, Coviello Francesco","S:5,6,7 CLAS SIN SALA",Ingeniería,2026-1
23624,IEN3240,2,Mercados Energéticos,"Sauma Enzo, Contreras Carolina","V:5,6,7 CLAS SIN SALA",Ingeniería,2026-1
31588,IEN3310,1,Energia Renovable,"Jara Wilfredo, Contreras Carolina","W-S:5,6,7 CLAS SIN SALA",Ingeniería,2026-1
31585,IEN3310,2,Energia Renovable,Por Fijar,"S:5,6,7 CLAS SIN SALA",Ingeniería,2026-1
33284,IEN3420,2,"Tecnologia, Politica y Sociedad","Contreras Carolina, Haydn Sebastian","V:5,6,7 CLAS A4",Ingeniería,2026-1
14469,IEN3520,1,Construccion Sustentable,"Bustamante Waldo, Contreras Carolina","V:5,6,7 CLAS SIN SALA",Ingeniería,2026-1
15054,IEN3550,1,Seguridad de Sistemas de Energía,"Vergara Julio, Contreras Carolina","S:1,2,3,4 CLAS SIN SALA",Ingeniería,2026-1
14476,IEN3610,1,Innovacion y Gestion de la Tecnologia,Contreras Carolina,"V:5,6,7 CLAS SIN SALA",Ingeniería,2026-1
14480,IEN3620,1,Produccion y Usos del Hidrogeno,"Escalona Nestor, Contreras Carolina","S:1,2,3,4 CLAS SIN SALA",Ingeniería,2026-1
30665,IEN3650,1,Almacenamiento de Energía,"Cardemil José, Contreras Carolina","V:5,6,7 CLAS SIN SALA",Ingeniería,2026-1
33329,IEN3730,3,Materiales para Sistemas de Energia,Contreras Carolina,"S:5,6,7 CLAS SIN SALA",Ingeniería,2026-1
31610,IEN3820,1,Diseno de Sistemas de Energia Renovable,"Castillejo Armando, Contreras Carolina","V:5,6,7 CLAS SIN SALA",Ingeniería,2026-1
32063,IEN3840,1,Diseno de Sistemas Nucleares,"Vergara Julio, Contreras Carolina","V:5,6,7 CLAS SIN SALA",Ingeniería,2026-1
31589,IEN3910,1,Energía Solar,"Escobar Rodrigo, Castillejo Armando, Contreras Carolina","V:5,6,7 CLAS S3",Ingeniería,2026-1
32064,IEN3920,1,Análisis de Datos Energéticos,"Cardemil José, Contreras Carolina, Levicán Constanza","S:5,6,7 CLAS SIN SALA",Ingeniería,2026-1
18063,IEN4970,1,Actividad de Graduacion I,"Vergara Julio, Contreras Carolina","W:7,8 CLAS SIN SALA",Ingeniería,2026-1
31590,IEN4971,1,Seminario de Graduación I,"Contreras Carolina, Perez de Arce Miguel","S:5,6,7 CLAS SIN SALA",Ingeniería,2026-1
31591,IEN4972,1,Seminario de Graduación II,"Yunis Constanza, Contreras Carolina, Soto Camila","S:5,6,7 CLAS SIN SALA",Ingeniería,2026-1
29078,INF3103,1,Introducción a la Programación en Python: Estructurando Datos para Problemas Reales,"Herskovic Valeria, Munoz Jorge, Ruz Cristian",: CLAS SIN SALA,Ingeniería,2026-1
29098,INF3143,1,Ingeniería de Software,Sandoval Juan,: CLAS SIN SALA,Ingeniería,2026-1
24900,INF3211,1,Bases de Datos,Reyes Ariel,"L:7,8,9 CLAS SIN SALA",Ingeniería,2026-1
33937,INF3230,1,Evaluación de Proyectos Informáticos,Aguero Ricardo,"M:7,8,9 CLAS C402",Ingeniería,2026-1
24893,INF3262,1,Gestión de Procesos de Negocio,Sepúlveda Marcos,"L:7,8,9 CLAS C401",Ingeniería,2026-1
14695,INF3290,1,Finanzas,San Martín Gabriel,"M:7,8,9 CLAS C401",Ingeniería,2026-1
24896,INF3306,1,Contabilidad y Análisis Financiero,Barros Jorge,"L:7,8,9 CLAS SIN SALA",Ingeniería,2026-1
14706,INF3410,1,Gestión de Operaciones,Gahona Patricio,"L:7,8,9 CLAS C402",Ingeniería,2026-1
24894,INF3511,1,Minería de Datos,Sandoval Rodrigo,"J:7,8,9 CLAS C401",Ingeniería,2026-1
24903,INF3541,1,Transformación Digital,Cepeda Manuel,"J:7,8,9 CLAS SIN SALA",Ingeniería,2026-1
27697,INF3561,1,Fundamentos de Blockchain,Arenas Marcelo,"J:7,8,9 CLAS SIN SALA",Ingeniería,2026-1
26422,INF3571,1,Aspectos Legales de Ciberseguridad y Protección de Datos,Pumarino Andres,"L:7,8,9 CLAS C404",Ingeniería,2026-1
24899,INF3590,1,Big Data,Lobel Hans,"M:7,8,9 CLAS SIN SALA",Ingeniería,2026-1
24897,INF3592,1,Inteligencia de Negocios Aplicada a Gestión Estratégica,Rodriguez Cristian,"M:7,8,9 CLAS SIN SALA",Ingeniería,2026-1
30432,INF3611,1,Gobernanza de Datos Aplicada,"Pumarino Andres, Cepeda Manuel","J:7,8,9 CLAS C402",Ingeniería,2026-1
29099,INF3714,1,Procesamiento de Imágenes,Mery Domingo,: CLAS SIN SALA,Ingeniería,2026-1
26779,INF3801,1,Minería de Medios Sociales y Ciencia de Redes,Salas Jorge,"M:7,8,9 CLAS SIN SALA",Ingeniería,2026-1
26785,INF3821,1,Aplicaciones,Cartagena Manuel,"L:7,8,9 CLAS SIN SALA",Ingeniería,2026-1
26776,INF3823,1,Proyecto Aplicado II,Reyes Ariel,"M:7,8,9 CLAS SIN SALA",Ingeniería,2026-1
25069,INF3831,1,Bases de Datos,Reyes Ariel,"M:7,8,9 CLAS C403",Ingeniería,2026-1
26784,INF3842,1,Visualización de Información y Analítica Visual,Valdivieso Hernán,"J:7,8,9 CLAS SIN SALA",Ingeniería,2026-1
26774,INF3862,1,Plataformas de Big Data para Data Science,Rodriguez Cristian,"J:7,8,9 CLAS C404",Ingeniería,2026-1
31254,INF4971,1,Seminario de Graduación I,Cepeda Manuel,"W:7,8,9 CLAS SIN SALA",Ingeniería,2026-1
31255,INF4972,1,Seminario de Graduación II,Cepeda Manuel,W: CLAS SIN SALA,Ingeniería,2026-1
31656,INF4980,1,Actividad de Graduación,Sandoval Rodrigo,"W:7,8,9 CLAS SIN SALA",Ingeniería,2026-1
31662,INF4980,2,Actividad de Graduación,Mendoza Marcelo,"W:7,8,9 CLAS SIN SALA",Ingeniería,2026-1
29073,MIF3020,1,Preparación y Análisis de Estados Financieros,"Reyes Tomas, Gonzalez Mauricio, Tapia Claudio",: CLAS SIN SALA,Ingeniería,2026-1
29074,MIF3030,1,Decisiones de Inversión,"Reyes Tomas, Tapia Claudio",: CLAS SIN SALA,Ingeniería,2026-1
29075,MIF3040,1,Valoración Financiera,Cortazar Gonzalo,: CLAS SIN SALA,Ingeniería,2026-1
29493,MIF3090,1,Taller de Finanzas Aplicadas I (Inversiones),Ortega Hector,: CLAS SIN SALA,Ingeniería,2026-1
30984,MIF3110,1,Actividad Final de Graduación I,"Reyes Tomas, Buchuk David",: CLAS SIN SALA,Ingeniería,2026-1
30776,MIF3210,1,Derivados Financieros,"Milla Carlos, Por Fijar",: CLAS SIN SALA,Ingeniería,2026-1
32183,MIF3220,1,Valoración de Empresas,"Gonzalez Rodrigo, San Martin Gabriel",: CLAS SIN SALA,Ingeniería,2026-1
30777,MIF3240,1,Evaluación de Proyectos,Reyes Tomas,: CLAS SIN SALA,Ingeniería,2026-1
20489,ING0600,1,Trabajo Personal Dirigido,Dirección Docente,: CLAS SIN SALA,Ingeniería,2026-1
22401,ING0601,1,Trabajo Personal Dirigido,Dirección Docente,: CLAS SIN SALA,Ingeniería,2026-1
20624,ING0700,1,Investigación o Proyecto,Dirección Docente,:8 CLAS SIN SALA,Ingeniería,2026-1
22402,ING0701,1,Investigación o Proyecto,Dirección Docente,: CLAS SIN SALA,Ingeniería,2026-1
22379,ING0800,1,Investigación o Proyecto,Dirección Docente,: CLAS SIN SALA,Ingeniería,2026-1
25919,ING0901,1,Pasantía de Investigación Nacional,Dirección Docente,L-M-W-J-V: CLAS SIN SALA,Ingeniería,2026-1
25928,ING0902,1,Pasantía de Investigación en el Extranjero,Dirección Docente,: CLAS SIN SALA,Ingeniería,2026-1
25929,ING0903,1,Pasantía de Investigación en Empresa,Dirección Docente,: CLAS SIN SALA,Ingeniería,2026-1
25930,ING0904,1,Iniciativas de Investigación Estudiantiles,Dirección Docente,: CLAS SIN SALA,Ingeniería,2026-1
25932,ING0905,1,Cmd Iniciativas de Investigación en Pregrado,Dirección Docente,: CLAS SIN SALA,Ingeniería,2026-1
25934,ING0906,1,Cmd Investigación o Proyecto Interdisciplinario,Dirección Docente,: CLAS SIN SALA,Ingeniería,2026-1
25931,ING0914,1,Iniciativas de Investigación Estudiantiles,Dirección Docente,: CLAS SIN SALA,Ingeniería,2026-1
25933,ING0915,1,Cmd Iniciativas de Investigación en Pregrado,Dirección Docente,: CLAS SIN SALA,Ingeniería,2026-1
25935,ING0916,1,Cmd Investigación o Proyecto Interdisciplinario,Dirección Docente,: CLAS SIN SALA,Ingeniería,2026-1
11499,ING1001,1,Práctica I,Suarez Francisco,: CLAS SIN SALA,Ingeniería,2026-1
11547,ING1004,1,Desafíos de la Ingeniería,Teutsch Lorena,L-W:1 CLAS AP203 V:1 AYU AP203,Ingeniería,2026-1
20702,ING1004,2,Desafíos de la Ingeniería,Novoa Hector,L-W:1 CLAS B24 V:1 AYU B24,Ingeniería,2026-1
11522,ING1004,3,Desafíos de la Ingeniería,Prieto Andrés,L-W:1 CLAS B25 V:1 AYU AP303,Ingeniería,2026-1
11513,ING1004,4,Desafíos de la Ingeniería,Contardo Victoria,L-W:1 CLAS B17 V:1 AYU B17,Ingeniería,2026-1
11560,ING1004,5,Desafíos de la Ingeniería,Jahnke Eduardo,L-W:1 CLAS B18 V:1 AYU B25,Ingeniería,2026-1
11531,ING1004,6,Desafíos de la Ingeniería,Cortázar Catalina,M-J:1 CLAS B17 V:2 AYU C200,Ingeniería,2026-1
11554,ING1004,7,Desafíos de la Ingeniería,Eterovich Francisco,M-J:1 CLAS B24 V:2 AYU B17,Ingeniería,2026-1
11506,ING1004,8,Desafíos de la Ingeniería,Higuera Sebastián,M-J:1 CLAS AP203 V:2 AYU B24,Ingeniería,2026-1
15170,ING1004,9,Desafíos de la Ingeniería,Abara Pablo,M-J:1 CLAS B25 V:2 AYU B25,Ingeniería,2026-1
21502,ING1004,10,Desafíos de la Ingeniería,Fuentes Francisco,M-J:1 CLAS B18 V:2 AYU B18,Ingeniería,2026-1
11844,ING2001,1,Práctica II,Suarez Francisco,: CLAS SIN SALA,Ingeniería,2026-1
24183,ING2005,1,Taller de Empleabilidad,Suarez Francisco,: CLAS SIN SALA,Ingeniería,2026-1
24833,ING2005,2,Taller de Empleabilidad,Suarez Francisco,: CLAS SIN SALA,Ingeniería,2026-1
24834,ING2005,3,Taller de Empleabilidad,Suarez Francisco,: CLAS SIN SALA,Ingeniería,2026-1
24835,ING2005,4,Taller de Empleabilidad,Suarez Francisco,: CLAS SIN SALA,Ingeniería,2026-1
24836,ING2005,5,Taller de Empleabilidad,Suarez Francisco,: CLAS SIN SALA,Ingeniería,2026-1
24837,ING2005,6,Taller de Empleabilidad,Suarez Francisco,: CLAS SIN SALA,Ingeniería,2026-1
30535,ING2005,7,Taller de Empleabilidad,Suarez Francisco,: CLAS SIN SALA,Ingeniería,2026-1
15385,ING2030,1,"Investigación, Innovación y Emprendimiento",Leatherbee Michael,L-W:1 TAL BC25 M:6 CLAS BC21,Ingeniería,2026-1
15388,ING2030,2,"Investigación, Innovación y Emprendimiento",Cruz Alfonso,M-J:2 TAL B21 M:6 CLAS B14,Ingeniería,2026-1
15390,ING2030,3,"Investigación, Innovación y Emprendimiento",Ferrer Juan,M-J:2 TAL B15 M:6 CLAS BC23,Ingeniería,2026-1
15391,ING2030,4,"Investigación, Innovación y Emprendimiento",Hilliger Isabel,M-J:2 TAL C401 M:6 CLAS B15,Ingeniería,2026-1
15392,ING2030,5,"Investigación, Innovación y Emprendimiento",Johnson Vader,M-J:4 TAL B15 M:6 CLAS B16,Ingeniería,2026-1
16268,ING2030,6,"Investigación, Innovación y Emprendimiento",Cifuentes Pablo,M-J:4 TAL B14 M:6 CLAS B21,Ingeniería,2026-1
16271,ING2030,7,"Investigación, Innovación y Emprendimiento",Lillo Patricio,M-J:4 TAL B21 M:6 CLAS B22,Ingeniería,2026-1
25592,ING2030,8,"Investigación, Innovación y Emprendimiento",Bouchon Pedro,M-J:4 TAL B16 M:6 CLAS BC26,Ingeniería,2026-1
16620,ING3100,1,Convenio Universidad de Chile,Por Fijar,: CLAS SIN SALA,Ingeniería,2026-1
24002,ING3110,1,Convenio Universidad de Chile,Dirección Docente,: CLAS SIN SALA,Ingeniería,2026-1
20756,ING3200,1,Convenio Universidad Técnica Federico Santa María,Por Fijar,: CLAS SIN SALA,Ingeniería,2026-1
21439,ING3300,1,Convenio Universidad de Santiago de Chile,Por Fijar,: CLAS SIN SALA,Ingeniería,2026-1
34163,ING3400,1,Investigación Avanzada de Intercambio,Por Fijar,: CLAS SIN SALA,Ingeniería,2026-1
33408,ING3810,1,Seminario de Postgrado: Propuesta de Tesis,Fernández Claudio,L-W:3 CLAS SDEPTO-ICE,Ingeniería,2026-1
21043,ING3810,2,Seminario de Postgrado: Propuesta de Tesis,Vera Sergio,L-W:3 CLAS SDEPTO-ICE,Ingeniería,2026-1
21044,ING3810,3,Seminario de Postgrado: Propuesta de Tesis,Pasten Pablo,L-W:3 CLAS SDEPTO-ICE,Ingeniería,2026-1
21514,ING3820,1,Seminario de Postgrado I,Reutter Juan,V:4 CLAS QB-105,Ingeniería,2026-1
21515,ING3820,2,Seminario de Postgrado I,Sahli Francisco,L-W:5 CLAS SIN SALA,Ingeniería,2026-1
22845,ING3821,1,Seminario de Postgrado II,Reutter Juan,V:4 CLAS SIN SALA,Ingeniería,2026-1
22854,ING3821,2,Seminario de Postgrado II,Sahli Francisco,L-W:5 CLAS SIN SALA,Ingeniería,2026-1
11856,ING4921,1,Tesis de Postgrado,Por Fijar,: CLAS SIN SALA,Ingeniería,2026-1
11861,ING4922,1,Tesis de Postgrado,Por Fijar,: CLAS SIN SALA,Ingeniería,2026-1
11867,ING4923,1,Tesis de Postgrado,Por Fijar,: CLAS SIN SALA,Ingeniería,2026-1
11873,ING4926,1,Tesis de Postgrado,Por Fijar,: CLAS SIN SALA,Ingeniería,2026-1
11877,ING4927,1,Tesis de Postgrado,Por Fijar,: CLAS SIN SALA,Ingeniería,2026-1
11882,ING4928,1,Tesis de Postgrado,Por Fijar,: CLAS SIN SALA,Ingeniería,2026-1
11889,ING4941,1,Proyecto de Tesis I,Por Fijar,: CLAS SIN SALA,Ingeniería,2026-1
11894,ING4942,1,Proyecto de Tesis II,Por Fijar,: CLAS SIN SALA,Ingeniería,2026-1
11900,ING4943,1,Proyecto de Tesis III,Por Fijar,: CLAS SIN SALA,Ingeniería,2026-1
11904,ING4944,1,Proyecto de Tesis IV,Por Fijar,: CLAS SIN SALA,Ingeniería,2026-1
15605,ING4961,1,Tesis de Doctorado I,Por Fijar,: CLAS SIN SALA,Ingeniería,2026-1
15607,ING4962,1,Tesis de Doctorado II,Por Fijar,: CLAS SIN SALA,Ingeniería,2026-1
15609,ING4963,1,Tesis de Doctorado III,Por Fijar,: CLAS SIN SALA,Ingeniería,2026-1
11925,ING4970,1,Actividad de Graduacion,Por Fijar,: CLAS SIN SALA,Ingeniería,2026-1
15612,ING5050,1,Manuscrito Proyecto de Tesis,Por Fijar,: CLAS SIN SALA,Ingeniería,2026-1
11938,ING5100,1,Examen de Candidatura,Por Fijar,: CLAS SIN SALA,Ingeniería,2026-1
25696,ING5110,2,Examen de Candidatura,Por Fijar,: CLAS SIN SALA,Ingeniería,2026-1
18713,ING5200,1,Actividad Anual de Seguimiento I,Por Fijar,: CLAS SIN SALA,Ingeniería,2026-1
20757,ING5210,1,Actividad Anual de Seguimiento II,Por Fijar,: CLAS SIN SALA,Ingeniería,2026-1
31294,ING5220,1,Actividad Anual de Seguimiento III,Por Fijar,: CLAS,Ingeniería,2026-1
16229,ING5240,1,Pasantía Internacional,Por Fijar,: CLAS SIN SALA,Ingeniería,2026-1
18710,ING5250,1,Autoría Artículo Científico o Patente,Por Fijar,: CLAS SIN SALA,Ingeniería,2026-1
17062,ING5300,1,Documento Tesis Doctoral,Por Fijar,: CLAS SIN SALA,Ingeniería,2026-1
20337,ING5400,1,Defensa de Tesis Doctoral,Por Fijar,: CLAS SIN SALA,Ingeniería,2026-1
22430,IIQ0020,1,Investigacion o Proyecto,Dirección Docente,: CLAS SIN SALA,Ingeniería,2026-1
10978,IIQ1001,1,Introducción a la Ingeniería Química,Saez Cesar,L-W:5 CLAS A6 V:2 AYU BC22,Ingeniería,2026-1
10984,IIQ1003,1,Termodinámica,Ormazábal Sebastián,L-W:1 CLAS S9 V:1 AYU R6,Ingeniería,2026-1
16994,IIQ1003,2,Termodinámica,Ormazábal Sebastián,M-J:2 CLAS BC24 W:6 AYU BC24,Ingeniería,2026-1
24173,IIQ2003,1,Fenómenos de Transporte,De la Vega Diego,M-J:4 CLAS E11 M:5 AYU S19,Ingeniería,2026-1
14785,IIQ2013,1,Operaciones Unitarias I,"Gajardo Nicolás, Ormazábal Sebastián","L-W:3 CLAS B17 M:6 AYU B17 V:1,2 LAB ED215",Ingeniería,2026-1
14796,IIQ2013,2,Operaciones Unitarias I,"Gajardo Nicolás, Ormazábal Sebastián","L-W:3 CLAS B17 M:6 AYU B17 V:3,4 LAB SALA STEM",Ingeniería,2026-1
14790,IIQ2013,3,Operaciones Unitarias I,"Gajardo Nicolás, Ormazábal Sebastián","L-W:3 CLAS B17 M:6 AYU B17 V:5,6 LAB J4",Ingeniería,2026-1
14808,IIQ2023,1,Operaciones Unitarias II,"Huerta Felipe, Ormazábal Sebastián","M-J:1 CLAS B22 W:6 AYU B14 V:1,2 LAB S5",Ingeniería,2026-1
14800,IIQ2023,2,Operaciones Unitarias II,"Huerta Felipe, Ormazábal Sebastián","M-J:1 CLAS B22 W:6 AYU B14 V:3,4 LAB ED214",Ingeniería,2026-1
14804,IIQ2023,3,Operaciones Unitarias II,"Huerta Felipe, Ormazábal Sebastián","M-J:1 CLAS B22 W:6 AYU B14 V:5,6 LAB H4",Ingeniería,2026-1
11000,IIQ2043,1,Fisicoquímica,Canales Roberto,L-W:4 CLAS R6 V:4 AYU BC24,Ingeniería,2026-1
33152,IIQ2113,1,Diseño de Reactores,Blanco Elodie,M-J:2 CLAS QB-105 V:3 AYU K307,Ingeniería,2026-1
11011,IIQ2133,1,Procesos Químicos,Moreno Maria,L-W:2 CLAS B16 V:2 AYU BC21,Ingeniería,2026-1
29541,IIQ2133,2,Procesos Químicos,De la Vega Diego,L-W:1 CLAS E11 V:1 AYU ED217,Ingeniería,2026-1
11005,IIQ213Q,1,Operaciones Unitarias I,De la Vega Diego,"M:1 CLAS N11 W:2 AYU N11 W:3 CLAS E11 W:5,6 LAB N18",Ingeniería,2026-1
15118,IIQ2303,1,Matemática Aplicada a la Ingeniería de Procesos,Jorquera Hector,M-J:3 CLAS B17 W:6 AYU BC23,Ingeniería,2026-1
20138,IIQ2363,1,Residuos Sólidos y Peligrosos,Saez Cesar,L-W:3 CLAS B25 V:3 AYU B25,Ingeniería,2026-1
18850,IIQ2623,1,Microbiología e Higiene de Alimentos,Franco Wendy,"L-W:2 CLAS H4 V:3,4 LAB SIN SALA",Ingeniería,2026-1
11036,IIQ2663,1,Fundamentos de Biotecnología,Jimenez Natalia,L-W:3 CLAS BC26 V:3 AYU AP003,Ingeniería,2026-1
21158,IIQ2673,1,Bioseparaciones,Orellana Camila,"L-W:2 CLAS BC26 L:5,6 LAB B21 V:2 AYU B16",Ingeniería,2026-1
18851,IIQ2723,1,Ingeniería de Alimentos,Farfan Mariel,L-W:1 CLAS QB-105 J:3 LAB SIN SALA J:4 AYU QB-105,Ingeniería,2026-1
33437,IIQ2930,1,Introducción a la Ingeniería Gastronómica,"Moreno Maria, Farfan Mariel","M:4 LAB S5 M:5,6 CLAS H2",Ingeniería,2026-1
20790,IIQ2972,1,Trabajo Personal Dirigido,Dirección Docente,: CLAS SIN SALA,Ingeniería,2026-1
22428,IIQ2981,1,Trabajo Personal Dirigido,Dirección Docente,: CLAS SIN SALA,Ingeniería,2026-1
20791,IIQ2985,1,Investigacion o Proyecto,Dirección Docente,:8 CLAS SIN SALA,Ingeniería,2026-1
20793,IIQ2986,1,Investigacion o Proyecto,Dirección Docente,:8 CLAS SIN SALA,Ingeniería,2026-1
22429,IIQ2987,1,Investigacion o Proyecto,Dirección Docente,:8 CLAS SIN SALA,Ingeniería,2026-1
30931,IIQ3253,1,Evaluación y Diseño de Procesos y Bioprocesos (Proyecto de Título),Guajardo Nadia,"V:5,6 CLAS A2",Ingeniería,2026-1
18856,IIQ3343,1,Contaminación Atmosférica,Jorquera Hector,L-W:2 CLAS BC21 V:4 AYU BC23,Ingeniería,2026-1
11060,IIQ3402,1,"Diseño Estadístico, Optimización y Análisis Multivariado",Saa Pedro,M-J:3 CLAS C507 W:6 AYU K302,Ingeniería,2026-1
22564,IIQ3602,1,Biopolímeros,Valenzuela Loreto,L-W:3 CLAS BC23,Ingeniería,2026-1
30011,IIQ3641,1,Inocuidad y Seguridad Alimentaria,Pedreschi Franco,L-W:5 CLAS QB-105 V:6 AYU QB-105,Ingeniería,2026-1
24174,IIQ3663,1,Sistemas Microbiológicos,Garrido Daniel,L-W:2 CLAS QB-105 V:2 AYU QB-105,Ingeniería,2026-1
11084,IIQ3683,1,Biotecnología Microbiana,Guajardo Nadia,M-J:5 CLAS B15 W:6 AYU BC25,Ingeniería,2026-1
17108,IIQ3733,1,Análisis de Biosistemas,Pérez José,M-J:2 CLAS H1 J:5 AYU H1,Ingeniería,2026-1
29298,IIQ3772,1,Termodinámica Avanzada,Canales Roberto,M-J:5 CLAS QB-105 M:4 AYU QB-105,Ingeniería,2026-1
29299,IIQ3782,1,Biotecnología de Alimentos,Franco Wendy,"L-W:4 CLAS S4 V:3,4 LAB SIN SALA",Ingeniería,2026-1
32656,IIQ3873,1,Solventes Verdes para Procesos Sustentables,Gajardo Nicolás,M-J:1 CLAS QB-105 J:6 AYU QB-105,Ingeniería,2026-1
33234,IMI3200,1,Propiedad Industrial e Intelectual,"Ortiz Ivette, Insunza Isidora",J-V-S: CLAS SIN SALA,Ingeniería,2026-1
11177,IMI3400,1,Planes de Negocios y Financiamientos para Emprendimiento,"Herman Julian, Forttes Nicole",J-V-S: CLAS SIN SALA,Ingeniería,2026-1
11195,IMI3500,1,"Sistemas, Entorno y Redes para la Innovación",Pertuze Julio,W-J-V: CLAS SIN SALA,Ingeniería,2026-1
33548,IMI3790,1,Innovación Corporativa Aplicada,Arias Rodrigo,W-J-V: CLAS SIN SALA,Ingeniería,2026-1
11209,IMI4000,1,Actividad de Graduación,Pertuze Julio,L-M-W-J-V: CLAS SIN SALA,Ingeniería,2026-1
22439,IMM0020,1,Investigacion o Proyecto,Dirección Docente,: CLAS SIN SALA,Ingeniería,2026-1
11214,IMM1003,1,Introducción a la Minería,Jara Jose,M-J:4 CLAS B11 V:2 CLAS CS-102 V:5 AYU CS-102,Ingeniería,2026-1
20740,IMM2003,1,Geología Minera,Oyarzún Nicolás,"M-J:1 CLAS BC26 V:5,6 LAB B21",Ingeniería,2026-1
14827,IMM2013,1,Minería a Cielo Abierto,Lillo Patricio,M-J:3 CLAS B22 M:4 LAB BC26 V:4 AYU B15,Ingeniería,2026-1
14832,IMM2033,1,Geoestadística,Mancilla Fernando,L:6 LAB BC23 M-J:5 CLAS B25 V:1 AYU BC22,Ingeniería,2026-1
14838,IMM2043,1,Minería Subterránea,Hekmatnejad Amin,M-J:3 CLAS AP403 J:5 AYU J3 V:4 LAB K307,Ingeniería,2026-1
15136,IMM2053,1,Procesos Metalúrgicos,"Velásquez Lilian, Salas Juan",L-W-V:1 CLAS K303,Ingeniería,2026-1
24122,IMM2073,1,Minería Sustentable,"Velásquez Lilian, Videla Alvaro",L-W:3 CLAS BC25,Ingeniería,2026-1
22521,IMM2083,1,Mecánica de Rocas para Minería,Cortés Nayadeth,M-J:6 CLAS BC22 W:4 AYU B15,Ingeniería,2026-1
20779,IMM2972,1,Trabajo Personal Dirigido,Dirección Docente,: CLAS SIN SALA,Ingeniería,2026-1
20485,IMM2985,1,Investigacion o Proyecto,Dirección Docente,: CLAS SIN SALA,Ingeniería,2026-1
22437,IMM2986,1,Investigacion o Proyecto,Dirección Docente,: CLAS SIN SALA,Ingeniería,2026-1
22438,IMM2987,1,Investigacion o Proyecto,Dirección Docente,: CLAS SIN SALA,Ingeniería,2026-1
30957,IMM3210,1,Fundamentos de la Economia de los  Minerales,Jara Jose,M-J:2 CLAS K300 V:1 AYU K305,Ingeniería,2026-1
28198,IMM3212,1,Procesos Electroquímicos en la Industria Minera,Salas Juan,L-W:2 CLAS SEM_6_P2,Ingeniería,2026-1
28870,IMM3313,1,Planificación Minera,Jélvez Enrique,L:5 AYU BC26 M-J:4 CLAS C300 J:3 LAB K301,Ingeniería,2026-1
11292,IMM3323,1,Gestión de Equipos y Automatización Minera,Guzman Luis,L-W:2 CLAS K307 V:2 AYU E17,Ingeniería,2026-1
11303,IMM3403,1,Proyecto Minero,Jara Jose,"V:3,4 CLAS ED219 V:5 AYU AP502",Ingeniería,2026-1
30932,IMM3404,1,Proyecto Minero (Proyecto de Título),Jara Jose,"V:3,4 CLAS ED219 V:5 AYU AP502",Ingeniería,2026-1
29220,IMM3501,1,Operaciones Unitarias y Automatización Minera,Silva Juan,"J:3 LAB K305 J:4 AYU K301 V:5,6 CLAS AP001",Ingeniería,2026-1
11316,IMM3521,1,Tecnologías Mineras,"Castro Matías, Jélvez Enrique",M-J:3 CLAS C300 W:6 AYU H4,Ingeniería,2026-1
30025,IMM3721,1,Tecnologías del Hidrógeno,"Lillo Patricio, Belmar Francisco",L-W:6 CLAS AP102 V:4 AYU K301,Ingeniería,2026-1
22436,IMT0020,1,Investigación o Proyecto,Dirección Docente,: CLAS SIN SALA,Ingeniería,2026-1
11332,IMT1001,1,Introducción a la Ingeniería Matemática,Barnafi Nicolás,L-W:2 CLAS B14 W:6 AYU B16,Ingeniería,2026-1
17081,IMT2111,1,Álgebra Lineal Numérica,Fuentes Federico,L-W:5 CLAS B15 J:5 AYU BC25,Ingeniería,2026-1
20815,IMT2972,1,Trabajo Personal Dirigido,Dirección Docente,: CLAS SIN SALA,Ingeniería,2026-1
22432,IMT2981,1,Trabajo Personal Dirigido,Dirección Docente,: CLAS SIN SALA,Ingeniería,2026-1
22433,IMT2985,1,Investigación o Proyecto,Dirección Docente,: CLAS SIN SALA,Ingeniería,2026-1
22434,IMT2986,1,Investigación o Proyecto,Dirección Docente,: CLAS SIN SALA,Ingeniería,2026-1
22435,IMT2987,1,Investigación o Proyecto,Dirección Docente,: CLAS SIN SALA,Ingeniería,2026-1
23562,IMT3130,1,Aplicaciones de Ecuaciones Diferenciales Parciales y Análisis Funcional en Ingeniería,Barnafi Nicolás,L-W:3 CLAS B14 V:3 LAB AP503,Ingeniería,2026-1
30933,IMT3140,1,Taller en Ingeniería Matemática (Proyecto de Título),"Cataldo Alejandro, Zúñiga Daniel",M:1 CLAS B16 J:1 TAL H1,Ingeniería,2026-1
28159,IMT3150,1,Optimización Avanzada,Guzman Cristobal,M-J:4 CLAS BC23 V:5 AYU CS302,Ingeniería,2026-1
33724,IMT3450,1,Tópicos en Aprendizaje Estadístico y Ciencia de Datos,Espinoza Daniel,"M:5,6 CLAS AP501 V:2 LAB BC25",Ingeniería,2026-1
18874,IMT3500,1,Taller de Ingeniería Matemática,"Cataldo Alejandro, Zúñiga Daniel",M:1 CLAS B16,Ingeniería,2026-1
33918,IMT3801,1,Tópicos Avanzados en Ingeniería Matemática y Computacional,Matzavinos Anastasios,L-W:6 CLAS AP503 J:6 AYU BC26,Ingeniería,2026-1
25050,IMT3850,1,Fundamentos Matemáticos para Inteligencia Artificial,Sanchez Manuel,"L:8,9 CLAS C403",Ingeniería,2026-1
25072,IMT3860,1,Introducción a Data Science,Cataldo Alejandro,"J:7,8,9 CLAS C403",Ingeniería,2026-1
33147,IBM2027,1,Introducción al Prototipado de Bioinstrumentación,Wenzel Tobias,"W:5,6 LAB H1",Ingeniería Biológica y Médica,2026-1
22251,IBM3105,1,Biological and Medical Engineering Group Project,"Wenzel Tobias, Zacconi Flavia",L:3 CLAS K307 W:3 AYU SALA STEM,Ingeniería Biológica y Médica,2026-1
31047,IBM3108,1,Unidad de Investigación,Por Fijar,: TES SIN SALA,Ingeniería Biológica y Médica,2026-1
32683,IBM3111,1,Interdisciplinary Research Unit I,Ravasio Andrea,: CLAS SIN SALA,Ingeniería Biológica y Médica,2026-1
32684,IBM3112,1,Interdisciplinary Research Unit II,Aguayo Sebastian,: TES SIN SALA,Ingeniería Biológica y Médica,2026-1
22485,IBM3112,2,Interdisciplinary Research Unit II,Rodriguez Maria,: TES SIN SALA,Ingeniería Biológica y Médica,2026-1
30945,IBM3112,3,Interdisciplinary Research Unit II,Wozniak Aniela,: TES SIN SALA,Ingeniería Biológica y Médica,2026-1
25765,IBM3112,4,Interdisciplinary Research Unit II,Zacconi Flavia,: TES SIN SALA,Ingeniería Biológica y Médica,2026-1
25766,IBM3112,5,Interdisciplinary Research Unit II,Prieto Claudia,: TES SIN SALA,Ingeniería Biológica y Médica,2026-1
32685,IBM3112,6,Interdisciplinary Research Unit II,Egaña Jose,: TES SIN SALA,Ingeniería Biológica y Médica,2026-1
32686,IBM3112,7,Interdisciplinary Research Unit II,Schuller Andreas,: TES SIN SALA,Ingeniería Biológica y Médica,2026-1
32687,IBM3112,8,Interdisciplinary Research Unit II,Wenzel Tobias,: TES SIN SALA,Ingeniería Biológica y Médica,2026-1
32688,IBM3112,9,Interdisciplinary Research Unit II,Ravasio Andrea,: TES SIN SALA,Ingeniería Biológica y Médica,2026-1
22253,IBM3113,1,Interdisciplinary Seminar,Ravasio Andrea,V:5 CLAS H3,Ingeniería Biológica y Médica,2026-1
30959,IBM3120,1,Candidacy Examination,Wozniak Aniela,: TES SIN SALA,Ingeniería Biológica y Médica,2026-1
32689,IBM3120,2,Candidacy Examination,Rodriguez Maria,: TES SIN SALA,Ingeniería Biológica y Médica,2026-1
25768,IBM3120,3,Candidacy Examination,Zacconi Flavia,: TES SIN SALA,Ingeniería Biológica y Médica,2026-1
23720,IBM3120,4,Candidacy Examination,Egaña Jose,: TES SIN SALA,Ingeniería Biológica y Médica,2026-1
25832,IBM3120,5,Candidacy Examination,Prieto Claudia,: TES SIN SALA,Ingeniería Biológica y Médica,2026-1
32695,IBM3120,6,Candidacy Examination,Schuller Andreas,: TES SIN SALA,Ingeniería Biológica y Médica,2026-1
32699,IBM3120,7,Candidacy Examination,Wenzel Tobias,: TES SIN SALA,Ingeniería Biológica y Médica,2026-1
32702,IBM3120,8,Candidacy Examination,Aguayo Sebastian,: TES SIN SALA,Ingeniería Biológica y Médica,2026-1
32709,IBM3120,9,Candidacy Examination,Ravasio Andrea,: TES SIN SALA,Ingeniería Biológica y Médica,2026-1
30958,IBM3121,1,Approval of Thesis Project,Wozniak Aniela,: TES SIN SALA,Ingeniería Biológica y Médica,2026-1
23722,IBM3121,2,Approval of Thesis Project,Rodriguez Maria,: TES SIN SALA,Ingeniería Biológica y Médica,2026-1
32711,IBM3121,3,Approval of Thesis Project,Zacconi Flavia,: TES SIN SALA,Ingeniería Biológica y Médica,2026-1
25833,IBM3121,4,Approval of Thesis Project,Egaña Jose,: TES SIN SALA,Ingeniería Biológica y Médica,2026-1
32715,IBM3121,5,Approval of Thesis Project,Schuller Andreas,: TES SIN SALA,Ingeniería Biológica y Médica,2026-1
25835,IBM3121,6,Approval of Thesis Project,Prieto Claudia,: TES SIN SALA,Ingeniería Biológica y Médica,2026-1
32716,IBM3121,7,Approval of Thesis Project,Wenzel Tobias,: TES SIN SALA,Ingeniería Biológica y Médica,2026-1
32717,IBM3121,8,Approval of Thesis Project,Aguayo Sebastian,: TES SIN SALA,Ingeniería Biológica y Médica,2026-1
33050,IBM3121,9,Approval of Thesis Project,Ravasio Andrea,: TES SIN SALA,Ingeniería Biológica y Médica,2026-1
24123,IBM3123,1,Doctoral Thesis II,Wozniak Aniela,: TES SIN SALA,Ingeniería Biológica y Médica,2026-1
24124,IBM3123,2,Doctoral Thesis II,Prieto Claudia,: TES SIN SALA,Ingeniería Biológica y Médica,2026-1
27746,IBM3123,3,Doctoral Thesis II,Vera Mario,: TES SIN SALA,Ingeniería Biológica y Médica,2026-1
32718,IBM3123,4,Doctoral Thesis II,Hurtado Daniel,: TES SIN SALA,Ingeniería Biológica y Médica,2026-1
27749,IBM3124,1,Doctoral Thesis III,Garrido Daniel,: TES SIN SALA,Ingeniería Biológica y Médica,2026-1
27751,IBM3124,2,Doctoral Thesis III,Ravasio Andrea,: TES SIN SALA,Ingeniería Biológica y Médica,2026-1
32719,IBM3124,3,Doctoral Thesis III,Federici Fernan,: TES SIN SALA,Ingeniería Biológica y Médica,2026-1
32720,IBM3124,4,Doctoral Thesis III,Ramirez Cesar,: TES SIN SALA,Ingeniería Biológica y Médica,2026-1
25836,IBM3125,1,Doctoral Thesis IV,Botnar Rene,: TES SIN SALA,Ingeniería Biológica y Médica,2026-1
25837,IBM3125,2,Doctoral Thesis IV,Ravasio Andrea,: TES SIN SALA,Ingeniería Biológica y Médica,2026-1
27753,IBM3125,3,Doctoral Thesis IV,Ramirez Cesar,: TES SIN SALA,Ingeniería Biológica y Médica,2026-1
29342,IBM3126,1,Doctoral Thesis V,Rodriguez Maria,: TES SIN SALA,Ingeniería Biológica y Médica,2026-1
29343,IBM3126,2,Doctoral Thesis V,Federici Fernan,: TES SIN SALA,Ingeniería Biológica y Médica,2026-1
25487,IBM3127,1,Annual Thesis Monitoring Activity I,Wozniak Aniela,: TES SIN SALA,Ingeniería Biológica y Médica,2026-1
25488,IBM3127,2,Annual Thesis Monitoring Activity I,Prieto Claudia,: TES SIN SALA,Ingeniería Biológica y Médica,2026-1
32721,IBM3127,3,Annual Thesis Monitoring Activity I,Hurtado Daniel,: TES SIN SALA,Ingeniería Biológica y Médica,2026-1
27757,IBM3127,4,Annual Thesis Monitoring Activity I,Vera Mario,: TES SIN SALA,Ingeniería Biológica y Médica,2026-1
30627,IBM3128,1,Annual Thesis Monitoring Activity II,Ravasio Andrea,: TES SIN SALA,Ingeniería Biológica y Médica,2026-1
30960,IBM3128,2,Annual Thesis Monitoring Activity II,Ramirez Cesar,: TES SIN SALA,Ingeniería Biológica y Médica,2026-1
30962,IBM3129,1,Internship Abroad,Federici Fernan,: TES SIN SALA,Ingeniería Biológica y Médica,2026-1
28010,IBM3130,1,Accepted Publication or Patent,Ramirez Cesar,: TES SIN SALA,Ingeniería Biológica y Médica,2026-1
28016,IBM3130,2,Accepted Publication or Patent,Federici Fernan,: TES SIN SALA,Ingeniería Biológica y Médica,2026-1
29287,IBM3403,1,Informática en Salud,Rojas Eric,L-W:5 CLAS K303 V:6 AYU H1,Ingeniería Biológica y Médica,2026-1
31846,EMA3000,1,Fundamentos de la Ética,Correa Mauricio,"J:8,9 CLAS SIN SALA",Instituto de Éticas Aplicadas,2026-1
31848,EMA3001,1,Laboratorio en Ética Aplicada,Arriagada Gabriela,"W:8,9 CLAS SIN SALA",Instituto de Éticas Aplicadas,2026-1
31858,EMA3002,1,Ética de las Profesiones,Munoz Enrique,"W:8,9 CLAS SIN SALA",Instituto de Éticas Aplicadas,2026-1
33687,EMA3005,1,Seminario de Grado I,Arriagada Gabriela,V:8 TES SIN SALA,Instituto de Éticas Aplicadas,2026-1
33695,EMA3005,2,Seminario de Grado I,Guajardo Constanza,V:8 TES SIN SALA,Instituto de Éticas Aplicadas,2026-1
33697,EMA3005,3,Seminario de Grado I,Moya Beatriz,V:8 TES SIN SALA,Instituto de Éticas Aplicadas,2026-1
33699,EMA3005,4,Seminario de Grado I,Donoso Alfonso,V:8 TES SIN SALA,Instituto de Éticas Aplicadas,2026-1
33700,EMA3005,5,Seminario de Grado I,Santander Claudio,V:8 TES SIN SALA,Instituto de Éticas Aplicadas,2026-1
33728,EMA3005,6,Seminario de Grado I,Correa Mauricio,V:8 TES,Instituto de Éticas Aplicadas,2026-1
33730,EMA3005,7,Seminario de Grado I,Larraín Juan,V:8 TES SIN SALA,Instituto de Éticas Aplicadas,2026-1
33735,EMA3005,8,Seminario de Grado I,De Campos Thana,V:8 CLAS SIN SALA,Instituto de Éticas Aplicadas,2026-1
33274,EMA3008,1,Ética Animal,Donoso Alfonso,J:8 CLAS SIN SALA,Instituto de Éticas Aplicadas,2026-1
32823,EMA3010,1,Neuroética,Wajnerman Abel,L:8 CLAS SIN SALA,Instituto de Éticas Aplicadas,2026-1
33294,EMA3011,1,Ética y Economía,Marinovic Alejandra,J:8 CLAS SIN SALA,Instituto de Éticas Aplicadas,2026-1
33135,EMA3016,1,Desafíos para la Integridad Académica en Tiempos de la Ia,Moya Beatriz,L:8 CLAS SIN SALA,Instituto de Éticas Aplicadas,2026-1
32820,ETI1001,1,Ética para Ciencia de la Computación,Arriagada Gabriela,M-J:3 CLAS N5,Instituto de Éticas Aplicadas,2026-1
33186,ETI1004,1,"Derechos Humanos, Ética y Sociedad: Una Perspectiva Sociológica",Bernasconi Oriana,"J:5,6 CLAS C406",Instituto de Éticas Aplicadas,2026-1
30366,ETI185,1,Ética para la Psicología,Wajnerman Abel,"J:1,2 CLAS AUD_J V:2 AYU AUD_J",Instituto de Éticas Aplicadas,2026-1
30314,ETI188,1,Ética para Ingeniería,Guajardo Constanza,M-J:1 CLAS C200,Instituto de Éticas Aplicadas,2026-1
30316,ETI188,2,Ética para Ingeniería,Wajnerman Abel,M-J:5 CLAS B23,Instituto de Éticas Aplicadas,2026-1
31665,ETI188,3,Ética para Ingeniería,Arriagada Gabriela,M-J:1 CLAS R6,Instituto de Éticas Aplicadas,2026-1
31668,ETI188,4,Ética para Ingeniería,Correa Mauricio,L-W:4 CLAS B23,Instituto de Éticas Aplicadas,2026-1
30319,ETI195,1,Ética para Ciencia de Datos y Estadística,Arriagada Gabriela,M-J:3 CLAS N5 M:6 LAB A6,Instituto de Éticas Aplicadas,2026-1
28353,ETI209,1,"Ética, Economía y Empresa","Marinovic Alejandra, Sanchez Jose",L-W:3 CLAS AE206,Instituto de Éticas Aplicadas,2026-1
28354,ETI209,2,"Ética, Economía y Empresa","Arancibia Fernando, Coloma Fernando",M-J:2 CLAS AE208,Instituto de Éticas Aplicadas,2026-1
31671,ETI2474,1,Ética Aplicada a la Construcción,"Arancibia Fernando, Lange Tomas","M:5,6 CLAS C202",Instituto de Éticas Aplicadas,2026-1
30320,ETI8016,1,Ética para Ciencia de Datos y Estadística,Arriagada Gabriela,M-J:3 CLAS N5,Instituto de Éticas Aplicadas,2026-1
27385,ESM01LE,1,Habilidades Comunicativas,"Bello Hugo, Carmona Clara",: CLAS SIN SALA,Letras,2026-1
27386,ESM01LE,2,Habilidades Comunicativas,"Vera Claudia, Carmona Clara",: CLAS SIN SALA,Letras,2026-1
27387,ESM01LE,3,Habilidades Comunicativas,"Leighton Marianne, Carmona Clara",: CLAS SIN SALA,Letras,2026-1
27388,ESM01LE,4,Habilidades Comunicativas,"Muñoz Bernardita, Carmona Clara",: CLAS SIN SALA,Letras,2026-1
27389,ESM01LE,5,Habilidades Comunicativas,Carmona Clara,: CLAS SIN SALA,Letras,2026-1
27390,ESM01LE,6,Habilidades Comunicativas,"Bello Hugo, Carmona Clara",: CLAS SIN SALA,Letras,2026-1
27391,ESM01LE,7,Habilidades Comunicativas,"Leighton Marianne, Carmona Clara",: CLAS SIN SALA,Letras,2026-1
27392,ESM01LE,8,Habilidades Comunicativas,"Muñoz Bernardita, Carmona Clara",: CLAS SIN SALA,Letras,2026-1
34102,ESM01LE,9,Habilidades Comunicativas,Carmona Clara,: CLAS SIN SALA,Letras,2026-1
32052,ILS1321,1,Latín-Filosofía I,Eremiev Boris,L-W:6 CLAS S19,Letras,2026-1
23406,ILS1322,1,Latín-Filosofía II,Eremiev Boris,L-W:5 CLAS S19,Letras,2026-1
32053,ILS1325,1,Griego Filosofia I,Torres Jorge,M-J:6 CLAS S19,Letras,2026-1
23407,ILS1326,1,Griego-Filosofia II,Lombardi Sofia,M-J:5 CLAS AP003,Letras,2026-1
31528,LET001A,1,Alemán I,Heming-Berejiani Ursula,M-J:5 CLAS S14,Letras,2026-1
12411,LET001B,1,Fundamentos Lingüísticos,Maturana Carmen,"W:1,2 CLAS T1220 V:2 CLAS T1220",Letras,2026-1
12403,LET001B,2,Fundamentos Lingüísticos,Cardenas Marcelo,"W:1,2 CLAS AP301 V:2 CLAS AP301",Letras,2026-1
28951,LET001B,3,Fundamentos Lingüísticos,Olivar Ximena,"W:1,2 CLAS C301 V:2 CLAS C502",Letras,2026-1
29917,LET001B,4,Fundamentos Lingüísticos,Dominiccini Luis,"W:1,2 CLAS C304 V:2 CLAS C504",Letras,2026-1
12444,LET001E,1,Lengua y Cultura Quechua I,Pacheco Alipio,L-W:2 CLAS AP402,Letras,2026-1
33810,LET002A,1,Alemán II,Heming-Berejiani Ursula,M-J:6 CLAS S15,Letras,2026-1
31529,LET002G,1,¡Derribemos las Barreras del Lenguaje!,"Olivar Ximena, Medina Basthian",M-J:6 CLAS S3,Letras,2026-1
12467,LET003B,1,Elementos de Gramática Española,Toro Francisca,"M:5,6 CLAS ED109",Letras,2026-1
12476,LET003E,1,Lengua y Cultura Vasca I,Garin Nerea,M-J:4 CLAS AP604,Letras,2026-1
31533,LET004G,1,La Cultura Quechua,Pacheco Alipio,L-W:1 CLAS AP402,Letras,2026-1
12490,LET006E,1,Lengua y Cultura Italiana I,Malvasi Dafne,L-W:5 CLAS S8,Letras,2026-1
12498,LET006E,2,Lengua y Cultura Italiana I,Malvasi Dafne,L-W:6 CLAS S8,Letras,2026-1
33796,LET007I,1,English for Small Children,Arellano Trinidad,"V:5,6 CLAS S7",Letras,2026-1
29938,LET010,1,Introducción a la Lectura y la Escritura Académica I,Román Horacio,L-W:1 CLAS K301 L-W:2 AYU C501,Letras,2026-1
29943,LET010,2,Introducción a la Lectura y la Escritura Académica I,Arriagada Valentina,M-J:1 CLAS C509 M-J:2 AYU C503,Letras,2026-1
29945,LET010,3,Introducción a la Lectura y la Escritura Académica I,Franzani Paola,M-J:1 CLAS K301 M-J:2 AYU K301,Letras,2026-1
31291,LET010,4,Introducción a la Lectura y la Escritura Académica I,Abaca José,M-J:1 CLAS AP101 M-J:2 AYU TMP102,Letras,2026-1
33698,LET010,5,Introducción a la Lectura y la Escritura Académica I,Olivares Carolina,M-J:1 CLAS SIN SALA M-J:2 AYU SIN SALA,Letras,2026-1
34192,LET010,6,Introducción a la Lectura y la Escritura Académica I,Olivares Carolina,M:2 CLAS SIN SALA W:1 CLAS SIN SALA,Letras,2026-1
26095,LET0101,1,Introducción a los Estudios Literarios,"Onell Roberto, Parejas Héctor",L-W:5 CLAS S3 V:5 TAL R3,Letras,2026-1
26096,LET0101,2,Introducción a los Estudios Literarios,"Opazo Cristian, Hidalgo Daniel",L-W:5 CLAS S2 V:5 TAL R5,Letras,2026-1
29529,LET0101,3,Introducción a los Estudios Literarios,"Sánchez Ignacio, Leiva Carlos",M-J:2 CLAS AP401 W:2 TAL C302,Letras,2026-1
31537,LET0101,4,Introducción a los Estudios Literarios,"Concha Pablo, Hidalgo Juan",M-J:2 CLAS CS401 W:2 TAL AP404,Letras,2026-1
28258,LET0103,1,Letras Coloniales,Oliva Carlos,M-J:3 CLAS S11,Letras,2026-1
29562,LET0103,2,Letras Coloniales,Alvarez Angel,M-J:3 CLAS S15,Letras,2026-1
29615,LET0105,1,Narrativa Chilena e Hispanoamericana II,Toro Felipe,M-J:2 CLAS S8,Letras,2026-1
29758,LET0105,2,Narrativa Chilena e Hispanoamericana II,Manzi Jorge,M-J:2 CLAS S15,Letras,2026-1
29759,LET0107,1,Teoría Literaria II,Sepulveda Magda,L-W:2 CLAS S7,Letras,2026-1
26099,LET0111,1,Literatura Antigua y Medieval,"Leighton Marianne, Soriano Yuricsel",L-W:2 CLAS S4 V:2 TAL S11,Letras,2026-1
26100,LET0111,2,Literatura Antigua y Medieval,"González Pablo, Ramaciotti Amalia",L-W:2 CLAS K300 V:2 TAL S7,Letras,2026-1
29545,LET0111,3,Literatura Antigua y Medieval,"Sánchez Ignacio, Alessio Angelo",L-W:2 CLAS K302 V:2 TAL S15,Letras,2026-1
28263,LET0113,1,Literatura Española General,Gonzalez Rodrigo,M-J:5 CLAS R4,Letras,2026-1
28264,LET0113,2,Literatura Española General,Rodriguez Rocio,M-J:5 CLAS R2,Letras,2026-1
29768,LET0115,1,Poesía Chilena e Hispanoamericana II,Miranda Paula,L-W:3 CLAS S11,Letras,2026-1
29773,LET0115,2,Poesía Chilena e Hispanoamericana II,Labrana Marcela,L-W:3 CLAS S8,Letras,2026-1
31616,LET0117,1,Literatura Española II,Zaldivar Maria,M-J:4 CLAS S7,Letras,2026-1
28509,LET011F,1,Fundamentos Lingüísticos para Fonoaudiología,Weinstein Fernanda,"J:3,4 CLAS CS203",Letras,2026-1
26356,LET0121,1,Grandes Preguntas Sobre el Lenguaje,"Aravena Maria, Colicheo Camila",M-J:3 CLAS S8 V:4 TAL S19,Letras,2026-1
26361,LET0121,2,Grandes Preguntas Sobre el Lenguaje,"Leiva Natalia, Román Horacio",M-J:3 CLAS S6 V:4 TAL S4,Letras,2026-1
29548,LET0121,3,Grandes Preguntas Sobre el Lenguaje,"Dominiccini Luis, Sagua Benjamín",M-J:3 CLAS S14 V:4 TAL S20,Letras,2026-1
28265,LET0123,1,Fonética y Fonología Españolas,Toro Melissa,M-J:2 CLAS S14,Letras,2026-1
28271,LET0123,2,Fonética y Fonología Españolas,Muñoz Diana,M-J:2 CLAS S6,Letras,2026-1
28275,LET0125,1,Lingüística del Texto,Quiroz Beatriz,L-W:2 CLAS S11,Letras,2026-1
28276,LET0125,2,Lingüística del Texto,Vidal Margarita,L-W:2 CLAS S15,Letras,2026-1
31619,LET0129,1,Lingüística de Corpus y Computacional,Núñez Fredy,L-W:3 CLAS LAB-I,Letras,2026-1
26102,LET0131,1,Gramática Española I,Gonzalez Carlos,L-W-V:3 CLAS AP603,Letras,2026-1
26103,LET0131,2,Gramática Española I,"Orqueda Veronica, Rivera Renata",L-W-V:3 CLAS C305,Letras,2026-1
29766,LET0134,1,Lengua Latina II,Branes Maria,L-W:1 CLAS S8,Letras,2026-1
29762,LET0135,1,Historia de la Lengua,Martínez Lucía,L-W:5 CLAS S11,Letras,2026-1
29763,LET0135,2,Historia de la Lengua,Toro Francisca,L-W:5 CLAS R3,Letras,2026-1
29873,LET013F,1,Fonética y Fonología,Toro Melissa,"M-V:5,6 CLAS CS405",Letras,2026-1
29875,LET013F,2,Fonética y Fonología,Cofré Valeria,"M-V:5,6 CLAS TMP105",Letras,2026-1
29872,LET015F,1,Semántica y Pragmática,Urra Pamela,"W:5,6 CLAS CS304",Letras,2026-1
26187,LET0301,1,English Language I,"Sanchez Daniela, Cuadra Mauricio, Galdames Camila, Gatica Claudio, Johnston Emma, Orellana Francisco",L-V:1 CLAS S19 L:2 TAL FT-104 M-J:1 CLAS C400 W:1 LAB LAB-I W:2 TAL S13 V:3 AYU S13,Letras,2026-1
26188,LET0301,2,English Language I,"Gatica Claudio, Gaete Rubén, Gonzalez Edward, Orellana Francisco, Oyarzo Juan, Sanchez Daniela",L-V:1 CLAS S4 M-J:1 CLAS C505 W:1 TAL S19 W:2 LAB LAB-I V:2 AYU S20 V:3 TAL K301,Letras,2026-1
26189,LET0301,3,English Language I,"Johnston Emma, Arcaya Mauricio, Cuadra Mauricio, Galdames Camila, Gonzalez Edward, Lobos Leyla","L:1 TAL S13 L:2 TAL S20 M-J:2 CLAS S4 W:1,2 CLAS K305 V:1 LAB LAB-I V:2 AYU S19",Letras,2026-1
26190,LET0301,4,English Language I,"Kaulen Maria, Arcaya Mauricio, Cuadra Mauricio, David Viviana, Galdames Camila, Gonzalez Edward",L-W:1 CLAS C501 L:2 AYU S13 M:1 CLAS S13 J:1 TAL S13 J:2 TAL S20 V:2 LAB LAB-I V:3 CLAS S19,Letras,2026-1
26191,LET0301,5,English Language I,"Kaulen Maria, Gaete Rubén, Galdames Camila, Gatica Claudio, Gonzalez Edward, Lobos Leyla",L:2 AYU K305 M-J:1 CLAS S19 M-J:2 CLAS S19 W:1 TAL S13 W:2 TAL C400 V:1 LAB LAB_INGLÉS,Letras,2026-1
28418,LET0302,1,English Language II,"Guzmán Erika, Armijo Claudia, Johnston Emma, Monasterio Diego, Sanchez Daniela",L:1 TAL ED214 M-J:2 CLAS S16 M-J:4 CLAS S16 W:1 AYU ED214 W:3 LAB LAB_INGLÉS V:2 TAL ED214,Letras,2026-1
28491,LET0303,1,English Language III,"Guzmán Erika, Arcaya Mauricio, Monasterio Diego, Pearsall Charlotte",M-J:1 CLAS S16 M-J:3 CLAS S16 W:1 TAL S16 V:3 LAB LAB-I,Letras,2026-1
33780,LET0303,2,English Language III,"Miranda Valeska, Arcaya Mauricio, Galdames Camila, Johnston Emma",L:1 LAB LAB-I M-J:1 CLAS ED214 W:5 TAL S12 V:1 CLAS S16 V:3 CLAS S16,Letras,2026-1
26201,LET0311,1,Survey of Literary Studies,Navia Maria,L-W:3 CLAS K305,Letras,2026-1
33778,LET0311,2,Survey of Literary Studies,Staig James,L-W:3 CLAS K301,Letras,2026-1
28368,LET0313,1,Literary Theory I,Parker Richard,M-J:4 CLAS S8,Letras,2026-1
30358,LET0315,1,Narrative: From Romanticism to Modernism,Wilson Michael,L-W:2 CLAS AP502,Letras,2026-1
12557,LET031E,1,Comunicacion Oral y No Verbal,Carmona Clara,"M:4,5 CLAS S11",Letras,2026-1
26194,LET0321,1,Living Topics in Linguistics,Sanchez Daniela,M-J:3 CLAS S19,Letras,2026-1
26195,LET0321,2,Living Topics in Linguistics,Alarcon Fernanda,M-J:3 CLAS C503,Letras,2026-1
31843,LET0323,1,Research and Writing in Academic Contexts,Gauna María,L-W:2 CLAS S5,Letras,2026-1
33785,LET0323,2,Research and Writing in Academic Contexts,Chandía Gonzalo,L-W:2 CLAS S16,Letras,2026-1
30356,LET0325,1,Shakespeare,Lorenzini Javiera,M-J:3 CLAS S7,Letras,2026-1
31799,LET0327,1,Drama,Staig James,M-J:2 CLAS S13,Letras,2026-1
26192,LET0331,1,Applied Grammar I,Kaulen Maria,M-J:5 CLAS AP504 V:5 AYU S11,Letras,2026-1
26193,LET0331,2,Applied Grammar I,Oyarzo Juan,M-J:5 CLAS AP603 V:5 AYU C303,Letras,2026-1
28371,LET0333,1,Grammar and Text,Hao Jing,M-J:2 CLAS S11,Letras,2026-1
30357,LET0335,1,Phonetics and Phonology,Vásquez Gema,M-J:1 CLAS S7,Letras,2026-1
31798,LET0336,1,World Literatures,Ramay Allison,L-W:2 CLAS S12,Letras,2026-1
30365,LET0345,1,Pragmatics,Gajardo Consuelo,M-J:4 CLAS AP603,Letras,2026-1
31797,LET0347,1,Topics in Applied Linguistics,David Viviana,L-W:2 CLAS S19,Letras,2026-1
31796,LET0357,1,Psycholinguistics: Language & Cognition,Alarcon Fernanda,M-J:2 CLAS S12,Letras,2026-1
12583,LET052E,1,Lengua y Cultura China,Chen Hongmei,L-W:2 CLAS S8,Letras,2026-1
25309,LET056E,1,Introduccion a la Lengua y Cultura Catalana,Plasencia Carles,L-W:5 CLAS S7,Letras,2026-1
26311,LET061P,1,Curso de Español Semestral Nivel Intermedio Avanzado,Bravo Daisy,L-W:5 CLAS SIN SALA,Letras,2026-1
33795,LET062I,1,Common Myths of Language Usage,Gonzalez Edward,M-J:5 CLAS S15,Letras,2026-1
33791,LET075I,1,Jane Austen Then and Now,Pino Cristian,M-J:5 CLAS S8,Letras,2026-1
33956,LET085I,1,Inverse Translation: Spanish to English,Gonzalez Edward,L-W:5 CLAS S6,Letras,2026-1
31471,LET087E,1,Introducción al Español Como Lengua Extranjera (E/Le),Bravo Daisy,M-J:5 CLAS S7,Letras,2026-1
31780,LET090E,1,Iniciación a la Traducción de Textos Literarios,Saavedra Pablo,M-J:4 CLAS LAB-T,Letras,2026-1
33794,LET090I,1,Culture and Power: Mechanisms of Social and Cultural Control,Rauld Anthony,L-W:3 CLAS S15,Letras,2026-1
27522,LET091P,1,Curso de Español Intensivo Nivel Avanzado,Sierra Marcia,L-M-W-J-V: CLAS SIN SALA,Letras,2026-1
33807,LET096E,1,Lingüística de Corpus e Investigación Lingüística,Montero Ignacia,M-J:4 CLAS S12,Letras,2026-1
33722,LET096P,1,Survival Spanish for Beginners - A1 Intensive,Sarralde Constanza,"L-M-W-J-V:2,3 CLAS SIN SALA",Letras,2026-1
10218,LET1005,1,Narrativa Chilena e Hispanoamericana,"Bello Hugo, González Valeria",L-W:3 CLAS S13 V:2 TAL S12,Letras,2026-1
31652,LET1006,1,Poesía Chilena e Hispanoamericana,"Leighton Marianne, Zamora Diego",L-W:3 CLAS S4 V:4 TAL S13,Letras,2026-1
31502,LET100E,1,Introducción a la Industria Editorial,Cardenas Marcelo,W-V:3 CLAS AP301,Letras,2026-1
28254,LET1011,1,Literatura Universal I,Sánchez Ignacio,L-W:5 CLAS D405,Letras,2026-1
34095,LET101P,1,Español Básico Con Fines Específicos en Estudios Medioambientales e Interculturalidad,Sierra Marcia,: CLAS SIN SALA,Letras,2026-1
34158,LET101P,2,Español Básico Con Fines Específicos en Estudios Medioambientales e Interculturalidad,Quintanilla Francisca,: CLAS SIN SALA,Letras,2026-1
15975,LET1037,1,Investigación en Letras,Bello Hugo,L-W:1 CLAS SIN SALA,Letras,2026-1
16008,LET1037,2,Investigación en Letras,Martínez Lucía,"V:3,4 CLAS SIN SALA",Letras,2026-1
34134,LET1037,3,Investigación en Letras,Bongers Wolfgang,: CLAS SIN SALA,Letras,2026-1
34136,LET1037,4,Investigación en Letras,Miranda Paula,: CLAS SIN SALA,Letras,2026-1
23491,LET123P,1,Español Lengua Extranjera: Intermedio Avanzado - B2,Por Fijar,M-J:5 CLAS SIN SALA,Letras,2026-1
33752,LET123P,2,Español Lengua Extranjera: Intermedio Avanzado - B2,Sarralde Constanza,M-J:5 CLAS SIN SALA,Letras,2026-1
30511,LET124P,1,Español Lengua Extranjera: Avanzado - C1,Sierra Marcia,M-J:5 CLAS SIN SALA,Letras,2026-1
33809,LET127E,1,Lingüística y Educación,Cardenas Marcelo,W-V:4 CLAS AP301,Letras,2026-1
28524,LET1313,1,English Language III,"Miranda Valeska, Armijo Claudia, Pearsall Charlotte, Saavedra Pablo",L-W:3 CLAS T2223 L:1 TAL T1221 M-J:2 CLAS ED214 V:2 LAB LAB_INGLÉS,Letras,2026-1
28531,LET1313,2,English Language III,"Alarcon Fernanda, Armijo Claudia, Johnston Emma, Miranda Valeska",L-W:1 CLAS ED216 M-J:3 CLAS ED216 W:3 TAL ED216 V:3 LAB LAB_INGLÉS,Letras,2026-1
33793,LET1323,1,Applied Linguistics and Communication,Guzmán Erika,"V:3,4 CLAS SEM_5_P4",Letras,2026-1
18905,LET1331,1,Applied Grammar I,Monasterio Diego,M-J:5 CLAS C303 V:5 AYU C302,Letras,2026-1
21074,LET1331,2,Applied Grammar I,Sanchez Daniela,M-J:5 CLAS C302 V:5 AYU C301,Letras,2026-1
30342,LET1333,1,Synchronic Grammar,Oyarzo Juan,L-W:4 CLAS SIN SALA,Letras,2026-1
26861,LET1341,1,Introduction to Literary Studies,Vergara Tomas,M-J:3 CLAS ED110,Letras,2026-1
33805,LET134E,1,Creación de Lenguas Ficticios (Conlangs),Núñez Fredy,L-W:5 CLAS S15,Letras,2026-1
26310,LET134P,1,Español Lengua Extranjera y Cultura: Avanzado - C1,Sarralde Constanza,L-W:6 CLAS SIN SALA,Letras,2026-1
33806,LET135E,1,La Expresión del Humor y la Risa en la Roma Antigua,Martínez Lucía,L-W:6 CLAS S11,Letras,2026-1
16312,LET1367,1,Research in Literature/Linguistics,Parker Richard,L-W:6 CLAS SIN SALA,Letras,2026-1
23741,LET1367,2,Research in Literature/Linguistics,Arancibia Maria,M-J:6 CLAS SIN SALA,Letras,2026-1
31638,LET150N,1,Investigación en Lingüística I,Aravena Maria,M-J:1 CLAS SIN SALA,Letras,2026-1
31641,LET150N,2,Investigación en Lingüística I,Toledo Gloria,"V:3,4 CLAS SIN SALA",Letras,2026-1
31643,LET150N,3,Investigación en Lingüística I,Vidal Margarita,L-W:1 CLAS SIN SALA,Letras,2026-1
31627,LET150T,1,Investigación en Literatura I,Miranda Paula,M-J:1 CLAS SIN SALA,Letras,2026-1
31630,LET150T,2,Investigación en Literatura I,Labrana Marcela,"V:2,3 CLAS SIN SALA",Letras,2026-1
31632,LET150T,3,Investigación en Literatura I,Burdiles Francisco,"V:1,2 CLAS SEM_3_P2",Letras,2026-1
31635,LET150T,4,Investigación en Literatura I,Gonzalez Marcelo,"V:2,3 CLAS SIN SALA",Letras,2026-1
34087,LET150T,5,Investigación en Literatura I,Gonzalez Rodrigo,: CLAS SIN SALA,Letras,2026-1
33797,LET160N,1,Investigación en Lingüística II,Muñoz Diana,L-W:1 CLAS SIN SALA,Letras,2026-1
34137,LET160N,2,Investigación en Lingüística II,Branes Maria,: CLAS SIN SALA,Letras,2026-1
29887,LET160P,1,Curso de Español Como Segunda Lengua y Cultura Chilena Nivel Elemental - A1,Bravo Daisy,"M-J:3,4 CLAS SIN SALA",Letras,2026-1
10520,LET161E,1,"Programa de Habilidades Comunicativas Escritas para Ciencias Sociales, Artes y Humanidades",Arriagada Valentina,"J:6,7 CLAS R2",Letras,2026-1
29889,LET161P,1,Curso de Español Como Segunda Lengua y Cultura Chilena Nivel Básico - A2,Quintanilla Francisca,"M-J:3,4 CLAS SIN SALA",Letras,2026-1
10525,LET162E,1,Programa de Habilidades Comunicativas Escritas para Ciencias Naturales y Matemáticas,González Catalina,"J:6,7 CLAS R4",Letras,2026-1
10545,LET163E,1,Programa de Habilidades Comunicativas Escritas para Ciencias de la Salud,Colicheo Camila,"J:6,7 CLAS R3",Letras,2026-1
23680,LET182E,1,"Introducción a la Lectura y la Escritura en Artes, Humanidades y Ciencias Sociales",Weinstein Fernanda,L-W:6 CLAS R3,Letras,2026-1
33692,LET182E,2,"Introducción a la Lectura y la Escritura en Artes, Humanidades y Ciencias Sociales",Sagua Benjamín,M-J:2 CLAS R5,Letras,2026-1
23682,LET183E,1,"Introducción a la Lectura y la Escritura en Ciencias Naturales, Matemáticas y de la Salud",Olivar Ximena,L-W:6 CLAS D201,Letras,2026-1
33693,LET183E,2,"Introducción a la Lectura y la Escritura en Ciencias Naturales, Matemáticas y de la Salud",Abaca José,M-J:2 CLAS AP301,Letras,2026-1
26765,LET202G,1,El Misterioso Caso del Curso de Ficción Policial,Gonzalez Marcelo,M-J:2 CLAS AP601,Letras,2026-1
33792,LET203G,1,Westerns: An Intercultural Introduction,Parker Richard,L-W:4 CLAS AP403,Letras,2026-1
33790,LET205I,1,Virginia Woolf,Saavedra Pablo,L-W:5 CLAS S14,Letras,2026-1
33789,LET212I,1,Outraged and Witty: Genres and Modes of English Satire,Lorenzini Javiera,M-J:6 CLAS S14,Letras,2026-1
33788,LET213I,1,Imagining the Future: Contemporary Indegenous Speculative Fiction,Contreras Constanza,M-J:3 CLAS S13,Letras,2026-1
33798,LET218E,1,Literatura Japonesa,Urgelles Ingrid,L-W:6 CLAS S6,Letras,2026-1
33804,LET221E,1,(Con) Textos de la Vanguardia,Lizama Patricio,L-W:2 CLAS S14,Letras,2026-1
30613,LET2300,1,Examen de Inglés Nivel C1 o Equivalente,Lobos Leyla,,Letras,2026-1
21076,LET2311,1,Applied Phonetics I,Gaete Rubén,W-V:5 CLAS LAB_INGLÉS J:5 AYU S4,Letras,2026-1
31800,LET2311,2,Applied Phonetics I,Armijo Claudia,M:1 AYU T1221 J:1 CLAS T1221 V:5 CLAS ED109,Letras,2026-1
21078,LET2313,1,Applied Linguistics and Education,Lizasoaín Andrea,L-W:2 CLAS SALA STEM,Letras,2026-1
32054,LET2313,2,Applied Linguistics and Education,Lorca Stephanie,L-W:2 CLAS S6,Letras,2026-1
23323,LET2315,1,Second Language Acquisition,Lizasoaín Andrea,M-J:1 CLAS ED219,Letras,2026-1
33787,LET2315,2,Second Language Acquisition,Lorca Stephanie,M-J:2 CLAS ED219,Letras,2026-1
29823,LET236E,1,Critica: la Novela Chilena del S Xxi,Carreno Mia,"M:5,6 CLAS S6",Letras,2026-1
33803,LET250E,1,Relatos Autobiográficos: Nuevas Señas de Identidad en Chile,Canovas Rodrigo,L-W:5 CLAS R5,Letras,2026-1
21280,LET296E,1,Introducción a la Escritura Creativa,Gonzalez Rodrigo,"V:3,4 CLAS S12",Letras,2026-1
31465,LET296E,2,Introducción a la Escritura Creativa,Prado Nadia,"V:3,4 CLAS S5",Letras,2026-1
21503,LET300E,1,Taller Escritor en Residencia,Fariña Soledad,"M:3,4 CLAS SEM_6_P2",Letras,2026-1
27856,LET3100,1,Metodología de la Investigación en Linguística Aplicada,Pissolato Luciana,"M:7,8 CLAS LAB-I",Letras,2026-1
22248,LET3101,1,Morfosintaxis General,Gonzalez Carlos,"M:5,6 CLAS M_OYANEDEL",Letras,2026-1
10675,LET3106,1,Métodos y Técnicas de Investigación,"Vidal Margarita, Muñoz Mahtias","M:7,8 CLAS G_MISTRAL",Letras,2026-1
34046,LET310E,1,"Narrativa Coreana, Siglos XX y Xxi: Novela, Cuento y Cine",Santos Danilo,"J:5,6 CLAS S11",Letras,2026-1
10680,LET3111,1,Estudios del Discurso,Oteiza Maria,"L:7,8 CLAS M_OYANEDEL",Letras,2026-1
28833,LET313E,1,Teoría para la Escritura,Becerra Felipe,M-J:3 CLAS S4,Letras,2026-1
24847,LET3190,1,Estudios Dirigidos,Santos Danilo,: TES SIN SALA,Letras,2026-1
23411,LET3200,1,Tesis,Orqueda Veronica,: TES SIN SALA,Letras,2026-1
33801,LET334E,1,Literatura y Vanguardia en Brasil: de la Modernidad a la Contemporaneidad,Manzi Jorge,L-W:3 CLAS S14,Letras,2026-1
33800,LET335E,1,Narrativa Española Contemporánea: de la Posguerra al Siglo Xxi,Gonzalez Rodrigo,L-W:5 CLAS S4,Letras,2026-1
21050,LET3501,1,Fundamentos Teóricos de la Traducción,Vieira de Souza Leticia,"L:7,8 CLAS LAB-T",Letras,2026-1
21051,LET3502,1,Gestión Terminológica Aplicada a la Traducción,Montero Ignacia,"M:5,6 CLAS LAB-T",Letras,2026-1
21049,LET3511,1,Tic Avanzadas para la Traducción,Barrera Marcia,"M:7,8 CLAS LAB-T",Letras,2026-1
23400,LET3513,1,Conceptos y Práctica de Gilt,Pérez José,"L:7,8 CLAS LAB-T",Letras,2026-1
33873,LET3544,1,Traducción de Textos de Ciencias Médicas,Tebe Carles,"L:5,6 CLAS LAB-T",Letras,2026-1
33531,LET3548,1,La Metáfora en la Construcción del Discurso Especializado,Pissolato Luciana,"M:5,6 CLAS LAB-I",Letras,2026-1
32399,LET3705,1,Adquisición y Desarrollo de Lenguas,Arancibia Maria,"W:8,9 CLAS V_PARRA",Letras,2026-1
32406,LET3720,1,Métodos de Investigación en Ile,Guzmán Erika,"J:8,9 CLAS V_PARRA",Letras,2026-1
32402,LET3722,1,Aplicaciones de la Lingüística a Ile,Andrade Paulette,"M:8,9 CLAS V_PARRA",Letras,2026-1
34017,LET3723,1,Bilingüismo: Problemas en el Aula,Vidal Margarita,"W:8,9 CLAS SIN SALA",Letras,2026-1
34096,LET3724,1,Trabajo Final de Graduación I,(Sin Profesores),: CLAS SIN SALA,Letras,2026-1
34018,LET3725,1,Comunicación Intercultural en Contextos Ile,Lizasoaín Andrea,"M:8,9 CLAS SIN SALA",Letras,2026-1
32422,LET3734,1,Traducción General Alemán-Español,Bornhauser Niklas,"M:3,4 CLAS V_PARRA",Letras,2026-1
31792,LET380N,1,Research in Linguistics,Gajardo Consuelo,L-W:6 CLAS SIN SALA,Letras,2026-1
31793,LET380N,2,Research in Linguistics,Hao Jing,M-J:6 CLAS SIN SALA,Letras,2026-1
32123,LET380N,3,Research in Linguistics,Saavedra Pablo,M-J:6 CLAS SIN SALA,Letras,2026-1
34110,LET380N,4,Research in Linguistics,Arancibia Maria,: CLAS SIN SALA,Letras,2026-1
31794,LET380T,1,Research in Literature,Gonzalez Marcelo,L-W:1 CLAS SIN SALA,Letras,2026-1
31795,LET380T,2,Research in Literature,Wilson Michael,L-W:6 CLAS SIN SALA,Letras,2026-1
34135,LET380T,3,Research in Literature,Ramay Allison,: CLAS SIN SALA,Letras,2026-1
34138,LET380T,4,Research in Literature,Parker Richard,: CLAS SIN SALA,Letras,2026-1
10770,LET4110,1,Estudios Dirigidos,Miranda Paula,: TES SIN SALA,Letras,2026-1
10782,LET4114,1,Proyecto de Tesis Doctoral,Miranda Paula,: TES SIN SALA,Letras,2026-1
10794,LET4141,1,Crítica Literaria,Bongers Wolfgang,"W:7,8 CLAS M_ROJAS",Letras,2026-1
10788,LET4141,2,Crítica Literaria,Santos Danilo,"W:7,8 CLAS M_OYANEDEL",Letras,2026-1
10807,LET4144,1,Literatura Hispanoamericana (Narrativa),Schoennenbeck Sebastian,"M:7,8 CLAS M_OYANEDEL",Letras,2026-1
10813,LET4146,1,Literatura Hispanoamericana (Teatro y Géneros Afines),Opazo Cristian,"L:7,8 CLAS M_ROJAS",Letras,2026-1
10848,LET4401,1,Estudios Gramaticales,Gonzalez Carlos,"M:5,6 CLAS M_OYANEDEL",Letras,2026-1
10861,LET4412,1,Estudios del Discurso Oral y Escrito,Oteiza Maria,"L:7,8 CLAS M_OYANEDEL",Letras,2026-1
10867,LET4421,1,Investigación en Ciencias del Lenguaje I,Quiroga Riva,"L:5,6 CLAS LMONTECINO",Letras,2026-1
19262,LET4431,1,Estudios Dirigidos I,Gonzalez Carlos,: TES SIN SALA,Letras,2026-1
10879,LET4433,1,Estudios Dirigidos III,Gonzalez Carlos,: TES SIN SALA,Letras,2026-1
32585,LET4451,1,Gramática Sistémico-Funcional,Quiroz Beatriz,"J:5,6 CLAS LMONTECINO",Letras,2026-1
19403,LET4482,1,Autoría Artículo Científico,Gonzalez Carlos,: SUP SIN SALA,Letras,2026-1
19404,LET4483,1,Pasantía,Gonzalez Carlos,: SUP SIN SALA,Letras,2026-1
33875,LET4484,1,Seminario Optativo en Teorías Culturales,Carreno Mia,"L:7,8 CLAS G_MISTRAL",Letras,2026-1
19535,LET4485,1,Examen de Candidatura Escrito,Miranda Paula,,Letras,2026-1
17556,LET4486,1,Tesis Doctoral I,Bongers Wolfgang,: TES SIN SALA,Letras,2026-1
19541,LET4486,2,Tesis Doctoral I,Areco Macarena,: TES SIN SALA,Letras,2026-1
22135,LET4486,3,Tesis Doctoral I,Carneiro Sarissa,: TES SIN SALA,Letras,2026-1
22153,LET4486,4,Tesis Doctoral I,Labrana Marcela,: TES SIN SALA,Letras,2026-1
23413,LET4486,5,Tesis Doctoral I,Schoennenbeck Sebastian,: TES SIN SALA,Letras,2026-1
32875,LET4486,6,Tesis Doctoral I,Toro Felipe,: LIB SIN SALA,Letras,2026-1
33874,LET4487,1,Tesis Doctoral II,Areco Macarena,: LIB SIN SALA,Letras,2026-1
17558,LET4488,1,Tesis Doctoral III,Carreno Mia,: TES SIN SALA,Letras,2026-1
19579,LET4488,2,Tesis Doctoral III,Areco Macarena,: TES SIN SALA,Letras,2026-1
19580,LET4488,3,Tesis Doctoral III,Santos Danilo,: TES SIN SALA,Letras,2026-1
21045,LET4488,4,Tesis Doctoral III,Sepulveda Magda,: TES SIN SALA,Letras,2026-1
27099,LET4488,5,Tesis Doctoral III,Labrana Marcela,: TES SIN SALA,Letras,2026-1
32883,LET4488,6,Tesis Doctoral III,Schoennenbeck Sebastian,: CLAS SIN SALA,Letras,2026-1
21054,LET4491,1,Tesis Doctoral I,Oteiza Maria,: TES SIN SALA,Letras,2026-1
21055,LET4491,2,Tesis Doctoral I,Tebe Carles,: TES SIN SALA,Letras,2026-1
21056,LET4491,3,Tesis Doctoral I,Núñez Fredy,: TES SIN SALA,Letras,2026-1
32580,LET4491,4,Tesis Doctoral I,Hao Jing,: TES SIN SALA,Letras,2026-1
32581,LET4491,5,Tesis Doctoral I,Quiroz Beatriz,: TES SIN SALA,Letras,2026-1
32582,LET4491,6,Tesis Doctoral I,Muñoz Diana,: TES SIN SALA,Letras,2026-1
32583,LET4491,7,Tesis Doctoral I,Gonzalez Carlos,: TES SIN SALA,Letras,2026-1
19382,LET4493,1,Tesis Doctoral III,Oteiza Maria,: TES SIN SALA,Letras,2026-1
21058,LET4493,2,Tesis Doctoral III,Vidal Margarita,: TES SIN SALA,Letras,2026-1
23408,LET4493,3,Tesis Doctoral III,Hao Jing,: TES SIN SALA,Letras,2026-1
32873,LET4501,1,Literatura Comparada,Labrana Marcela,"J:7,8 CLAS G_MISTRAL",Letras,2026-1
21061,LET4502,1,Defensa de Proyecto de Tesis Doctoral,Miranda Paula,: TES SIN SALA,Letras,2026-1
23461,LET4503,1,Actividad Anual de Seguimiento I,Miranda Paula,: TES SIN SALA,Letras,2026-1
23462,LET4504,1,Actividad Anual de Seguimiento II,Miranda Paula,: TES SIN SALA,Letras,2026-1
23463,LET4505,1,Autoría Artículo Científico o Patente,Miranda Paula,: TES SIN SALA,Letras,2026-1
21065,LET4506,1,Pasantìa,Miranda Paula,: TES SIN SALA,Letras,2026-1
27102,LET4507,1,Seminario Optativo en Literaturas Hispanoamericanas,Onell Roberto,"J:7,8 CLAS M_ROJAS",Letras,2026-1
32586,LET4521,1,Principios Fundamentales de la Crítica Textual para el Trabajo Con Textos Coloniales,Branes Maria,"J:7,8 CLAS LMONTECINO",Letras,2026-1
32584,LET4522,1,Teoria de la Traducción y Sus Distintos Enfoques Aplicados a la Investigación en Humanidades,Vieira de Souza Leticia,"W:5,6 CLAS LMONTECINO",Letras,2026-1
18165,EPG3110,1,Probabilidad,Quintana Fernando,L:2 AYU SIN SALA M-J:2 CLAS SALA 5,Matemáticas,2026-1
27161,EPG3313,1,Series de Tiempo,Olea Ricardo,"L:7,8 CLAS AUD-61 S:1 AYU SIN SALA",Matemáticas,2026-1
33229,EPG3315,1,Muestreo,Aravena Ricardo,"J:7,8 CLAS AUD-81 S:3 AYU SIN SALA",Matemáticas,2026-1
27849,EPG3325,1,Estadistica Bayesiana,Ramos Pedro,"M:7,8 CLAS AUD-61 S:2 AYU SIN SALA",Matemáticas,2026-1
29132,EPG3381,1,Consultoria Estadistica I,Gonzalez Maria,V:7 CLAS SIN SALA V:8 AYU SIN SALA,Matemáticas,2026-1
18360,EPG3382,1,Consultoria Estadistica II,Gonzalez Maria,V:7 CLAS SIN SALA V:8 AYU SIN SALA,Matemáticas,2026-1
20937,EPG3383,1,Consultoria Estadistica III,Gonzalez Maria,V:7 CLAS SIN SALA V:8 AYU SIN SALA,Matemáticas,2026-1
25394,EPG3390,1,Proyecto de Magister,Dirección Docente,: TES SIN SALA,Matemáticas,2026-1
17316,EPG3510,1,Metodos Estadísticos Avanzados I,Gonzalez Jorge,L:4 AYU SIN SALA M-J:3 CLAS SALA 5,Matemáticas,2026-1
19042,EPG3530,1,Metodos Estadísticos Avanzados III,Ramos Pedro,L:3 AYU SIN SALA M-J:3 CLAS SALA 1,Matemáticas,2026-1
17318,EPG3601,1,Computacion Estadistica Avanzada,Jara Alejandro,L:4 AYU SIN SALA M-J:4 CLAS SALA 1,Matemáticas,2026-1
23692,EPG3701,1,Modelos Lineales Generalizados,Márquez Maritza,"W:7,8 CLAS AUD-81 S:4 AYU SIN SALA",Matemáticas,2026-1
17321,EPG3730,1,Métodos Exploratorios y Computacionales para Estadística,San Martín Ernesto,L:3 AYU SIN SALA M-J:4 CLAS SALA 5,Matemáticas,2026-1
26770,EPG4001,1,Aprendizaje Supervisado,Bazan Jorge,"L:7,8,9 CLAS SIN SALA",Matemáticas,2026-1
26772,EPG4002,1,Aprendizaje No Supervisado,Acosta Jonathan,"M:7,8,9 CLAS SIN SALA",Matemáticas,2026-1
26780,EPG4004,1,Series de Tiempo,Olea Ricardo,"M:7,8,9 CLAS C404",Matemáticas,2026-1
33970,EPG4006,1,Modelos Lineales Generalizados,Bazan Jorge,"M:7,8,9 CLAS SIN SALA",Matemáticas,2026-1
26777,EPG4007,1,Análisis de Tiempos de Falla,Ramos Pedro,"L:7,8,9 CLAS SIN SALA",Matemáticas,2026-1
20942,EPG4010,1,Actividad Anual de Seguimiento I,Dirección Docente,: LIB SIN SALA,Matemáticas,2026-1
22982,EPG4020,1,Actividad Anual de Seguimiento II,Dirección Docente,: CLAS SIN SALA,Matemáticas,2026-1
22987,EPG4060,1,Auditoría Artículo Científico o Patente,Dirección Docente,: CLAS SIN SALA,Matemáticas,2026-1
22985,EPG4070,1,Pasantía,Dirección Docente,: CLAS SIN SALA,Matemáticas,2026-1
19118,EPG4100,1,Examen de Calificación,Dirección Docente,: CLAS SIN SALA,Matemáticas,2026-1
34048,EPG4101,1,Probabilidad I,Van Der Molen Johan,"L:7,8,9 CLAS AUD-41",Matemáticas,2026-1
34049,EPG4103,1,Introducción al Manejo de Software Estadístico,Quiroga Riva,"W:7,8,9 CLAS SIN SALA",Matemáticas,2026-1
34108,EPG4104,1,Análisis Exploratorio de Datos,Alvarado Ana,"W:7,8,9 CLAS SIN SALA",Matemáticas,2026-1
34050,EPG4111,1,Probabilidad II,Van Der Molen Johan,"L:7,8,9 CLAS SIN SALA",Matemáticas,2026-1
20943,EPG4200,1,Examen de Candidatura,Dirección Docente,: CLAS SIN SALA,Matemáticas,2026-1
32648,EPG4322,1,Análisis de Sobrevivencia,Bazan Jorge,L:2 CLAS SALA 1 M:2 CLAS SALA 1 J:1 AYU SALA 1,Matemáticas,2026-1
29491,EPG4507,1,Series de Tiempo,Acosta Jonathan,: CLAS SIN SALA,Matemáticas,2026-1
30714,EPG4510,1,Análisis de Redes Sociales,Salas Jorge,: CLAS SIN SALA,Matemáticas,2026-1
19886,EPG5001,1,Tesis Doctoral I,Dirección Docente,: CLAS SIN SALA,Matemáticas,2026-1
20946,EPG5001,2,Tesis Doctoral I,Dirección Docente,: CLAS SIN SALA,Matemáticas,2026-1
29136,EPG5001,3,Tesis Doctoral I,Dirección Docente,: CLAS SIN SALA,Matemáticas,2026-1
29137,EPG5001,4,Tesis Doctoral I,Dirección Docente,: CLAS SIN SALA,Matemáticas,2026-1
29138,EPG5001,5,Tesis Doctoral I,Dirección Docente,: CLAS SIN SALA,Matemáticas,2026-1
30810,EPG5001,6,Tesis Doctoral I,Dirección Docente,: CLAS SIN SALA,Matemáticas,2026-1
30811,EPG5001,7,Tesis Doctoral I,Dirección Docente,: CLAS SIN SALA,Matemáticas,2026-1
30812,EPG5001,8,Tesis Doctoral I,Dirección Docente,: CLAS SIN SALA,Matemáticas,2026-1
26628,EPG5002,1,Tesis Doctoral II,Dirección Docente,: CLAS SIN SALA,Matemáticas,2026-1
29139,EPG5002,2,Tesis Doctoral II,Dirección Docente,: CLAS SIN SALA,Matemáticas,2026-1
29218,EPG5002,3,Tesis Doctoral II,Dirección Docente,: CLAS SIN SALA,Matemáticas,2026-1
29217,EPG5002,4,Tesis Doctoral II,Dirección Docente,: CLAS SIN SALA,Matemáticas,2026-1
29216,EPG5002,5,Tesis Doctoral II,Dirección Docente,: CLAS SIN SALA,Matemáticas,2026-1
30813,EPG5002,6,Tesis Doctoral II,Dirección Docente,: CLAS SIN SALA,Matemáticas,2026-1
30814,EPG5002,7,Tesis Doctoral II,Dirección Docente,: CLAS SIN SALA,Matemáticas,2026-1
30815,EPG5002,8,Tesis Doctoral II,Dirección Docente,: CLAS SIN SALA,Matemáticas,2026-1
20954,EPG5003,1,Tesis Doctoral III,Dirección Docente,: CLAS SIN SALA,Matemáticas,2026-1
23576,EPG5003,2,Tesis Doctoral III,Dirección Docente,: CLAS SIN SALA,Matemáticas,2026-1
23578,EPG5003,3,Tesis Doctoral III,Dirección Docente,: CLAS SIN SALA,Matemáticas,2026-1
29149,EPG5003,4,Tesis Doctoral III,Dirección Docente,: CLAS SIN SALA,Matemáticas,2026-1
29150,EPG5003,5,Tesis Doctoral III,Dirección Docente,: CLAS SIN SALA,Matemáticas,2026-1
30816,EPG5003,6,Tesis Doctoral III,Dirección Docente,: CLAS SIN SALA,Matemáticas,2026-1
30817,EPG5003,7,Tesis Doctoral III,Dirección Docente,: CLAS SIN SALA,Matemáticas,2026-1
30818,EPG5003,8,Tesis Doctoral III,Dirección Docente,: CLAS SIN SALA,Matemáticas,2026-1
25389,EPG5004,1,Tesis Doctoral IV,Dirección Docente,:1 TES SIN SALA,Matemáticas,2026-1
29151,EPG5004,2,Tesis Doctoral IV,Dirección Docente,: CLAS SIN SALA,Matemáticas,2026-1
29152,EPG5004,3,Tesis Doctoral IV,Dirección Docente,: CLAS SIN SALA,Matemáticas,2026-1
29153,EPG5004,4,Tesis Doctoral IV,Dirección Docente,: CLAS SIN SALA,Matemáticas,2026-1
29154,EPG5004,5,Tesis Doctoral IV,Dirección Docente,: CLAS SIN SALA,Matemáticas,2026-1
30819,EPG5004,6,Tesis Doctoral IV,Dirección Docente,: CLAS SIN SALA,Matemáticas,2026-1
30820,EPG5004,7,Tesis Doctoral IV,Dirección Docente,: CLAS SIN SALA,Matemáticas,2026-1
30821,EPG5004,8,Tesis Doctoral IV,Dirección Docente,: CLAS SIN SALA,Matemáticas,2026-1
27345,ESM02MA,1,Álgebra I,"Vidal Daniel, Flores Beatriz",: CLAS SIN SALA,Matemáticas,2026-1
27346,ESM02MA,2,Álgebra I,"Figueroa Johanna, Flores Beatriz",: CLAS SIN SALA,Matemáticas,2026-1
27347,ESM02MA,3,Álgebra I,Flores Beatriz,: CLAS SIN SALA,Matemáticas,2026-1
27348,ESM02MA,4,Álgebra I,"Cortés Benjamín, Flores Beatriz",: CLAS SIN SALA,Matemáticas,2026-1
27349,ESM02MA,5,Álgebra I,"Carrera Xavier, Flores Beatriz",: CLAS SIN SALA,Matemáticas,2026-1
27350,ESM02MA,6,Álgebra I,"Vidal Daniel, Flores Beatriz",: CLAS SIN SALA,Matemáticas,2026-1
27351,ESM02MA,7,Álgebra I,"Figueroa Johanna, Flores Beatriz",: CLAS SIN SALA,Matemáticas,2026-1
27352,ESM02MA,8,Álgebra I,Flores Beatriz,: CLAS SIN SALA,Matemáticas,2026-1
27353,ESM02MA,9,Álgebra I,"Cortés Benjamín, Huerta Ivan",: CLAS SIN SALA,Matemáticas,2026-1
34104,ESM02MA,10,Álgebra I,"Cortés Benjamín, Flores Beatriz",: CLAS SIN SALA,Matemáticas,2026-1
27354,ESM04MA,1,Cálculo I,Flores Beatriz,: CLAS SIN SALA,Matemáticas,2026-1
27355,ESM04MA,2,Cálculo I,"Figueroa Johanna, Flores Beatriz",: CLAS SIN SALA,Matemáticas,2026-1
27356,ESM04MA,3,Cálculo I,"Vidal Daniel, Flores Beatriz",: CLAS SIN SALA,Matemáticas,2026-1
27357,ESM04MA,4,Cálculo I,"Carrera Xavier, Flores Beatriz",: CLAS SIN SALA,Matemáticas,2026-1
27358,ESM04MA,5,Cálculo I,Flores Beatriz,: CLAS SIN SALA,Matemáticas,2026-1
27359,ESM04MA,6,Cálculo I,"Figueroa Johanna, Flores Beatriz",: CLAS SIN SALA,Matemáticas,2026-1
27360,ESM04MA,7,Cálculo I,"Vidal Daniel, Flores Beatriz",: CLAS SIN SALA,Matemáticas,2026-1
27361,ESM04MA,8,Cálculo I,"Martinez  Nataly, Flores Beatriz",: CLAS SIN SALA,Matemáticas,2026-1
27362,ESM04MA,9,Cálculo I,Rojas Carlos,: CLAS SIN SALA,Matemáticas,2026-1
34154,ESM04MA,10,Cálculo I,Flores Beatriz,: CLAS SIN SALA,Matemáticas,2026-1
27363,ESM06MA,1,Álgebra II,"Cortés Benjamín, Figueroa Johanna",: CLAS SIN SALA,Matemáticas,2026-1
27364,ESM06MA,2,Álgebra II,Figueroa Johanna,: CLAS SIN SALA,Matemáticas,2026-1
27365,ESM06MA,3,Álgebra II,"Flores Beatriz, Figueroa Johanna",: CLAS SIN SALA,Matemáticas,2026-1
27366,ESM06MA,4,Álgebra II,"Vidal Daniel, Figueroa Johanna",: CLAS SIN SALA,Matemáticas,2026-1
27367,ESM06MA,5,Álgebra II,"González Hernán, Figueroa Johanna",: CLAS SIN SALA,Matemáticas,2026-1
27368,ESM06MA,6,Álgebra II,"Martinez  Nataly, Figueroa Johanna",: CLAS SIN SALA,Matemáticas,2026-1
27369,ESM06MA,7,Álgebra II,"Reinoso Vanesa, Figueroa Johanna",: CLAS SIN SALA,Matemáticas,2026-1
28909,ESM07MA,1,Estadística I,"Munoz Gabriel, Aravena Ricardo",: CLAS SIN SALA,Matemáticas,2026-1
28910,ESM07MA,2,Estadística I,"González Hernán, Aravena Ricardo",: CLAS SIN SALA,Matemáticas,2026-1
28911,ESM07MA,3,Estadística I,"Martinez  Nataly, Aravena Ricardo",: CLAS SIN SALA,Matemáticas,2026-1
28912,ESM07MA,4,Estadística I,"Olguin Mario, Aravena Ricardo",: CLAS SIN SALA,Matemáticas,2026-1
28913,ESM07MA,5,Estadística I,"Guevara Ingrid, Aravena Ricardo",: CLAS SIN SALA,Matemáticas,2026-1
28914,ESM07MA,6,Estadística I,"Reinoso Vanesa, Aravena Ricardo",: CLAS SIN SALA,Matemáticas,2026-1
28915,ESM07MA,7,Estadística I,"Olguin Mario, Aravena Ricardo",: CLAS SIN SALA,Matemáticas,2026-1
28937,ESM08MA,1,Cálculo II,Huerta Ivan,: CLAS SIN SALA,Matemáticas,2026-1
28938,ESM08MA,2,Cálculo II,"Cortés Benjamín, Huerta Ivan",: CLAS SIN SALA,Matemáticas,2026-1
30568,ESM09MA,1,Estadística II,"González Hernán, Aravena Ricardo",: CLAS SIN SALA,Matemáticas,2026-1
30616,ESM09MA,2,Estadística II,"Díaz Andrés, Aravena Ricardo",: CLAS SIN SALA,Matemáticas,2026-1
10444,EYP1010,1,Probabilidad y Estadistica,Bravo Monica,M-J:1 CLAS AG3 V:1 AYU ED113,Matemáticas,2026-1
32669,EYP1010,2,Probabilidad y Estadistica,Garcia Maria,L-W:1 CLAS C202 M:1 AYU C202,Matemáticas,2026-1
10454,EYP1016,1,Introducción a la Estadística,"Garcia Maria, Toro Mauricio",M-J:3 CLAS D104 M:5 AYU SIN SALA J:5 LAB SIN SALA,Matemáticas,2026-1
27994,EYP1025,1,Modelos Probabilisticos,Arellano Reinaldo,M-J:3 CLAS B11 M:5 AYU K202,Matemáticas,2026-1
24764,EYP1027,1,Modelos Probabilísticos,Arellano Reinaldo,M-J:3 CLAS B11 M:5 AYU K202,Matemáticas,2026-1
10541,EYP1113,1,Probabilidades y Estadística,"Garcia Maria, Morales Bladimir",M-J:2 CLAS K204 M:6 AYU B11 J:6 LAB SIN SALA,Matemáticas,2026-1
10527,EYP1113,2,Probabilidades y Estadística,"Olea Ricardo, Morales Bladimir",M-J:2 CLAS AM3 J:6 AYU B12 V:3 LAB SIN SALA,Matemáticas,2026-1
10514,EYP1113,3,Probabilidades y Estadística,"Olea Ricardo, Morales Bladimir",M-J:3 CLAS AM3 M:6 AYU A3 J:6 LAB SIN SALA,Matemáticas,2026-1
10500,EYP1113,4,Probabilidades y Estadística,"Aravena Ricardo, Morales Bladimir",M-J:3 CLAS AM1 J:6 AYU A3 V:3 LAB SIN SALA,Matemáticas,2026-1
19889,EYP1707,1,Introducción al Manejo y Exploración de Datos,"Acosta Jonathan, Saavedra Daniel",L-W:3 CLAS C402 M:2 LAB SIN SALA J:3 LAB SIN SALA,Matemáticas,2026-1
31057,EYP1707,2,Introducción al Manejo y Exploración de Datos,"Bravo Monica, Toro Mauricio",L-W:3 CLAS AP003 M:2 LAB SIN SALA J:3 LAB SIN SALA,Matemáticas,2026-1
22899,EYP2017,1,Procesos Estocásticos,Quintana Fernando,M-J:4 CLAS A4 J:6 AYU A6,Matemáticas,2026-1
28882,EYP2097,1,Taller de Iniciación Científica,Garcia Maria,: CLAS SIN SALA,Matemáticas,2026-1
29155,EYP2097,2,Taller de Iniciación Científica,Acosta Jonathan,: CLAS SIN SALA,Matemáticas,2026-1
29156,EYP2097,3,Taller de Iniciación Científica,Dirección Docente,: CLAS SIN SALA,Matemáticas,2026-1
29157,EYP2097,4,Taller de Iniciación Científica,Aravena Ricardo,: CLAS SIN SALA,Matemáticas,2026-1
29158,EYP2097,5,Taller de Iniciación Científica,Dirección Docente,: CLAS SIN SALA,Matemáticas,2026-1
29159,EYP2097,6,Taller de Iniciación Científica,Olea Ricardo,: CLAS SIN SALA,Matemáticas,2026-1
29160,EYP2097,7,Taller de Iniciación Científica,Dirección Docente,: CLAS SIN SALA,Matemáticas,2026-1
29161,EYP2097,8,Taller de Iniciación Científica,Dirección Docente,: CLAS SIN SALA,Matemáticas,2026-1
29162,EYP2097,9,Taller de Iniciación Científica,Dirección Docente,: CLAS SIN SALA,Matemáticas,2026-1
29163,EYP2097,10,Taller de Iniciación Científica,Dirección Docente,: CLAS SIN SALA,Matemáticas,2026-1
30355,EYP210I,1,Procesos Estocásticos Aplicados,Quintana Fernando,M-J:4 CLAS A4 J:6 AYU A6,Matemáticas,2026-1
14918,EYP2114,1,Inferencia Estadística,Robledo Hernán,M-J:3 CLAS ALT M:5 AYU A3,Matemáticas,2026-1
29215,EYP211I,1,Simulación Estocástica,Araneda Ana,M-J:1 CLAS B14 V:1 AYU BC25,Matemáticas,2026-1
22682,EYP2127,1,Inferencia Estadística,Jara Alejandro,M-J:3 CLAS C305 M:5 AYU C306,Matemáticas,2026-1
24765,EYP2307,1,Análisis de Regresión,Alvarado Eloy,L-W:2 CLAS B17 J:5 AYU B24,Matemáticas,2026-1
14921,EYP230I,1,Análisis de Regresión,Alvarado Eloy,L-W:2 CLAS B17 J:5 AYU B24,Matemáticas,2026-1
10657,EYP230P,1,Estadistica,Aravena Ricardo,"M:6 AYU COM_103 J:5,6 CLAS COM_308",Matemáticas,2026-1
24766,EYP230P,2,Estadistica,Márquez Maritza,"L:6 AYU EDO_FREI_M W:5,6 CLAS AUD-81",Matemáticas,2026-1
17370,EYP230P,3,Estadistica,Bravo Monica,M-J:2 CLAS AG3 V:4 AYU S7,Matemáticas,2026-1
10678,EYP2310,1,Estadistica para Quimica y Farmacia,Ramos Luz,W:2 CLAS NT201 V:1 AYU NT201 V:2 CLAS NT201,Matemáticas,2026-1
10668,EYP2310,2,Estadistica para Quimica y Farmacia,Bravo Monica,M-V:4 CLAS ED112 V:6 AYU T2222,Matemáticas,2026-1
26629,EYP2427,1,Minería de Datos e Inteligencia de Negocios,Kuncar Francisco,V:6 CLAS SIN SALA V:7 LAB SIN SALA,Matemáticas,2026-1
33441,EYP2436,1,Análisis Estadístico Multivariado,Bazan Jorge,L-W:6 CLAS C302 V:2 AYU C500,Matemáticas,2026-1
34001,EYP2627,1,Modelos Estadísticos para la Construcción de Portafolios de Inversión,Galea Manuel,M:5 CLAS C503 W:4 AYU C400 J:1 CLAS C300,Matemáticas,2026-1
32547,EYP2707,1,Introducción a la Computación Estadística,Gutierrez Luis,"L-W:2 CLAS C307 V:1,2 AYU C304",Matemáticas,2026-1
24758,EYP2717,1,Software Estadístico,Guevara Ingrid,L:4 CLAS SIN SALA,Matemáticas,2026-1
32552,EYP2717,2,Software Estadístico,Guevara Ingrid,M:3 CLAS S5,Matemáticas,2026-1
24769,EYP2807,1,Métodos Bayesianos,Araneda Ana,L-W:1 CLAS K202 L:5 AYU B11,Matemáticas,2026-1
27274,EYP280I,1,Metodos Bayesianos,Araneda Ana,L-W:1 CLAS K202 L:5 AYU B11,Matemáticas,2026-1
19110,EYP2925,1,Taller de Título,Dirección Docente,: CLAS SIN SALA,Matemáticas,2026-1
26634,EYP3007,1,Consultoría Estadística,Aravena Ricardo,L-W:4 CLAS C304 V:4 AYU C500,Matemáticas,2026-1
30879,EYP3029,1,Introducción a la Investigación de Mercados,Ventura Jose,M-J:4 CLAS C305,Matemáticas,2026-1
29165,EYP3097,1,Práctica Profesional,Robledo Hernán,: CLAS SIN SALA,Matemáticas,2026-1
29166,EYP3097,2,Práctica Profesional,Robledo Hernán,: CLAS SIN SALA,Matemáticas,2026-1
29198,EYP3097,3,Práctica Profesional,Robledo Hernán,: CLAS SIN SALA,Matemáticas,2026-1
29199,EYP3097,4,Práctica Profesional,Robledo Hernán,: CLAS SIN SALA,Matemáticas,2026-1
29200,EYP3097,5,Práctica Profesional,Robledo Hernán,: CLAS SIN SALA,Matemáticas,2026-1
29201,EYP3097,6,Práctica Profesional,Robledo Hernán,: CLAS SIN SALA,Matemáticas,2026-1
29202,EYP3097,7,Práctica Profesional,Robledo Hernán,: CLAS SIN SALA,Matemáticas,2026-1
29203,EYP3097,8,Práctica Profesional,Robledo Hernán,: CLAS SIN SALA,Matemáticas,2026-1
29204,EYP3097,9,Práctica Profesional,Robledo Hernán,: CLAS SIN SALA,Matemáticas,2026-1
29205,EYP3097,10,Práctica Profesional,Robledo Hernán,: CLAS SIN SALA,Matemáticas,2026-1
26647,EYP3307,1,Modelos Lineales Generalizados,San Martín Ernesto,M-J:5 CLAS C402 W:5 AYU NT202,Matemáticas,2026-1
30896,EYP3417,1,Estadística Espacial,Alegría Alfredo,L-W:2 CLAS C300 M:6 AYU C511,Matemáticas,2026-1
29207,EYP3507,1,Bioestadística,Tapia Alejandra,L-W:3 CLAS C400 V:3 AYU C400,Matemáticas,2026-1
24756,EYP3707,1,Métodos Estadísticos para el Manejo de Grandes Volúmenes de Datos,"Ramos Pedro, Dirección Docente",M-J:2 CLAS C305 V:5 LAB SIN SALA,Matemáticas,2026-1
26651,MAT0004,1,Taller de Matemáticas,Saez Mariel,"L-W:5,6 TAL AP302 M:1,2,3 TAL AP302 V:3,4 TAL AP302 V:5 TAL D101",Matemáticas,2026-1
26665,MAT0004,2,Taller de Matemáticas,Rojas Carlos,"L-W:5,6 TAL AP202 M:1,2,3 TAL AP303 V:3,4 TAL AP202 V:5 TAL D104",Matemáticas,2026-1
19891,MAT0007,1,Taller de Matemáticas para Estadística,Sperone Gianmarco,"L-M-W:4,5,6 TAL AP201 V:2,3,4 TAL AP203",Matemáticas,2026-1
24771,MAT0007,2,Taller de Matemáticas para Estadística,Vargas Rodrigo,"L-M-W:4,5,6 TAL AP303 V:2,3,4 TAL AP303",Matemáticas,2026-1
29330,MAT0010,1,Matemática Inicial I,Rivera Wolfgang,L-W-V:3 CLAS K304 L-W:4 AYU K307 V:5 AYU K302,Matemáticas,2026-1
29331,MAT0010,2,Matemática Inicial I,Bahamondes Claudia,L-W-V:4 AYU K304 L-W-V:5 CLAS AP602,Matemáticas,2026-1
29332,MAT0010,3,Matemática Inicial I,Schumacher Sandy,L-W-V:4 CLAS AE107 L-W-V:5 AYU AP103,Matemáticas,2026-1
30897,MAT0010,4,Matemática Inicial I,Vargas Rodrigo,L-W-V:3 CLAS C307 L-W:4 AYU K303 V:5 AYU AP403,Matemáticas,2026-1
32268,MAT0010,5,Matemática Inicial I,Bozt Jorge,L-W:1 CLAS SIN SALA L-W:2 AYU SIN SALA V:3 CLAS SIN SALA V:4 AYU SIN SALA,Matemáticas,2026-1
11013,MAT0100,1,Razonamiento Cuantitativo,Cares Fernanda,L-W:1 CLAS AE105 V:1 AYU AE202,Matemáticas,2026-1
27690,MAT0100,2,Razonamiento Cuantitativo,Castillo Juan,L-W:1 CLAS C307 V:1 AYU C307,Matemáticas,2026-1
34133,MAT0100,3,Razonamiento Cuantitativo,Torres Fernanda,"L:5 AYU D304 V:5,6 CLAS AE003",Matemáticas,2026-1
17135,MAT1000,1,Precálculo,Cuevas José,L-W:1 CLAS AE209 M-J:1 AYU AE206,Matemáticas,2026-1
17136,MAT1000,2,Precálculo,Fresno Carlos,L-W:1 CLAS AE108 M-J:1 AYU AE207,Matemáticas,2026-1
17137,MAT1000,3,Precálculo,Martinez  Nataly,L-W:1 CLAS AE204 M-J:1 AYU AE211,Matemáticas,2026-1
17139,MAT1000,4,Precálculo,Molina Juan,L-W:3 CLAS NT201 L-J:5 AYU AE201,Matemáticas,2026-1
17140,MAT1000,5,Precálculo,Schumacher Sandy,L-W:3 CLAS AE107 L-J:5 AYU AE004,Matemáticas,2026-1
17141,MAT1000,6,Precálculo,Rauld Maria,L-W:2 CLAS C202 M-J:1 AYU AE002,Matemáticas,2026-1
17142,MAT1000,7,Precálculo,Caster Felipe,L-W:2 CLAS AP303 M-J:1 AYU N5,Matemáticas,2026-1
17143,MAT1000,8,Precálculo,Aldunate Danko,L-W:2 CLAS E13 M-J:1 AYU N17,Matemáticas,2026-1
17145,MAT1000,9,Precálculo,Arias Cesar,L-W:3 CLAS CS202 L-W:4 AYU D302,Matemáticas,2026-1
17146,MAT1000,10,Precálculo,Fernandez Gabriela,L-W:3 CLAS AP303 L-W:4 AYU D306,Matemáticas,2026-1
17147,MAT1000,11,Precálculo,Cabezas Manuel,L-W:3 CLAS CS-102 L-W:4 AYU D301,Matemáticas,2026-1
17148,MAT1000,12,Precálculo,Zegarra Luis,L-W:3 CLAS D306 L-W:4 AYU D303,Matemáticas,2026-1
17149,MAT1000,13,Precálculo,Velozo Anibal,L-W:3 CLAS AG6 L-W:4 AYU D201,Matemáticas,2026-1
17151,MAT1000,14,Precálculo,Vargas Angela,L-W:1 CLAS C201 M-J:1 AYU CS301,Matemáticas,2026-1
17152,MAT1000,15,Precálculo,González Hernán,M-J:5 CLAS AP202 M-J:6 AYU S9,Matemáticas,2026-1
17153,MAT1000,16,Precálculo,De la Vega Diego,M-J:3 CLAS E11 M-J:4 AYU M1,Matemáticas,2026-1
17154,MAT1000,17,Precálculo,Del Campo Constanza,M-J:3 CLAS CS301 M-J:4 AYU D101,Matemáticas,2026-1
17155,MAT1000,18,Precálculo,Valencia Víctor,M-J:3 CLAS M1 M-J:4 AYU D104,Matemáticas,2026-1
17156,MAT1000,19,Precálculo,Oyarce Nicolás,M-J:4 AYU D302 M:3 CLAS CS202 J:3 CLAS D303,Matemáticas,2026-1
17157,MAT1000,20,Precálculo,Torres Fernanda,M-J:3 CLAS D305 M-J:4 AYU D203,Matemáticas,2026-1
17158,MAT1000,21,Precálculo,Figueroa Johanna,L:4 AYU D104 M-J:4 CLAS AE002 V:2 AYU D101,Matemáticas,2026-1
17159,MAT1000,22,Precálculo,Gilbert Agustín,L-W:5 CLAS C002 L-W:6 AYU C002,Matemáticas,2026-1
17160,MAT1000,23,Precálculo,Arias Gonzalo,L-W:5 CLAS K200 L-W:6 AYU AE102,Matemáticas,2026-1
24772,MAT1000,24,Precálculo,Aguirre Natham,M-J:1 AYU AE004 M-J:2 CLAS M1,Matemáticas,2026-1
24779,MAT1000,25,Precálculo,Muñoz Nicolás,L-W:2 CLAS AUD_EDUC L-W:4 AYU AE102,Matemáticas,2026-1
26548,MAT1000,26,Precálculo,Muñoz Nicolás,L-W:1 CLAS K201 M-J:1 AYU K203,Matemáticas,2026-1
27676,MAT1000,27,Precálculo,Barrios Francisco,M-J:2 CLAS AE202 W-V:1 AYU AE101,Matemáticas,2026-1
27677,MAT1000,28,Precálculo,Rivera Yazmin,W:1 AYU CS-101 W:2 CLAS D104 V:1 CLAS K204 V:2 AYU K201,Matemáticas,2026-1
27678,MAT1000,29,Precálculo,Rivera Paola,W:1 AYU CS-102 W:2 CLAS AE201 V:1 CLAS K202 V:2 AYU K200,Matemáticas,2026-1
30887,MAT1000,30,Precálculo,Avila Ricardo,L-W:1 CLAS C302 M-J:1 AYU C303,Matemáticas,2026-1
32742,MAT1000,31,Precálculo,Iommi Godofredo,L-W:3 CLAS CS201 L-W:4 AYU D204,Matemáticas,2026-1
32743,MAT1000,32,Precálculo,Valenzuela María,M-J:3 CLAS D302 M-J:4 AYU D304,Matemáticas,2026-1
11039,MAT1023,1,Cálculo,Sepúlveda Karla,"L:4 AYU D202 W:1,2 CLAS C003 V:1 CLAS A1 V:2 AYU D203",Matemáticas,2026-1
27679,MAT1023,2,Cálculo,Sepúlveda Karla,"L:4 AYU B18 W:1,2 CLAS C003 V:1 CLAS A1 V:2 AYU D301",Matemáticas,2026-1
22684,MAT1023,3,Cálculo,Barrios Francisco,L-W-V:2 CLAS A4 L:5 AYU AE104 W:1 AYU CS301,Matemáticas,2026-1
27680,MAT1023,4,Cálculo,Cares Fernanda,L-W-V:2 CLAS AE105 L:5 AYU C203 W:1 AYU AP202,Matemáticas,2026-1
19606,MAT102N,1,Matemática Básica,Moreno María,L:1 CLAS C304 L:2 AYU C304 W:1 CLAS C504 W:2 AYU C504,Matemáticas,2026-1
19892,MAT102N,2,Matemática Básica,Araya Dario,M:2 CLAS C400 M:3 AYU C400 J:2 CLAS C400 J:3 AYU C400,Matemáticas,2026-1
25252,MAT102N,3,Matemática Básica,Moreno Gregorio,L-W:5 CLAS C304 L-W:6 AYU C507,Matemáticas,2026-1
32247,MAT102N,4,Matemática Básica,Cares Fernanda,W-V:3 CLAS AE213 W-V:4 AYU C503,Matemáticas,2026-1
32249,MAT102N,5,Matemática Básica,Flores Beatriz,M-J:5 CLAS C301 M-J:6 AYU C307,Matemáticas,2026-1
11056,MAT1033,1,Razonamiento Matemático,Marambio Vivian,"L:1,2 CLAS AE202 V:5,6 AYU AE202",Matemáticas,2026-1
17307,MAT1100,1,Cálculo I,Fernandez Gabriela,L-W:2 CLAS AUD_AP M-J:1 AYU A1,Matemáticas,2026-1
17308,MAT1100,2,Cálculo I,Caster Felipe,L-W:1 CLAS AUD_AP M-J:1 AYU A5,Matemáticas,2026-1
17309,MAT1100,3,Cálculo I,Samper José,M-J:5 CLAS M2 M-J:6 AYU M2,Matemáticas,2026-1
28503,MAT1100,4,Cálculo I,Rivera Yazmin,L-W:1 CLAS K203 M-J:1 AYU AM1,Matemáticas,2026-1
11093,MAT1103,1,Algebra y Geometria,Becerra Carolina,L-W-V:1 CLAS M2 L-W:4 AYU AM2,Matemáticas,2026-1
26668,MAT1104,1,Introducción al Cálculo,Román Carlos,L-W-J:2 CLAS CS-102 M-J:6 AYU K204,Matemáticas,2026-1
19830,MAT1107,1,Introducción al Cálculo,Coronel Álvaro,L-W:2 CLAS A7 J:4 AYU C406,Matemáticas,2026-1
24773,MAT1107,2,Introducción al Cálculo,Coronel Álvaro,L-W:2 CLAS A7 J:4 AYU A3,Matemáticas,2026-1
27682,MAT1107,3,Introducción al Cálculo,Chuaqui Martin,L-W:2 CLAS M2 J:4 AYU CS302,Matemáticas,2026-1
27683,MAT1107,4,Introducción al Cálculo,Chuaqui Martin,L-W:2 CLAS M2 J:4 AYU B17,Matemáticas,2026-1
27646,MAT1114,1,Cálculo I,Iommi Godofredo,L-W-V:2 CLAS CS201 M-J:4 AYU C306,Matemáticas,2026-1
27647,MAT1124,1,Cálculo II,Taarabt Amal,L-W:2 CLAS N16-B M-J:4 AYU N18 V:2 CLAS N16-B,Matemáticas,2026-1
27648,MAT1134,1,Cálculo III,"Heuer Norbert, Allahbakhshi Mahsa",L-W-V:2 CLAS C506 M:1 LAB SIN SALA M:6 AYU C506 J:4 AYU C508,Matemáticas,2026-1
14828,MAT1203,1,Álgebra Lineal,"Becerra Carolina, Dirección Docente",L-W-V:2 CLAS C002 M:5 LAB SIN SALA J:5 AYU AE105,Matemáticas,2026-1
14798,MAT1203,2,Álgebra Lineal,"Becerra Carolina, Dirección Docente",L-W-V:2 CLAS C002 M:5 LAB SIN SALA J:5 AYU FT-102,Matemáticas,2026-1
14801,MAT1203,3,Álgebra Lineal,"Pasten Hector, Dirección Docente",L-W-V:2 CLAS AE003 M:5 LAB SIN SALA J:5 AYU AE205,Matemáticas,2026-1
14825,MAT1203,4,Álgebra Lineal,"Pasten Hector, Dirección Docente",L-W-V:2 CLAS AE003 M:5 LAB SIN SALA J:5 AYU AE103,Matemáticas,2026-1
14831,MAT1203,5,Álgebra Lineal,"Aguirre Natham, Dirección Docente",L-W-V:4 CLAS K200 M:5 AYU B17 J:5 LAB SIN SALA,Matemáticas,2026-1
14834,MAT1203,6,Álgebra Lineal,"Aguirre Natham, Dirección Docente",L-W-V:4 CLAS K200 M:5 AYU BC22 J:5 LAB SIN SALA,Matemáticas,2026-1
14803,MAT1203,7,Álgebra Lineal,Del Campo Constanza,L-W-V:4 CLAS C201 M:5 AYU BC23 J:5 LAB SIN SALA,Matemáticas,2026-1
14791,MAT1203,8,Álgebra Lineal,Del Campo Constanza,L-W-V:4 CLAS C201 M:5 AYU BC21 J:5 LAB SIN SALA,Matemáticas,2026-1
14806,MAT1203,9,Álgebra Lineal,González Hernán,L-W-V:5 CLAS A5 M:4 LAB SIN SALA V:4 AYU AE103,Matemáticas,2026-1
14810,MAT1203,10,Álgebra Lineal,González Hernán,L-W-V:5 CLAS A5 M:4 LAB SIN SALA V:4 AYU CS302,Matemáticas,2026-1
14786,MAT1203,11,Álgebra Lineal,"Gajardo Daniel, Dirección Docente",L-W-V:1 CLAS C002 M:2 LAB SIN SALA J:5 AYU B17,Matemáticas,2026-1
14794,MAT1203,12,Álgebra Lineal,"Gajardo Daniel, Dirección Docente",L-W-V:1 CLAS C002 M:2 LAB SIN SALA J:5 AYU AE204,Matemáticas,2026-1
14837,MAT1203,13,Álgebra Lineal,Aldunate Danko,L-W-V:1 CLAS AM3 M:2 LAB SIN SALA J:5 AYU AE208,Matemáticas,2026-1
14818,MAT1203,14,Álgebra Lineal,Aldunate Danko,L-W-V:1 CLAS AM3 M:2 LAB SIN SALA J:5 AYU BC21,Matemáticas,2026-1
30946,MAT1203,15,Álgebra Lineal,"De la Vega Diego, Dirección Docente",L-W-V:5 CLAS C003 M:4 LAB CS302 V:4 AYU CS201,Matemáticas,2026-1
30947,MAT1203,16,Álgebra Lineal,"De la Vega Diego, Dirección Docente",L-W-V:5 CLAS C003 M:4 LAB AE206 V:4 AYU AE210,Matemáticas,2026-1
32737,MAT1203,17,Álgebra Lineal,"Zegarra Luis, Dirección Docente",L-W-V:2 CLAS AM3 M:5 LAB SIN SALA J:5 AYU BC23,Matemáticas,2026-1
32746,MAT1203,18,Álgebra Lineal,"Zegarra Luis, Dirección Docente",L-W-V:2 CLAS AM3 M:5 LAB SIN SALA J:5 AYU BC22,Matemáticas,2026-1
26672,MAT1204,1,Introducción al Álgebra,Cortez María,L-W-J:3 CLAS C003 M:4 AYU K201 J:1 AYU K200,Matemáticas,2026-1
19832,MAT1207,1,Introducción al Álgebra y Geometría,Barrios Francisco,L-W:1 CLAS A1 M:3 CLAS A5 J:2 AYU C406,Matemáticas,2026-1
24774,MAT1207,2,Introducción al Álgebra y Geometría,Barrios Francisco,L-W:1 CLAS A1 M:3 CLAS A5 J:2 AYU K200,Matemáticas,2026-1
27684,MAT1207,3,Introducción al Álgebra y Geometría,Fernandez Gabriela,L-M-W:1 CLAS M1 M:4 AYU B25,Matemáticas,2026-1
27685,MAT1207,4,Introducción al Álgebra y Geometría,Fernandez Gabriela,L-M-W:1 CLAS M1 M:4 AYU B24,Matemáticas,2026-1
27649,MAT1214,1,Introducción al Álgebra Lineal,"Arias Cesar, Allahbakhshi Mahsa",L-W-V:4 CLAS CS202 L-W:5 AYU C505 J:1 LAB SIN SALA,Matemáticas,2026-1
29212,MAT1219,1,Álgebra Lineal,Bourget Olivier,L-W-V:4 CLAS C307 W:5 AYU C301 V:5 AYU C503,Matemáticas,2026-1
17361,MAT1220,1,Cálculo II,Barrios Francisco,M-J:5 CLAS N12 M-J:6 AYU N16-A,Matemáticas,2026-1
21036,MAT1220,2,Cálculo II,Aguirre Natham,L-W:2 CLAS C001 M-J:1 AYU A3,Matemáticas,2026-1
24775,MAT1220,3,Cálculo II,Garcia-Huidobro Marta,L-W:5 CLAS D306 L-W:6 AYU AP103,Matemáticas,2026-1
27650,MAT1224,1,Álgebra Lineal,Rojas Carlos,L-W-V:4 CLAS C305 L-W:5 AYU N10,Matemáticas,2026-1
19045,MAT1279,1,Introducción al Álgebra Lineal,Arias Cesar,L-W:5 CLAS M1 M-V:5 AYU AM1,Matemáticas,2026-1
11217,MAT1299,1,Álgebra Lineal,Sepúlveda Karla,L-W:4 CLAS AP501 M-J:4 AYU C301,Matemáticas,2026-1
30632,MAT1299,2,Álgebra Lineal,Sánchez Camilo,L-W:4 CLAS E17 M-J:4 AYU AP404,Matemáticas,2026-1
32088,MAT1299,3,Álgebra Lineal,Heuer Norbert,L-W:4 CLAS AP102 M-J:4 AYU AP103,Matemáticas,2026-1
26677,MAT1304,1,Introducción a la Geometría,Cabezas Manuel,L-W-J:4 CLAS CS-102 M:5 AYU AM3 J:5 AYU A7,Matemáticas,2026-1
27263,MAT1307,1,Geometria,Flores Beatriz,L-W:4 CLAS S_FACULTAD V:4 AYU AUD_S,Matemáticas,2026-1
27673,MAT1314,1,Introducción a la Combinatoria,Samper José,M-J:2 CLAS C510 V:5 AYU C406,Matemáticas,2026-1
11253,MAT1389,1,Geometría I,Figueroa Johanna,L-M-W:5 CLAS AUD_AP J:5 AYU E11,Matemáticas,2026-1
11282,MAT1389,2,Geometría I,Sánchez Camilo,L-M-W:5 CLAS AM2 J:5 AYU E10,Matemáticas,2026-1
16405,MAT1389,3,Geometría I,Cortés Benjamín,L-M-W:5 CLAS A7 J:5 AYU C200,Matemáticas,2026-1
14778,MAT1610,1,Cálculo I,"Führer Thomas, Dirección Docente",L-W-J:3 CLAS AE003 M:3 LAB SIN SALA V:1 AYU AE003,Matemáticas,2026-1
14805,MAT1610,2,Cálculo I,"Vargas Angela, Dirección Docente",L-W-J:2 CLAS C201 M:2 LAB SIN SALA V:1 AYU AE102,Matemáticas,2026-1
14789,MAT1610,3,Cálculo I,"Coronel Álvaro, Dirección Docente",L-W-J:4 CLAS AM1 M:4 LAB SIN SALA V:1 AYU K200,Matemáticas,2026-1
14773,MAT1610,4,Cálculo I,"Fuentes Federico, Dirección Docente",L-W-J:2 CLAS AM2 M:2 LAB SIN SALA V:1 AYU A3,Matemáticas,2026-1
14767,MAT1610,5,Cálculo I,"Román Carlos, Dirección Docente",L-W-J:4 CLAS K201 M:4 LAB SIN SALA V:1 AYU K203,Matemáticas,2026-1
14813,MAT1610,6,Cálculo I,Moreno Gregorio,L-W-J:2 CLAS CS-101 M:2 LAB SIN SALA V:1 AYU M1,Matemáticas,2026-1
14761,MAT1610,7,Cálculo I,"Saglietti Santiago, Dirección Docente",L-W-V:4 CLAS M1 L:5 AYU B18 J:1 LAB SIN SALA,Matemáticas,2026-1
14755,MAT1610,8,Cálculo I,"Saglietti Santiago, Dirección Docente",L-W-V:4 CLAS M1 L:5 AYU CS301 J:1 LAB SIN SALA,Matemáticas,2026-1
14799,MAT1610,9,Cálculo I,"De la Vega Diego, Dirección Docente",L-W-V:4 CLAS AM3 L:5 AYU B17 J:1 LAB SIN SALA,Matemáticas,2026-1
14750,MAT1610,10,Cálculo I,"De la Vega Diego, Dirección Docente",L-W-V:4 CLAS AM3 L:5 AYU CS405 J:1 LAB SIN SALA,Matemáticas,2026-1
14744,MAT1610,11,Cálculo I,"Briceño Raimundo, Dirección Docente",L-W-V:2 CLAS A5 J:4 AYU CS201 V:3 LAB SIN SALA,Matemáticas,2026-1
14784,MAT1610,12,Cálculo I,"Briceño Raimundo, Dirección Docente",L-W-V:2 CLAS A5 J:4 AYU K202 V:3 LAB SIN SALA,Matemáticas,2026-1
14795,MAT1610,13,Cálculo I,"Kiwi Jan, Dirección Docente",L-W-V:2 CLAS A3 J:4 AYU B24 V:3 LAB SIN SALA,Matemáticas,2026-1
14809,MAT1610,14,Cálculo I,"Kiwi Jan, Dirección Docente",L-W-V:2 CLAS A3 J:4 AYU K200 V:3 LAB SIN SALA,Matemáticas,2026-1
26387,MAT1610,15,Cálculo I,"Chacón Oscar, Dirección Docente",L-W-V:1 CLAS C001 W:4 AYU B13 J:4 LAB SIN SALA,Matemáticas,2026-1
26389,MAT1610,16,Cálculo I,"Chacón Oscar, Dirección Docente",L-W-V:1 CLAS C001 W:4 AYU BC23 J:4 LAB SIN SALA,Matemáticas,2026-1
19054,MAT1610,17,Cálculo I,Vásquez Esteban,L-W-V:4 CLAS B12 M:4 AYU AE106 W:3 LAB SIN SALA,Matemáticas,2026-1
19055,MAT1610,18,Cálculo I,Vásquez Esteban,L-W-V:4 CLAS B12 M:4 AYU CS404 W:3 LAB SIN SALA,Matemáticas,2026-1
26390,MAT1610,19,Cálculo I,"Zegarra Luis, Dirección Docente",L-W-V:4 CLAS K203 M:4 AYU B22 W:3 LAB SIN SALA,Matemáticas,2026-1
26391,MAT1610,20,Cálculo I,"Zegarra Luis, Dirección Docente",L-W-V:4 CLAS K203 M:4 AYU BC25 W:3 LAB SIN SALA,Matemáticas,2026-1
30926,MAT1610,21,Cálculo I,"Aguirre Natham, Dirección Docente",L-W-V:1 CLAS AM2 W:4 AYU AP302 J:4 LAB SIN SALA,Matemáticas,2026-1
30927,MAT1610,22,Cálculo I,"Aguirre Natham, Dirección Docente",L-W-V:1 CLAS AM2 W:4 AYU BC21 J:4 LAB SIN SALA,Matemáticas,2026-1
14833,MAT1620,1,Cálculo II,"Figueroa Johanna, Dirección Docente",L-J-V:6 CLAS AUD_AP W:1 LAB SIN SALA J:4 AYU BC24,Matemáticas,2026-1
14826,MAT1620,2,Cálculo II,"Figueroa Johanna, Dirección Docente",L-J-V:6 CLAS AUD_AP M:6 LAB SIN SALA J:4 AYU B23,Matemáticas,2026-1
14839,MAT1620,3,Cálculo II,Barrios Francisco,L-W-V:4 CLAS K204 M:6 LAB SIN SALA J:6 AYU FT-102,Matemáticas,2026-1
14836,MAT1620,4,Cálculo II,Barrios Francisco,L-W-V:4 CLAS K204 M:6 LAB SIN SALA J:6 AYU N10,Matemáticas,2026-1
20958,MAT1620,5,Cálculo II,"Molina Juan, Dirección Docente",L-W-V:4 CLAS C003 M:6 LAB SIN SALA J:4 AYU B18,Matemáticas,2026-1
20959,MAT1620,6,Cálculo II,"Molina Juan, Dirección Docente",L-W-V:4 CLAS C003 W:1 LAB SIN SALA J:4 AYU B13,Matemáticas,2026-1
14823,MAT1620,7,Cálculo II,Arias Gonzalo,L-W-J:4 CLAS AE004 M:6 LAB SIN SALA V:1 AYU AE203,Matemáticas,2026-1
17362,MAT1620,8,Cálculo II,"Chacón Oscar, Dirección Docente",L-W-J:3 CLAS K200 M:6 LAB SIN SALA V:1 AYU K201,Matemáticas,2026-1
30888,MAT1620,9,Cálculo II,De la Vega Diego,L-W-J:2 CLAS E11 M:6 LAB AE001 V:1 AYU E11,Matemáticas,2026-1
14843,MAT1630,1,Cálculo III,"Allahbakhshi Mahsa, Dirección Docente",L-W:2 CLAS A1 M:6 AYU C203 J:2 LAB SIN SALA,Matemáticas,2026-1
14863,MAT1630,2,Cálculo III,"Allahbakhshi Mahsa, Dirección Docente",L-W:2 CLAS A1 M:6 AYU B25 J:2 LAB SIN SALA,Matemáticas,2026-1
14848,MAT1630,3,Cálculo III,"Sadel Christian, Dirección Docente",L-W:2 CLAS M1 M:6 AYU BC24 J:2 LAB SIN SALA,Matemáticas,2026-1
14868,MAT1630,4,Cálculo III,"Sadel Christian, Dirección Docente",L-W:2 CLAS M1 M:6 AYU B18 J:2 LAB SIN SALA,Matemáticas,2026-1
14841,MAT1630,5,Cálculo III,Quintana Octavio,L-W:2 CLAS ALT M:4 AYU D204 J:4 LAB SIN SALA,Matemáticas,2026-1
20961,MAT1630,6,Cálculo III,Quintana Octavio,L-W:2 CLAS ALT M:6 AYU B13 V:4 LAB SIN SALA,Matemáticas,2026-1
20962,MAT1630,7,Cálculo III,"Saez Mariel, Dirección Docente",L-W:1 CLAS A5 M:4 AYU D202 J:4 LAB SIN SALA,Matemáticas,2026-1
20963,MAT1630,8,Cálculo III,"Saez Mariel, Dirección Docente",L-W:1 CLAS A5 M:4 AYU B17 V:4 LAB SIN SALA,Matemáticas,2026-1
20964,MAT1630,9,Cálculo III,Machuca Fernando,L-W:1 CLAS A3 M:6 AYU B24 V:4 LAB SIN SALA,Matemáticas,2026-1
20960,MAT1630,10,Cálculo III,Machuca Fernando,L-W:1 CLAS A3 M:6 AYU ED111 V:4 LAB SIN SALA,Matemáticas,2026-1
14883,MAT1640,1,Ecuaciones Diferenciales,"Sadel Christian, Dirección Docente",L:4 LAB SIN SALA M-J:3 CLAS AUD_AP W:4 AYU A1,Matemáticas,2026-1
14959,MAT1640,2,Ecuaciones Diferenciales,"Aguirre Natham, Dirección Docente",L:3 LAB SIN SALA L:6 AYU A3 M-J:3 CLAS C001,Matemáticas,2026-1
14888,MAT1640,3,Ecuaciones Diferenciales,"Rivera Wolfgang, Dirección Docente",L:3 LAB SIN SALA M:3 CLAS A1 J:3 CLAS A5 J:6 AYU A5,Matemáticas,2026-1
14851,MAT1640,4,Ecuaciones Diferenciales,"Fernandez Claudio, Dirección Docente",M-J:3 CLAS A7 W:4 LAB SIN SALA W:6 AYU A7,Matemáticas,2026-1
14958,MAT1640,5,Ecuaciones Diferenciales,"Vargas Angela, Dirección Docente",L:4 LAB SIN SALA M-J:3 CLAS K204 W:4 AYU A3,Matemáticas,2026-1
11463,MAT1920,1,Números,Flores Beatriz,M-J:4 CLAS K203 M-J:5 AYU AE003,Matemáticas,2026-1
11470,MAT1920,2,Números,Vidal Daniel,M-J:4 CLAS C002 M-J:5 AYU C002,Matemáticas,2026-1
11487,MAT1930,1,Geometría I,Sánchez Camilo,M-J:4 CLAS C201 M-J:5 AYU S9,Matemáticas,2026-1
15571,MAT2006,1,Historia de la Matemática,Behn Antonio,M-J:4 CLAS ED217,Matemáticas,2026-1
25503,MAT2095,1,Taller de Iniciacion Cientifica,Dirección Docente,: CLAS SIN SALA,Matemáticas,2026-1
26684,MAT2095,2,Taller de Iniciacion Cientifica,Dirección Docente,: CLAS SIN SALA,Matemáticas,2026-1
25504,MAT2095,3,Taller de Iniciacion Cientifica,Dirección Docente,: CLAS SIN SALA,Matemáticas,2026-1
25505,MAT2095,4,Taller de Iniciacion Cientifica,Dirección Docente,: CLAS SIN SALA,Matemáticas,2026-1
26690,MAT2095,5,Taller de Iniciacion Cientifica,Dirección Docente,: CLAS SIN SALA,Matemáticas,2026-1
26693,MAT2095,6,Taller de Iniciacion Cientifica,Dirección Docente,: CLAS SIN SALA,Matemáticas,2026-1
29195,MAT2095,7,Taller de Iniciacion Cientifica,Dirección Docente,: CLAS SIN SALA,Matemáticas,2026-1
29196,MAT2095,8,Taller de Iniciacion Cientifica,Dirección Docente,: CLAS SIN SALA,Matemáticas,2026-1
29197,MAT2095,9,Taller de Iniciacion Cientifica,Dirección Docente,: CLAS SIN SALA,Matemáticas,2026-1
29194,MAT2095,10,Taller de Iniciacion Cientifica,Del Campo Constanza,: CLAS SIN SALA,Matemáticas,2026-1
22714,MAT2107,1,Métodos Matemáticos para Estadística,Rauld Maria,L-W-V:3 CLAS C503 M-J:4 AYU C400,Matemáticas,2026-1
30877,MAT2227,1,Álgebra I,Moreno María,"L:3 AYU ED109 M:4 AYU ED110 W:3,4 CLAS T2222",Matemáticas,2026-1
29193,MAT2234,1,Álgebra Abstracta I,Prieto Yulieth,L-W-V:4 CLAS C303 M-J:5 AYU C403,Matemáticas,2026-1
24777,MAT2237,1,Álgebra II,Chacón Oscar,L:4 CLAS K305 J:2 CLAS K305 J:3 AYU FT-103,Matemáticas,2026-1
29192,MAT2244,1,Álgebra Abstracta II,Castillo Federico,L-W-V:4 CLAS C504 J:5 AYU NT202,Matemáticas,2026-1
32560,MAT2320,1,Introducción a Métodos Matemáticos para Aprendizaje Profundo,Petrache Mircea,L:6 CLAS C511 W:5 CLAS C511 V:5 AYU C511,Matemáticas,2026-1
11673,MAT2405,1,Fundamentos de la Matemática,Garcia Natalia,L:5 AYU C511 W-V:4 CLAS AP008,Matemáticas,2026-1
24778,MAT2507,1,Introducción al Análisis,Chacón Oscar,L-W:2 CLAS K304 W:5 AYU T1220,Matemáticas,2026-1
14875,MAT250I,1,Ecuaciones Diferenciales Parciales,Petrache Mircea,M-J:4 CLAS AP402 M:6 AYU S11,Matemáticas,2026-1
29191,MAT2514,1,Análisis Real,Garcia-Huidobro Marta,L-W-V:2 CLAS N8 M-J:4 AYU N16-A,Matemáticas,2026-1
14884,MAT251I,1,Análisis Real,Garcia-Huidobro Marta,L-W-V:2 CLAS N8 M-J:4 AYU N16-A,Matemáticas,2026-1
30889,MAT2534,1,Teoría de Integración,Ramírez Sebastián,L-W-V:2 CLAS N15 J:4 AYU B25,Matemáticas,2026-1
14892,MAT253I,1,Teoría de Integración,Ramírez Sebastián,L-W-V:2 CLAS N15 J:4 AYU B25,Matemáticas,2026-1
32044,MAT255I,1,Análisis Funcional,Bourget Olivier,L-W:3 CLAS B15 J:6 AYU B16,Matemáticas,2026-1
22686,MAT2605,1,Cálculo Científico I,Führer Thomas,M-J:2 CLAS NT201 W:6 AYU C200 V:4 LAB SIN SALA,Matemáticas,2026-1
29190,MAT2704,1,Variable Compleja,Kiwi Jan,L:5 AYU A4 M-J:2 CLAS C404,Matemáticas,2026-1
30597,MAT270I,1,Variable Compleja I,Kiwi Jan,L:5 AYU A4 M-J:2 CLAS C404,Matemáticas,2026-1
32670,MAT2804,1,Teoría de Probabilidades,Saglietti Santiago,L-W:2 CLAS C303 V:2 AYU C306,Matemáticas,2026-1
30890,MAT2824,1,Introducción a la Geometría Algebraica,Urzua Giancarlo,M-J:5 CLAS C300 V:3 AYU C511,Matemáticas,2026-1
30891,MAT2834,1,Ecuaciones Diferenciales Parciales,Petrache Mircea,M-J:4 CLAS AP402 M:6 AYU S11,Matemáticas,2026-1
30895,MAT2854,1,Análisis Funcional,Bourget Olivier,L-W:3 CLAS B15 J:6 AYU B16,Matemáticas,2026-1
30894,MAT2860,1,Geometría Diferencial,Gaspar Pedro,L:4 AYU C511 M-J:3 CLAS C511,Matemáticas,2026-1
30893,MAT2864,1,Sistemas Dinámicos,Velozo Anibal,L:5 AYU C400 W-V:4 CLAS AG6,Matemáticas,2026-1
11698,MAT2920,1,Algebra y Sistemas Númericos I,Vidal Daniel,L:5 CLAS ED110 W:6 CLAS ED110 W:7 AYU ED109 J:6 AYU T2222,Matemáticas,2026-1
18214,MAT2940,1,Geometría II,Vidal Daniel,L:6 CLAS ED110 L:7 AYU ED109 W:5 CLAS ED110 J:5 AYU T2222,Matemáticas,2026-1
34025,MAT3094,1,Taller de Trabajo Matemático,Taarabt Amal,: CLAS SIN SALA,Matemáticas,2026-1
34026,MAT3094,2,Taller de Trabajo Matemático,(Sin Profesores),: CLAS SIN SALA,Matemáticas,2026-1
34027,MAT3094,3,Taller de Trabajo Matemático,(Sin Profesores),: CLAS SIN SALA,Matemáticas,2026-1
34028,MAT3094,4,Taller de Trabajo Matemático,(Sin Profesores),: CLAS SIN SALA,Matemáticas,2026-1
34029,MAT3094,5,Taller de Trabajo Matemático,(Sin Profesores),: CLAS SIN SALA,Matemáticas,2026-1
34030,MAT3094,6,Taller de Trabajo Matemático,(Sin Profesores),: CLAS SIN SALA,Matemáticas,2026-1
34031,MAT3094,7,Taller de Trabajo Matemático,Iommi Godofredo,: CLAS SIN SALA,Matemáticas,2026-1
34032,MAT3094,8,Taller de Trabajo Matemático,(Sin Profesores),: CLAS SIN SALA,Matemáticas,2026-1
34033,MAT3094,9,Taller de Trabajo Matemático,(Sin Profesores),: CLAS SIN SALA,Matemáticas,2026-1
34034,MAT3094,10,Taller de Trabajo Matemático,Samper José,: CLAS SIN SALA,Matemáticas,2026-1
34035,MAT3094,11,Taller de Trabajo Matemático,(Sin Profesores),,Matemáticas,2026-1
34036,MAT3094,12,Taller de Trabajo Matemático,(Sin Profesores),: CLAS SIN SALA,Matemáticas,2026-1
34037,MAT3094,13,Taller de Trabajo Matemático,(Sin Profesores),: CLAS SIN SALA,Matemáticas,2026-1
34038,MAT3094,14,Taller de Trabajo Matemático,(Sin Profesores),: CLAS SIN SALA,Matemáticas,2026-1
34039,MAT3094,15,Taller de Trabajo Matemático,(Sin Profesores),: CLAS SIN SALA,Matemáticas,2026-1
34040,MAT3094,16,Taller de Trabajo Matemático,(Sin Profesores),: CLAS SIN SALA,Matemáticas,2026-1
34041,MAT3094,17,Taller de Trabajo Matemático,Sperone Gianmarco,: CLAS SIN SALA,Matemáticas,2026-1
34042,MAT3094,18,Taller de Trabajo Matemático,(Sin Profesores),: CLAS SIN SALA,Matemáticas,2026-1
34043,MAT3094,19,Taller de Trabajo Matemático,(Sin Profesores),: CLAS SIN SALA,Matemáticas,2026-1
34044,MAT3094,20,Taller de Trabajo Matemático,(Sin Profesores),: CLAS SIN SALA,Matemáticas,2026-1
30596,MAT380I,1,Teoría de Probabilidades,Saglietti Santiago,L-W:2 CLAS C303 V:2 AYU C306,Matemáticas,2026-1
16435,MPG3100,1,Analisis I,Saez Mariel,L-W:2 CLAS SIN SALA L:4 AYU SIN SALA,Matemáticas,2026-1
19111,MPG3120,1,Optativo I,Dirección Docente,: CLAS SIN SALA,Matemáticas,2026-1
19115,MPG3120,2,Optativo I,Dirección Docente,: CLAS SIN SALA,Matemáticas,2026-1
19126,MPG3120,3,Optativo I,Dirección Docente,: CLAS SIN SALA,Matemáticas,2026-1
20970,MPG3120,4,Optativo I,Dirección Docente,: CLAS SIN SALA,Matemáticas,2026-1
20971,MPG3120,5,Optativo I,Dirección Docente,: CLAS SIN SALA,Matemáticas,2026-1
10548,MPG3200,1,Algebra I,Por Fijar,L-W:3 CLAS SIN SALA J:3 AYU SIN SALA,Matemáticas,2026-1
26701,MPG3220,1,Optativo II,Dirección Docente,: CLAS SIN SALA,Matemáticas,2026-1
19129,MPG3220,2,Optativo II,Dirección Docente,: CLAS SIN SALA,Matemáticas,2026-1
26708,MPG3220,3,Optativo II,Dirección Docente,: CLAS SIN SALA,Matemáticas,2026-1
26712,MPG3220,4,Optativo II,Dirección Docente,: CLAS SIN SALA,Matemáticas,2026-1
26715,MPG3220,5,Optativo II,Dirección Docente,: CLAS SIN SALA,Matemáticas,2026-1
10572,MPG3320,1,Optativo III,Dirección Docente,: CLAS SIN SALA,Matemáticas,2026-1
19073,MPG3320,2,Optativo III,Dirección Docente,: CLAS SIN SALA,Matemáticas,2026-1
26726,MPG3320,3,Optativo III,Dirección Docente,: CLAS SIN SALA,Matemáticas,2026-1
26730,MPG3320,4,Optativo III,Dirección Docente,: CLAS SIN SALA,Matemáticas,2026-1
20978,MPG3320,5,Optativo III,Petrache Mircea,: CLAS SIN SALA,Matemáticas,2026-1
22678,MPG3403,1,Topología y Geometría de Variedades,Urzua Giancarlo,M-J:4 CLAS SALA 3 J:5 AYU SALA 3,Matemáticas,2026-1
20980,MPG3420,1,Optativo IV,Dirección Docente,: CLAS SIN SALA,Matemáticas,2026-1
26735,MPG3420,2,Optativo IV,Dirección Docente,: CLAS SIN SALA,Matemáticas,2026-1
26738,MPG3420,3,Optativo IV,Dirección Docente,: CLAS SIN SALA,Matemáticas,2026-1
26740,MPG3420,4,Optativo IV,Dirección Docente,: CLAS SIN SALA,Matemáticas,2026-1
26743,MPG3420,5,Optativo IV,Dirección Docente,: CLAS SIN SALA,Matemáticas,2026-1
33516,MPG3433,1,Estructuras Matemáticas en Mecánica Cuántica,Moreno Gregorio,L-W:3 CLAS SALA 3 W:4 AYU SALA 3,Matemáticas,2026-1
30823,MPG3950,1,Variable Compleja I,(Sin Profesores),: CLAS,Matemáticas,2026-1
33517,MPG3970,1,Geometría Diferencial,Kamburov Nikola,L-W:2 CLAS SALA 3,Matemáticas,2026-1
30824,MPG4100,1,Examen de Calificación,Dirección Docente,: LIB,Matemáticas,2026-1
27651,MPG4300,1,Examen de Calificación,Dirección Docente,: CLAS SIN SALA,Matemáticas,2026-1
27652,MPG4400,1,Examen de Candidatura,Dirección Docente,: CLAS SIN SALA,Matemáticas,2026-1
10644,MPG4500,1,Tesis de Magíster,Dirección Docente,: CLAS SIN SALA,Matemáticas,2026-1
27653,MPG5004,1,Tesis de Doctorado I,Dirección Docente,: CLAS SIN SALA,Matemáticas,2026-1
27654,MPG5004,2,Tesis de Doctorado I,Dirección Docente,: CLAS SIN SALA,Matemáticas,2026-1
29107,MPG5004,3,Tesis de Doctorado I,Dirección Docente,: CLAS SIN SALA,Matemáticas,2026-1
29108,MPG5004,4,Tesis de Doctorado I,Dirección Docente,: CLAS SIN SALA,Matemáticas,2026-1
29109,MPG5004,5,Tesis de Doctorado I,Dirección Docente,: CLAS SIN SALA,Matemáticas,2026-1
29110,MPG5004,6,Tesis de Doctorado I,Dirección Docente,: CLAS SIN SALA,Matemáticas,2026-1
30825,MPG5004,7,Tesis de Doctorado I,Dirección Docente,: CLAS SIN SALA,Matemáticas,2026-1
30826,MPG5004,8,Tesis de Doctorado I,Dirección Docente,: CLAS SIN SALA,Matemáticas,2026-1
27655,MPG5005,1,Tesis de Doctorado II,Dirección Docente,: CLAS SIN SALA,Matemáticas,2026-1
27656,MPG5005,2,Tesis de Doctorado II,Dirección Docente,: CLAS SIN SALA,Matemáticas,2026-1
29111,MPG5005,3,Tesis de Doctorado II,Dirección Docente,: CLAS SIN SALA,Matemáticas,2026-1
29112,MPG5005,4,Tesis de Doctorado II,Dirección Docente,: CLAS SIN SALA,Matemáticas,2026-1
29113,MPG5005,5,Tesis de Doctorado II,Dirección Docente,: CLAS SIN SALA,Matemáticas,2026-1
29114,MPG5005,6,Tesis de Doctorado II,Dirección Docente,: CLAS SIN SALA,Matemáticas,2026-1
30827,MPG5005,7,Tesis de Doctorado II,Dirección Docente,: CLAS SIN SALA,Matemáticas,2026-1
30828,MPG5005,8,Tesis de Doctorado II,Dirección Docente,: CLAS SIN SALA,Matemáticas,2026-1
27657,MPG5006,1,Tesis de Doctorado III,Dirección Docente,: CLAS SIN SALA,Matemáticas,2026-1
27658,MPG5006,2,Tesis de Doctorado III,Dirección Docente,: CLAS SIN SALA,Matemáticas,2026-1
29115,MPG5006,3,Tesis de Doctorado III,Dirección Docente,: CLAS SIN SALA,Matemáticas,2026-1
29116,MPG5006,4,Tesis de Doctorado III,Dirección Docente,: CLAS SIN SALA,Matemáticas,2026-1
29117,MPG5006,5,Tesis de Doctorado III,Dirección Docente,: CLAS SIN SALA,Matemáticas,2026-1
29118,MPG5006,6,Tesis de Doctorado III,Dirección Docente,: CLAS SIN SALA,Matemáticas,2026-1
30829,MPG5006,7,Tesis de Doctorado III,Dirección Docente,: CLAS SIN SALA,Matemáticas,2026-1
30830,MPG5006,8,Tesis de Doctorado III,(Sin Profesores),: CLAS SIN SALA,Matemáticas,2026-1
27666,MPG5007,1,Tesis de Doctorado IV,Dirección Docente,: CLAS SIN SALA,Matemáticas,2026-1
27667,MPG5007,2,Tesis de Doctorado IV,(Sin Profesores),: CLAS SIN SALA,Matemáticas,2026-1
29119,MPG5007,3,Tesis de Doctorado IV,Dirección Docente,: CLAS SIN SALA,Matemáticas,2026-1
29120,MPG5007,4,Tesis de Doctorado IV,Dirección Docente,: CLAS SIN SALA,Matemáticas,2026-1
29121,MPG5007,5,Tesis de Doctorado IV,Dirección Docente,: CLAS SIN SALA,Matemáticas,2026-1
29122,MPG5007,6,Tesis de Doctorado IV,Dirección Docente,: CLAS SIN SALA,Matemáticas,2026-1
30831,MPG5007,7,Tesis de Doctorado IV,Dirección Docente,: CLAS SIN SALA,Matemáticas,2026-1
30832,MPG5007,8,Tesis de Doctorado IV,Dirección Docente,: CLAS SIN SALA,Matemáticas,2026-1
21009,MPG5050,1,Pasantía en el Extranjero,Dirección Docente,: CLAS SIN SALA,Matemáticas,2026-1
27523,MPG5071,1,Orientación a la Tesis 1,Dirección Docente,: CLAS SIN SALA,Matemáticas,2026-1
27668,MPG5072,1,Orientación a la Tesis 2,Dirección Docente,: CLAS SIN SALA,Matemáticas,2026-1
27670,MPG5073,1,Actividad Anual de Seguimiento I,Dirección Docente,: CLAS SIN SALA,Matemáticas,2026-1
27671,MPG5074,1,Actividad Anual de Seguimiento II,(Sin Profesores),: CLAS,Matemáticas,2026-1
22978,MPG6050,1,Autoría Artículo Científico o Patente,Dirección Docente,: CLAS SIN SALA,Matemáticas,2026-1
25357,VET0010,1,Introducción a la Medicina Veterinaria,Jimenez Pedro,"J:2 TER SIN SALA J:3,4 CLAS A1",Medicina Veterinaria,2026-1
25339,VET0120,1,Anatomía Veterinaria II,"Labra Patricia, Faunes Macarena","M:1,2 LAB SIN SALA M:5,6 CLAS AUD_VET",Medicina Veterinaria,2026-1
29516,VET0120,2,Anatomía Veterinaria II,"Labra Patricia, Faunes Macarena","M:3,4 LAB SIN SALA M:5,6 CLAS AUD_VET",Medicina Veterinaria,2026-1
22788,VET0140,1,Biología y Diversidad Animal,Francisco Joao,"M-J:5,6 CLAS C003",Medicina Veterinaria,2026-1
25341,VET0500,1,Etología y Bienestar Animal,Concha Astrid,"L-J:1,2 CLAS AUD_VET",Medicina Veterinaria,2026-1
25340,VET1100,1,Fisiología Animal,Paiva Luis,"L-W:3,4 CLAS AUD_VET L:5,6 AYU AUD_VET",Medicina Veterinaria,2026-1
29681,VET111D,1,Técnicas Moleculares Aplicadas en Ciencias Animales.,"Jimenez Pedro, Dettleff Phillip","J:5,6,7,8 CLAS SIN SALA",Medicina Veterinaria,2026-1
29684,VET112R,1,Biotecnología Reproductiva en Animales Domésticos y Silvestres,Peralta Oscar,"M:2,3,4 CLAS SIN SALA",Medicina Veterinaria,2026-1
25955,VET1140,1,Enfermedades Parasitarias,Alvarez Cristian,"L:1,2,3 LAB SIN SALA W:1,2 CLAS AUD_VET",Medicina Veterinaria,2026-1
25958,VET1140,2,Enfermedades Parasitarias,Alvarez Cristian,"W:1,2 CLAS AUD_VET V:1,2,3 LAB SIN SALA",Medicina Veterinaria,2026-1
25961,VET1150,1,Patología General y Sistemática,Domingues Tayse,"W:3,4 CLAS C001 J:4 CLAS C202 V:2,3,4 LAB SIN SALA",Medicina Veterinaria,2026-1
25962,VET1150,2,Patología General y Sistemática,Domingues Tayse,"W:3,4 CLAS C001 W:5,6,7 LAB SIN SALA J:4 CLAS C202",Medicina Veterinaria,2026-1
29556,VET1150,3,Patología General y Sistemática,Domingues Tayse,"W:3,4 CLAS C001 J:4 CLAS C202 J:5,6,7 LAB SIN SALA",Medicina Veterinaria,2026-1
27991,VET1190,1,Ginecología y Obstetricia,"Gajardo Gonzalo, Peralta Oscar","J:5,6 CLAS AUD_VET V:3,4 CLAS AUD_VET",Medicina Veterinaria,2026-1
31871,VET119C,1,Tópicos en Neurofarmacología Veterinaria,Morera Francisco,"V:3,4 CLAS C509",Medicina Veterinaria,2026-1
28612,VET1300,1,Producción de Monogástricos,Lara Marcela,"M:5,6,7 CLAS C200",Medicina Veterinaria,2026-1
25954,VET1400,1,Ecología Veterinaria,Rojo Gemma,"J:3,4 CLAS AUD_VET J:5,6,7 LAB AM1",Medicina Veterinaria,2026-1
31870,VET144E,1,Medicina de la Conservación,Cortés Galaxia,"V:1,2,3 CLAS C501",Medicina Veterinaria,2026-1
27992,VET1600,1,Salud Pública y Epidemiología,Cortés Sandra,"M:1,2,3 CLAS AUD_VET",Medicina Veterinaria,2026-1
28310,VET1601,1,Una Salud,Alvarez Cristian,"J:3,4 CLAS AG5",Medicina Veterinaria,2026-1
29505,VET161G,1,Tenencia Responsable de Mascotas,Mendiz Daniela,"J:3,4 CLAS ED112",Medicina Veterinaria,2026-1
33748,VET163G,1,Mujeres Inspiradoras: Grandes Científicas Modernas,Morera Francisco,"J:5,6 CLAS AG3",Medicina Veterinaria,2026-1
27989,VET1800,1,Semiología y Métodos Diagnósticos,Lillo Pablo,"W:5,6,7 LAB SIN SALA J:3,4 CLAS C203",Medicina Veterinaria,2026-1
28399,VET1800,2,Semiología y Métodos Diagnósticos,Lillo Pablo,"L:5,6,7 LAB SIN SALA J:3,4 CLAS C203",Medicina Veterinaria,2026-1
27990,VET1810,1,Patología Clínica,Escobar María,"L:3,4 CLAS D304 W:2,3,4 LAB SIN SALA",Medicina Veterinaria,2026-1
30507,VET184C,1,Medicina Veterinaria en Emergencias y Desastres,Segeur Alonso,"M:3,4 CLAS C501 J:5,6 CLAS SIN SALA",Medicina Veterinaria,2026-1
29547,VET2000,1,Formulación y Evaluación de Proyectos en Medicina Veterinaria,Taha Esteban,"L:5,6 CLAS N14 V:5 AYU C200",Medicina Veterinaria,2026-1
29544,VET2800,1,Cirugía y Anestesia,"Goich Mariela, Alegria Santiago, Croxatto Arnaldo, Leal Francisco","M:5,6,7 LAB SIN SALA W:5,6,7 CLAS C203",Medicina Veterinaria,2026-1
31815,VET281A,1,Internado de Cirugía y Anestesia en Pequeños Animales,"Goich Mariela, Leal Francisco","L-M-W-J-V:1,2,3,4,5,6,7 PRA SIN SALA",Medicina Veterinaria,2026-1
31853,VET281Q,1,Internado de Cirugía y Anestesia en Equinos,"Croxatto Arnaldo, Alegria Santiago","L-M-W-J-V:1,2,3,4,5,6,7 PRA SIN SALA",Medicina Veterinaria,2026-1
29543,VET2830,1,Medicina Interna II,"Lillo Pablo, Gajardo Gonzalo","L-W:3,4 CLAS N16-A J:1,2,3,4 LAB SIN SALA",Medicina Veterinaria,2026-1
31822,VET283A,1,Internado de Medicina Interna en Pequeños Animales,"Iturriaga Maria, Lillo Pablo","L-M-W-J-V:1,2,3,4,5,6,7 PRA SIN SALA",Medicina Veterinaria,2026-1
31855,VET283Q,1,Internado de Medicina General e Interna Equina,Soza Paula,"L-M-W-J-V:1,2,3,4,5,6,7 PRA SIN SALA",Medicina Veterinaria,2026-1
31824,VET284A,1,Internado de Emergencias y Cuidados Intesivos en Pequeños Animales,Segeur Alonso,"L-M-W-J-V:1,2,3,4,5,6,7 PRA SIN SALA",Medicina Veterinaria,2026-1
31872,VET284P,1,Producción Equina,Zuñiga Maria,"M:2,3,4 CLAS C505",Medicina Veterinaria,2026-1
31826,VET285A,1,Internado de Imagenología en Pequeños Animales,Arancibia Carolina,"L-M-W-J-V:1,2,3,4,5,6,7 PRA SIN SALA",Medicina Veterinaria,2026-1
31831,VET286A,1,Internado de Reproducción en Pequeños Animales,"Arancibia Carolina, Cifuentes Federico","L-M-W-J-V:1,2,3,4,5,6,7 PRA SIN SALA",Medicina Veterinaria,2026-1
31833,VET287A,1,Internado de Anatomia Patologica en Pequeños Animales,Cifuentes Federico,"L-M-W-J-V:1,2,3,4,5,6,7 PRA SIN SALA",Medicina Veterinaria,2026-1
31849,VET287Q,1,Internado de Anatomía Patológica en Equinos,Cifuentes Federico,"L-M-W-J-V:1,2,3,4,5,6,7 PRA SIN SALA",Medicina Veterinaria,2026-1
31834,VET288A,1,Internado Electivo en Pequeños Animales,Morera Francisco,"L-M-W-J-V:1,2,3,4,5,6,7 CLAS SIN SALA",Medicina Veterinaria,2026-1
31835,VET289A,1,Internado de Patología Clínica en Pequeños Animales,Escobar María,"L-M-W-J-V:1,2,3,4,5,6,7 PRA SIN SALA",Medicina Veterinaria,2026-1
31851,VET289Q,1,Internado de Patología Clínica en Equinos,Escobar María,"L-M-W-J-V:1,2,3,4,5,6,7 PRA SIN SALA",Medicina Veterinaria,2026-1
15947,MUC1000,1,Apreciación de Música en Vivo,"Candia Sergio, Figueroa Eduardo",M:8 TER SIN SALA J:5 CLAS AUD_AP,Música,2026-1
22587,MUC1000,2,Apreciación de Música en Vivo,"Candia Sergio, Figueroa Eduardo",M:8 TER SIN SALA W:3 CLAS AUD_AP,Música,2026-1
32282,MUC3007,1,Estrategias de Creación y Arquetipos,Morales Cristian,"L:8,9 CLAS SIN SALA",Música,2026-1
32286,MUC3030,1,Música y Narrativa,Farias Miguel,"M:8,9 CLAS SIN SALA",Música,2026-1
33193,MUC3031,1,Seminario de Composición Musical I,Morales Cristian,: CLAS SIN SALA,Música,2026-1
29747,MUC4004,1,Interpretación Musical 1,Lavado Guillermo,: CLAS SIN SALA,Música,2026-1
29749,MUC4004,2,Interpretación Musical 1,Pereira Claudia,: CLAS SIN SALA,Música,2026-1
29751,MUC4004,3,Interpretación Musical 1,Ramos Felipe,: CLAS SIN SALA,Música,2026-1
29753,MUC4004,4,Interpretación Musical 1,Rossi Georgina,: CLAS SIN SALA,Música,2026-1
33157,MUC4004,5,Interpretación Musical 1,Pinzon Jorge,: CLAS SIN SALA,Música,2026-1
33160,MUC4004,6,Interpretación Musical 1,Chung Liza,: CLAS SIN SALA,Música,2026-1
33161,MUC4004,7,Interpretación Musical 1,Salazar Gerardo,: CLAS SIN SALA,Música,2026-1
33162,MUC4004,8,Interpretación Musical 1,Osten Martin,: CLAS SIN SALA,Música,2026-1
29770,MUC4005,1,Seminario de Música de Cámara 1,Tagle Alejandro,: CLAS SIN SALA,Música,2026-1
33163,MUC4007,1,Introducción a la Interpretación Musical Como Investigación,Alvear Cristian,: CLAS SIN SALA,Música,2026-1
29789,MUC4009,1,Interpretación Musical 3,Ramos Felipe,: CLAS SIN SALA,Música,2026-1
31443,MUC4009,2,Interpretación Musical 3,Osten Martin,: CLAS SIN SALA,Música,2026-1
31448,MUC4011,1,Gestión de Proyectos Musicales,Sentis Catalina,: CLAS SIN SALA,Música,2026-1
29785,MUC4013,1,Taller de Interpretación de Nueva Música,Fischer Adriana,L:7 CLAS SAN JUAN,Música,2026-1
33174,MUC4015,1,Solmisación,Allende Gina,M:7 CLAS SAN LUCAS,Música,2026-1
31447,MUC4016,1,Seminario de Música de Cámara 3,Tagle Alejandro,: CLAS SIN SALA,Música,2026-1
11625,MUC701,1,Coro,Jahnke Eduardo,"J:1,2 TAL ALT",Música,2026-1
11606,MUC701,2,Coro,Rodriguez Danilo,"L:3,4 TAL AL1",Música,2026-1
11600,MUC701,3,Coro,Paredes Annia,"V:5,6 TAL CELIAPEREZ",Música,2026-1
11643,MUC701,4,Coro,Rodriguez Danilo,"W:5,6 TAL ALT",Música,2026-1
11585,MUC701,5,Coro,Paredes Annia,"L:5,6 TAL CELIAPEREZ",Música,2026-1
11612,MUC701,6,Coro,Jahnke Eduardo,"M:5,6 TAL AL1",Música,2026-1
16015,MUC701,7,Coro,Jahnke Eduardo,"L:5,6 TAL ALT",Música,2026-1
23730,MUC701,8,Coro,Rodriguez Danilo,"V:1,2 TAL CAPILLA",Música,2026-1
28720,MUC701,9,Coro,Paredes Annia,"M:6,7 TAL CELIAPEREZ",Música,2026-1
29275,MUC701,10,Coro,Paredes Annia,L-V:7 TAL CELIAPEREZ,Música,2026-1
21390,MUC701A,1,Práctica Coral para Músicos,Ramos Gerard,"L:5,6 TAL AUD_202",Música,2026-1
21394,MUC704A,1,Historia de la Música: Edad Media y Renacimiento,Koljatic Tomas,M-J:3 CLAS AUD_202,Música,2026-1
17387,MUC706A,1,Historia de la Música: del Romanticismo a la Música Docta del Siglo XX,Carvallo Antonio,W-V:1 CLAS AUD_202,Música,2026-1
21395,MUC709A,1,Lectura y Auditivo 1,Allende Gina,L-M-J:1 TAL SAN JUAN,Música,2026-1
21396,MUC709A,2,Lectura y Auditivo 1,Sierralta Veronica,L-M-J:1 TAL SALA-MC,Música,2026-1
21397,MUC709A,3,Lectura y Auditivo 1,Sepulveda Cristian,L-M-J:1 TAL SAN MARCOS,Música,2026-1
21398,MUC709A,4,Lectura y Auditivo 1,Santos Gregorio Ana,L-M-J:1 TAL SAN LUCAS,Música,2026-1
23663,MUC711A,1,Lectura y Auditivo 3,Duarte Cristian,L-W-V:3 TAL SAN JUAN V:4 AYU AUD_202,Música,2026-1
24170,MUC711A,2,Lectura y Auditivo 3,Gonzalez Cristian,L-W-V:3 TAL SALA-MC V:4 AYU SIN SALA,Música,2026-1
24171,MUC711A,3,Lectura y Auditivo 3,Santos Gregorio Ana,L-W-V:3 TAL SAN LUCAS V:4 AYU SIN SALA,Música,2026-1
11733,MUC713,1,Lectura y Auditivo Avanzado 1,Santos Gregorio Ana,L-J:2 TAL SAN LUCAS J:1 AYU AUD_202,Música,2026-1
11747,MUC713,2,Lectura y Auditivo Avanzado 1,Gonzalez Cristian,L-J:2 TAL SALA-MC J:1 AYU SIN SALA,Música,2026-1
21504,MUC713,3,Lectura y Auditivo Avanzado 1,Sepulveda Cristian,L-J:2 TAL SAN MARCOS J:1 AYU SIN SALA,Música,2026-1
11761,MUC715,1,Lectura y Auditivo Avanzado 3,Santos Gregorio Ana,L-W:5 TAL SAN JUAN J:2 AYU AUD_202,Música,2026-1
11755,MUC715,2,Lectura y Auditivo Avanzado 3,Duarte Cristian,L-W:5 TAL SALA-MC J:2 AYU SIN SALA,Música,2026-1
23793,MUC715,3,Lectura y Auditivo Avanzado 3,Sepulveda Cristian,L-W:5 TAL SAN LUCAS J:2 AYU SIN SALA,Música,2026-1
21384,MUC717A,1,Teclado Funcional 1,Sierralta Veronica,L:2 CLAS SALA-T V:1 AYU SALA-T,Música,2026-1
21387,MUC717A,2,Teclado Funcional 1,Sierralta Veronica,W:2 CLAS SALA-T V:1 AYU SALA-T,Música,2026-1
21388,MUC717A,3,Teclado Funcional 1,Sierralta Veronica,W:3 CLAS SALA-T V:2 AYU SALA-T,Música,2026-1
24152,MUC717A,4,Teclado Funcional 1,Sierralta Veronica,L:3 CLAS SALA-T V:2 AYU SALA-T,Música,2026-1
32116,MUC717A,5,Teclado Funcional 1,Sepulveda Cristian,M:2 CLAS SALA-T V:1 AYU SIN SALA,Música,2026-1
11820,MUC719,1,Armonía 1,Gonzalez Cristian,W:4 TAL SALA-T J:3 CLAS SAN JUAN,Música,2026-1
11826,MUC719,2,Armonía 1,Gonzalez Cristian,W:5 TAL SALA-T J:3 CLAS SAN JUAN,Música,2026-1
11834,MUC719,3,Armonía 1,Duarte Cristian,M:2 CLAS SAN JUAN J:3 TAL SALA-T,Música,2026-1
16685,MUC719,4,Armonía 1,Duarte Cristian,M:2 CLAS SAN JUAN J:4 TAL SALA-T,Música,2026-1
33868,MUC719,5,Armonía 1,Figueroa Eduardo,M-J:3 CLAS SALA-MC,Música,2026-1
26476,MUC721A,1,Armonía 3,Duarte Cristian,L:4 CLAS SAN JUAN W:6 TAL SALA-T,Música,2026-1
26487,MUC721A,2,Armonía 3,Duarte Cristian,L:4 CLAS SAN JUAN W:7 TAL SALA-T,Música,2026-1
26498,MUC721A,3,Armonía 3,Gonzalez Cristian,L:4 TAL SALA-T J:4 CLAS SAN JUAN,Música,2026-1
26500,MUC721A,4,Armonía 3,Gonzalez Cristian,L:5 TAL SALA-T J:4 CLAS SAN JUAN,Música,2026-1
11863,MUC723,1,Análisis 1,Quinteros Juan,W-V:2 CLAS AUD_202,Música,2026-1
11870,MUC725,1,Análisis 3,Koljatic Tomas,W-V:3 CLAS AUD_202,Música,2026-1
11883,MUC727,1,Contrapunto Vocal 1,Aranda Pablo,M-J:7 CLAS SAN MARCOS,Música,2026-1
32023,MUC728,1,Contrapunto Vocal 2,Aranda Pablo,M-J:8 CLAS SAN MARCOS,Música,2026-1
11899,MUC729,1,Contrapunto Instrumental 1,Guede Fernando,L:7 TAL SALA-LATEM M:4 CLAS COMPOSICIO,Música,2026-1
34062,MUC730,1,Contrapunto Instrumental 2,Guede Fernando,M:6 CLAS COMPOSICIO W:1 TAL COMPOSICIO,Música,2026-1
32060,MUC731A,1,Composición 1,Vergara Juan,"W:7,8 CLAS SALA-LATEM",Música,2026-1
32057,MUC733A,1,Composición 3,Aranda Pablo,V:8 CLAS COMPOSICIO,Música,2026-1
32058,MUC733A,2,Composición 3,Solovera Luciano,L:5 CLAS COMPOSICIO,Música,2026-1
32059,MUC733A,3,Composición 3,Vergara Juan,J:6 CLAS SALA-LATEM,Música,2026-1
32739,MUC733A,4,Composición 3,Vergara Juan,J:5 CLAS SALA-LATEM,Música,2026-1
32740,MUC733A,5,Composición 3,Solovera Luciano,M:5 CLAS COMPOSICIO,Música,2026-1
32803,MUC735,1,Composición 5,Solovera Luciano,L:7 CLAS COMPOSICIO,Música,2026-1
32804,MUC735,2,Composición 5,Aranda Pablo,V:7 CLAS COMPOSICIO,Música,2026-1
32805,MUC735,3,Composición 5,Vergara Juan,J:7 CLAS COMPOSICIO,Música,2026-1
11964,MUC737,1,Composición 7,Solovera Luciano,L:6 CLAS COMPOSICIO,Música,2026-1
11978,MUC737,2,Composición 7,Farias Miguel,M:5 CLAS SALA-LATEM,Música,2026-1
23326,MUC737,3,Composición 7,Morales Cristian,M:7 CLAS COMPOSICIO,Música,2026-1
26506,MUC737,4,Composición 7,Aranda Pablo,V:6 CLAS COMPOSICIO,Música,2026-1
27999,MUC737,5,Composición 7,Vergara Juan,M:7 CLAS SALA-LATEM,Música,2026-1
32828,MUC737,6,Composición 7,Solovera Luciano,M:3 CLAS SALA-LATEM,Música,2026-1
32829,MUC737,7,Composición 7,Solovera Luciano,M:4 CLAS SALA-LATEM,Música,2026-1
32832,MUC737,8,Composición 7,Farias Miguel,M:6 CLAS SALA-LATEM,Música,2026-1
11985,MUC739,1,Organología,Guede Fernando,M:2 CLAS COMPOSICIO,Música,2026-1
12007,MUC741,1,Orquestación e Instrumentación 1,Guede Fernando,M:3 CLAS COMPOSICIO,Música,2026-1
12014,MUC741,2,Orquestación e Instrumentación 1,Vergara Juan,W:5 CLAS COMPOSICIO,Música,2026-1
24181,MUC741,3,Orquestación e Instrumentación 1,Aranda Pablo,J:6 CLAS COMPOSICIO,Música,2026-1
12019,MUC743,1,Introducción a la Musicología,Vera Alejandro,W-V:4 CLAS SAN LUCAS,Música,2026-1
31343,MUC748A,1,Musicología Histórica,Sentis Catalina,L-J:3 CLAS SALA-LATEM,Música,2026-1
33136,MUC750A,1,Seminario de Grado 1,Izquierdo Jose,: CLAS SIN SALA,Música,2026-1
30472,MUC752A,1,Música Tradicional en Chile y Latinoamérica,Diaz Leonardo,"M:7,8 CLAS AUD_201",Música,2026-1
31368,MUC753A,1,Notación y Edición Musical,Sentis Catalina,L-J:1 CLAS SALA-LATEM,Música,2026-1
12080,MUC762,1,Lectura de Partituras 1,Rodriguez Danilo,L:1 CLAS SALA-T,Música,2026-1
12086,MUC764,1,Lectura de Partituras 3,Rodriguez Danilo,W:1 TAL SALA-T,Música,2026-1
33137,MUC766A,1,Alfabeto Fonético Internacional (Ipa),Cortes Mauricio,L-W:6 CLAS SALA-MC,Música,2026-1
12092,MUC767,1,Expresión Corporal,Fuentes Cristina,W:1 CLAS C-CORO V:1 TAL C-CORO,Música,2026-1
21543,MUC768A,1,Educación de la Voz 1,Silva Doris,M:2 CLAS C-CORO,Música,2026-1
23329,MUC770A,1,Educación de la Voz 3,Silva Doris,J:2 CLAS C-CORO,Música,2026-1
19668,MUC771,1,Literatura Musical 1,Subiabre Malucha,"L:7,8 CLAS SIN SALA",Música,2026-1
12117,MUC773,1,Literatura Musical 3,Muñoz Hugo,"M:5,6 CLAS SAN LUCAS",Música,2026-1
12121,MUC775,1,Música de Cámara 1,Tagle Alejandro,: CLAS SIN SALA,Música,2026-1
12130,MUC776,1,Música de Cámara 2,Tagle Alejandro,: CLAS SIN SALA,Música,2026-1
12138,MUC777,1,Música de Cámara 3,Tagle Alejandro,: CLAS SIN SALA,Música,2026-1
12146,MUC778,1,Música de Cámara 4,Tagle Alejandro,: CLAS SIN SALA,Música,2026-1
12153,MUC779,1,Música de Cámara 5,Tagle Alejandro,: CLAS SIN SALA,Música,2026-1
12161,MUC780,1,Música de Cámara 6,Tagle Alejandro,: CLAS SIN SALA,Música,2026-1
12188,MUC789,1,Taller de Ópera 1,Sabate Patricio,"M:5,6,7 TAL C-CORO",Música,2026-1
32880,MUC791,1,Taller de Ópera 3,Sabate Patricio,"M:5,6,7 CLAS C-CORO",Música,2026-1
12254,MUC801,1,Tablatura,Figueroa Eduardo,M:2 CLAS SALA-MA,Música,2026-1
25596,MUC810A,1,"Repertorio Orquestal: Preparación para Concurso de Orquesta 1 Cuerdas Altas (Violín, Viola)",Dourthe Alberto,: CLAS SIN SALA,Música,2026-1
27121,MUC810A,2,"Repertorio Orquestal: Preparación para Concurso de Orquesta 1 Cuerdas Altas (Violín, Viola)",Muñoz Miguel,: CLAS SIN SALA,Música,2026-1
32061,MUC810A,3,"Repertorio Orquestal: Preparación para Concurso de Orquesta 1 Cuerdas Altas (Violín, Viola)",Muñoz Miguel,: CLAS SIN SALA,Música,2026-1
26517,MUC810B,1,"Repertorio Orquestal:Preparación para Concurso de Orquesta 1 Cuerdas Bajas (Violoncello, Contrabajo)",Arenas Carlos,: CLAS SIN SALA,Música,2026-1
26516,MUC810C,1,Repertorio Orquestal:Preparación para Curso de Orquesta 1- Maderas,Pinzon Jorge,: CLAS SIN SALA,Música,2026-1
31362,MUC810C,2,Repertorio Orquestal:Preparación para Curso de Orquesta 1- Maderas,Pinzon Jorge,: CLAS SIN SALA,Música,2026-1
32915,MUC810C,3,Repertorio Orquestal:Preparación para Curso de Orquesta 1- Maderas,Pinzon Jorge,: CLAS SIN SALA,Música,2026-1
29506,MUC810D,1,Repertorio Orquestal:Preparación para Concurso de Orquesta 1- Bronces,Contreras Javier,: CLAS SIN SALA,Música,2026-1
24160,MUC810E,1,Repertorio Orquestal: Preparación para Concurso de Orquesta 1-Percusión,Salazar Gerardo,: CLAS SIN SALA,Música,2026-1
12393,MUC828,1,Taller Bajo Continuo 1,Brandi Camilo,M:5 TAL SALA-MA,Música,2026-1
32916,MUC830,1,Taller Bajo Continuo 3,Sierralta Veronica,M:6 CLAS SALA-MA,Música,2026-1
28637,MUC834A,1,Taller Música Barroca 1,Candia Sergio,: CLAS SIN SALA,Música,2026-1
28638,MUC835A,1,Taller Música Barroca 2,Candia Sergio,: CLAS SIN SALA,Música,2026-1
28639,MUC836A,1,Taller Música Barroca 3,Candia Sergio,: CLAS SIN SALA,Música,2026-1
28640,MUC837A,1,Taller Música Barroca 4,Candia Sergio,: CLAS SIN SALA,Música,2026-1
27334,MUC856A,1,Nueva Música para Piano 1,Latorre Luis,: CLAS SIN SALA,Música,2026-1
18139,MUC859,1,"Introducción a la Música, Ciencia y Tecnología",Cadiz Rodrigo,"M:5,6 CLAS D302",Música,2026-1
34063,MUC864,1,Taller de Composición Electroacústica,Morales Cristian,: CLAS SIN SALA,Música,2026-1
24889,MUC867A,1,Teoría y Tratados Musicales del Renacimiento Barroco,Allende Gina,"J:6,7 CLAS SAN LUCAS",Música,2026-1
32921,MUC869A,1,Nueva Música para Flauta Traversa 1,Fischer Adriana,: CLAS SIN SALA,Música,2026-1
20191,MUC872,1,La Interpretación Musical: Proceso y Resultado,"Carvallo Antonio, Bardavid Florencia","M:1,2 CLAS AULA-MAGNA",Música,2026-1
12539,MUC873,1,Conciencia Corporal para Músicos,Fuentes Cristina,W-V:2 CLAS C-CORO,Música,2026-1
25757,MUC874A,1,Batería,Muga Gonzalo,: CLAS SIN SALA,Música,2026-1
12562,MUC876,1,Fonética Italiana,Silva Doris,V:2 CLAS SAN LUCAS,Música,2026-1
23365,MUC877,1,Fonética Francesa,Godoy Claudia,V:7 CLAS SAN MARCOS,Música,2026-1
12575,MUC880,1,Fisiología de la Voz,Cortes Mauricio,"J:5,6 CLAS SALA-MC",Música,2026-1
31878,MUC881,1,Contrapunto Bachiano,Guede Fernando,M:1 CLAS COMPOSICIO W:3 CLAS COMPOSICIO,Música,2026-1
15942,MUC884,1,Introducción a la Audición Musical,Koljatic Tomas,M-V:7 CLAS AUD_202,Música,2026-1
31401,MUC884,2,Introducción a la Audición Musical,Allende Gina,"L:3,4 CLAS CS403",Música,2026-1
27123,MUC885A,1,"Repertorio Orquestal: Preparación para Concurso de Orquesta 3 Cuerdas Altas (Violín, Viola)",Dourthe Alberto,: CLAS SIN SALA,Música,2026-1
31402,MUC885A,2,"Repertorio Orquestal: Preparación para Concurso de Orquesta 3 Cuerdas Altas (Violín, Viola)",Muñoz Miguel,: CLAS SIN SALA,Música,2026-1
29523,MUC885A,3,"Repertorio Orquestal: Preparación para Concurso de Orquesta 3 Cuerdas Altas (Violín, Viola)",Muñoz Miguel,: CLAS SIN SALA,Música,2026-1
28005,MUC885B,1,"Repertorio Orquestal: Preparación para Concurso de Orquesta 3 Cuerdas Bajas (Violoncello, Contrabajo",López Celso,: CLAS SIN SALA,Música,2026-1
32970,MUC885B,2,"Repertorio Orquestal: Preparación para Concurso de Orquesta 3 Cuerdas Bajas (Violoncello, Contrabajo",Arenas Carlos,: CLAS SIN SALA,Música,2026-1
24159,MUC885C,1,Repertorio Orquestal: Preparación para Concurso de Orquesta 3 Maderas,Lavado Guillermo,: CLAS SIN SALA,Música,2026-1
32979,MUC885C,2,Repertorio Orquestal: Preparación para Concurso de Orquesta 3 Maderas,Fischer Adriana,: CLAS SIN SALA,Música,2026-1
32039,MUC885D,1,Repertorio Orquestal: Preparación para Concurso de Orquesta 3 Bronces,Quintanilla Hermes,: CLAS SIN SALA,Música,2026-1
32980,MUC885D,2,Repertorio Orquestal: Preparación para Concurso de Orquesta 3 Bronces,Contreras Javier,: CLAS SIN SALA,Música,2026-1
32981,MUC885D,3,Repertorio Orquestal: Preparación para Concurso de Orquesta 3 Bronces,Contreras Javier,: CLAS SIN SALA,Música,2026-1
26521,MUC885E,1,Repertorio Orquestal: Preparación para Concurso de Orquesta 3 Percusión,Salazar Gerardo,: CLAS SIN SALA,Música,2026-1
24165,MUC887A,1,Canción de Arte 1,Del Pozo Rodrigo,W:4 CLAS SIN SALA,Música,2026-1
27212,MUC889,1,Entrenamiento Vocal para Músicos,Silva Doris,M-J:3 CLAS SAN LUCAS,Música,2026-1
31517,MUC891,1,Culturas Musicales del Mundo,Diaz Leonardo,"M:5,6 CLAS AUD_202",Música,2026-1
28965,MUC901A,1,Violín 1,Silva Oriana,: CLAS SIN SALA,Música,2026-1
28966,MUC901A,2,Violín 1,Tieu Tiffany,: CLAS SIN SALA,Música,2026-1
30651,MUC901A,3,Violín 1,Dourthe Alberto,: CLAS SIN SALA,Música,2026-1
28622,MUC901B,1,Viola 1,Rossi Georgina,: CLAS SIN SALA,Música,2026-1
28623,MUC901C,1,Violonchelo 1,López Celso,: CLAS SIN SALA,Música,2026-1
30200,MUC901D,1,Contrabajo 1,Arenas Carlos,: CLAS SIN SALA,Música,2026-1
31814,MUC901D,2,Contrabajo 1,Reyes Jose,: CLAS SIN SALA,Música,2026-1
30201,MUC901E,1,Flauta Traversa 1,Lavado Guillermo,: CLAS SIN SALA,Música,2026-1
29008,MUC901G,1,Clarinete 1,Medina David,: CLAS SIN SALA,Música,2026-1
28625,MUC901H,1,Fagot 1,Miranda Monzerrat,: CLAS SIN SALA,Música,2026-1
30205,MUC901J,1,Trompeta 1,Contreras Javier,: CLAS SIN SALA,Música,2026-1
33985,MUC901M,1,Tuba 1,Parker Michael,: CLAS,Música,2026-1
31818,MUC901N,1,Piano 1,Alarcón Enrique,: CLAS SIN SALA,Música,2026-1
33989,MUC901N,2,Piano 1,Hong Eun,: CLAS SIN SALA,Música,2026-1
33990,MUC901N,3,Piano 1,Rosas Constanza,: CLAS SIN SALA,Música,2026-1
28628,MUC901P,1,Percusión 1,Lopez Joaquin,: CLAS SIN SALA,Música,2026-1
31817,MUC901P,2,Percusión 1,Salazar Gerardo,: CLAS SIN SALA,Música,2026-1
33991,MUC901P,3,Percusión 1,Vilca Cesar,: CLAS SIN SALA,Música,2026-1
28632,MUC901Q,1,Canto 1,Del Pozo Rodrigo,: CLAS SIN SALA,Música,2026-1
28958,MUC901Q,2,Canto 1,Pereira Claudia,: CLAS SIN SALA,Música,2026-1
32112,MUC901Q,3,Canto 1,Sabate Patricio,: CLAS,Música,2026-1
33988,MUC901S,1,Flauta Dulce 1,Candia Sergio,: CLAS SIN SALA,Música,2026-1
33986,MUC901T,1,Viola Da Gamba 1,Bardavid Florencia,: CLAS SIN SALA,Música,2026-1
33987,MUC901V,1,Clavecín 1,Brandi Camilo,: CLAS SIN SALA,Música,2026-1
31811,MUC901W,1,Arpa 1,Chiossi Maria,: CLAS SIN SALA,Música,2026-1
30202,MUC901Z,1,Guitarra 1,Castro Luis,: CLAS SIN SALA,Música,2026-1
30203,MUC901Z,2,Guitarra 1,Escobar José,: CLAS SIN SALA,Música,2026-1
32070,MUC902Q,1,Canto 2,Del Pozo Rodrigo,: CLAS SIN SALA,Música,2026-1
26901,MUC902R,1,Dirección Coral 2,Ramos Gerard,"M:5,6,7 CLAS SAN JUAN",Música,2026-1
28442,MUC903A,1,Violín 3,Tieu Tiffany,: CLAS SIN SALA,Música,2026-1
28443,MUC903A,2,Violín 3,Silva Oriana,: CLAS SIN SALA,Música,2026-1
28444,MUC903A,3,Violín 3,Beltran Gonzalo,: CLAS SIN SALA,Música,2026-1
32170,MUC903A,4,Violín 3,Dourthe Alberto,: CLAS SIN SALA,Música,2026-1
32428,MUC903B,1,Viola 3,Rossi Georgina,: CLAS SIN SALA,Música,2026-1
31742,MUC903C,1,Violonchelo 3,Tagle Alejandro,: CLAS SIN SALA,Música,2026-1
28454,MUC903D,1,Contrabajo 3,Reyes Jose,: CLAS SIN SALA,Música,2026-1
32541,MUC903D,2,Contrabajo 3,Arenas Carlos,: CLAS SIN SALA,Música,2026-1
31743,MUC903E,1,Flauta Traversa 3,Lavado Guillermo,: CLAS SIN SALA,Música,2026-1
34101,MUC903E,2,Flauta Traversa 3,Fischer Adriana,: CLAS SIN SALA,Música,2026-1
30232,MUC903F,1,Oboe 3,Pinzon Jorge,: CLAS SIN SALA,Música,2026-1
23259,MUC903G,1,Clarinete 3,Medina David,: CLAS SIN SALA,Música,2026-1
24553,MUC903H,1,Fagot 3,Miranda Monzerrat,: CLAS SIN SALA,Música,2026-1
30233,MUC903I,1,Saxofón 3,Rivas Alejandro,: CLAS SIN SALA,Música,2026-1
31744,MUC903J,1,Trompeta 3,Quintanilla Hermes,: CLAS SIN SALA,Música,2026-1
32542,MUC903J,2,Trompeta 3,Contreras Javier,: CLAS SIN SALA,Música,2026-1
32433,MUC903K,1,Trombón 3,Montalvan Hector,: CLAS SIN SALA,Música,2026-1
23838,MUC903N,1,Piano 3,Alarcón Enrique,: CLAS SIN SALA,Música,2026-1
23281,MUC903P,1,Percusión 3,Lopez Joaquin,: CLAS SIN SALA,Música,2026-1
23282,MUC903P,2,Percusión 3,Salazar Gerardo,: CLAS SIN SALA,Música,2026-1
23125,MUC903Q,1,Canto 3,Del Pozo Rodrigo,: CLAS SIN SALA,Música,2026-1
31745,MUC903Q,2,Canto 3,Sabate Patricio,: CLAS SIN SALA,Música,2026-1
34109,MUC903Q,3,Canto 3,Pereira Claudia,: CLAS,Música,2026-1
32434,MUC903W,1,Arpa 3,Chiossi Maria,: CLAS SIN SALA,Música,2026-1
31746,MUC903Z,1,Guitarra 3,Castro Luis,: CLAS SIN SALA,Música,2026-1
31747,MUC903Z,2,Guitarra 3,Escobar José,: CLAS SIN SALA,Música,2026-1
31748,MUC903Z,3,Guitarra 3,Orlandini Luis,: CLAS SIN SALA,Música,2026-1
32424,MUC904Q,1,Canto 4,Sabate Patricio,: CLAS SIN SALA,Música,2026-1
32435,MUC904Z,1,Guitarra 4,Castro Luis,: CLAS SIN SALA,Música,2026-1
34122,MUC904Z,2,Guitarra 4,Orlandini Luis,: CLAS,Música,2026-1
23233,MUC905A,1,Violín 5,Silva Oriana,: CLAS SIN SALA,Música,2026-1
23234,MUC905A,2,Violín 5,Beltran Gonzalo,: CLAS SIN SALA,Música,2026-1
32436,MUC905C,1,Violonchelo 5,Osten Martin,: CLAS SIN SALA,Música,2026-1
28469,MUC905D,1,Contrabajo 5,Arenas Carlos,: CLAS SIN SALA,Música,2026-1
32437,MUC905E,1,Flauta Traversa 5,Lavado Guillermo,: CLAS SIN SALA,Música,2026-1
31750,MUC905F,1,Oboe 5,Pinzon Jorge,: CLAS SIN SALA,Música,2026-1
28483,MUC905G,1,Clarinete 5,Medina David,: CLAS SIN SALA,Música,2026-1
28485,MUC905H,1,Fagot 5,Miranda Monzerrat,: CLAS SIN SALA,Música,2026-1
31751,MUC905I,1,Saxofón 5,Rivas Alejandro,: CLAS SIN SALA,Música,2026-1
32438,MUC905J,1,Trompeta 5,Quintanilla Hermes,: CLAS SIN SALA,Música,2026-1
28490,MUC905L,1,Corno 5,Cáceres Eugenio,: CLAS SIN SALA,Música,2026-1
28492,MUC905N,1,Piano 5,Hong Eun,: CLAS SIN SALA,Música,2026-1
28515,MUC905P,1,Percusión 5,Salazar Gerardo,: CLAS SIN SALA,Música,2026-1
31753,MUC905P,2,Percusión 5,Vilca Cesar,: CLAS SIN SALA,Música,2026-1
32553,MUC905P,3,Percusión 5,Lopez Joaquin,: CLAS SIN SALA,Música,2026-1
31754,MUC905Q,1,Canto 5,Del Pozo Rodrigo,: CLAS SIN SALA,Música,2026-1
31755,MUC905Q,2,Canto 5,Sabate Patricio,: CLAS SIN SALA,Música,2026-1
32071,MUC905V,1,Clavecín 5,Brandi Camilo,: CLAS SIN SALA,Música,2026-1
32439,MUC905Z,1,Guitarra 5,Castro Luis,: CLAS SIN SALA,Música,2026-1
32440,MUC905Z,2,Guitarra 5,Escobar José,: CLAS SIN SALA,Música,2026-1
33997,MUC906F,1,Oboe 6,Pinzon Jorge,: CLAS SIN SALA,Música,2026-1
32442,MUC906N,1,Piano 6,Rosas Constanza,: CLAS SIN SALA,Música,2026-1
32443,MUC906N,2,Piano 6,Hong Eun,: CLAS SIN SALA,Música,2026-1
32444,MUC906Q,1,Canto 6,Del Pozo Rodrigo,: CLAS SIN SALA,Música,2026-1
26908,MUC906R,1,Dirección Coral 6,Ramos Gerard,"M:5,6 CLAS SAN JUAN",Música,2026-1
33005,MUC906R,2,Dirección Coral 6,Ramos Felipe,"M:5,6 CLAS SAN JUAN",Música,2026-1
32072,MUC906V,1,Clavecín 6,Brandi Camilo,: CLAS SIN SALA,Música,2026-1
28534,MUC907A,1,Violín 7,Tieu Tiffany,: CLAS SIN SALA,Música,2026-1
28539,MUC907A,2,Violín 7,Dirección Docente,: CLAS SIN SALA,Música,2026-1
28866,MUC907A,3,Violín 7,Silva Oriana,: CLAS SIN SALA,Música,2026-1
32066,MUC907A,4,Violín 7,Beltran Gonzalo,: CLAS SIN SALA,Música,2026-1
30067,MUC907B,1,Viola 7,Rossi Georgina,: CLAS SIN SALA,Música,2026-1
28540,MUC907D,1,Contrabajo 7,Arenas Carlos,: CLAS SIN SALA,Música,2026-1
32446,MUC907F,1,Oboe 7,Pinzon Jorge,: CLAS SIN SALA,Música,2026-1
30069,MUC907G,1,Clarinete 7,Medina David,: CLAS SIN SALA,Música,2026-1
28545,MUC907H,1,Fagot 7,Miranda Monzerrat,: CLAS SIN SALA,Música,2026-1
32447,MUC907I,1,Saxofón 7,Rivas Alejandro,: CLAS SIN SALA,Música,2026-1
30073,MUC907L,1,Corno 7,Ibañez Jaime,: CLAS SIN SALA,Música,2026-1
32563,MUC907L,2,Corno 7,Cáceres Eugenio,: CLAS SIN SALA,Música,2026-1
28548,MUC907N,1,Piano 7,Rosas Constanza,: CLAS SIN SALA,Música,2026-1
30074,MUC907P,1,Percusión 7,Salazar Gerardo,: CLAS SIN SALA,Música,2026-1
32069,MUC907P,2,Percusión 7,Vilca Cesar,: CLAS SIN SALA,Música,2026-1
32448,MUC907Q,1,Canto 7,Pereira Claudia,: CLAS SIN SALA,Música,2026-1
32449,MUC907Q,2,Canto 7,Del Pozo Rodrigo,: CLAS SIN SALA,Música,2026-1
31763,MUC908A,1,Violín 8,Ansaldi Frida,: CLAS SIN SALA,Música,2026-1
30081,MUC908D,1,Contrabajo 8,Reyes Jose,: CLAS SIN SALA,Música,2026-1
32450,MUC908P,1,Percusión 8,Salazar Gerardo,: CLAS SIN SALA,Música,2026-1
32451,MUC908P,2,Percusión 8,Lopez Joaquin,: CLAS SIN SALA,Música,2026-1
28017,MUC908R,1,Dirección Coral 8,Ramos Felipe,"W:5,6 CLAS SAN JUAN",Música,2026-1
28561,MUC909A,1,Violín 9,Beltran Gonzalo,: CLAS SIN SALA,Música,2026-1
28562,MUC909A,2,Violín 9,Tieu Tiffany,: CLAS SIN SALA,Música,2026-1
28563,MUC909A,3,Violín 9,Silva Oriana,: CLAS SIN SALA,Música,2026-1
32130,MUC909A,4,Violín 9,Ansaldi Frida,: CLAS SIN SALA,Música,2026-1
31768,MUC909B,1,Viola 9,Rossi Georgina,: CLAS SIN SALA,Música,2026-1
28565,MUC909D,1,Contrabajo 9,Reyes Jose,: CLAS SIN SALA,Música,2026-1
32492,MUC909E,1,Flauta Traversa 9,Fischer Adriana,: CLAS SIN SALA,Música,2026-1
31770,MUC909G,1,Clarinete 9,Medina David,: CLAS SIN SALA,Música,2026-1
30087,MUC909H,1,Fagot 9,Miranda Monzerrat,: CLAS SIN SALA,Música,2026-1
31771,MUC909J,1,Trompeta 9,Contreras Javier,: CLAS SIN SALA,Música,2026-1
31773,MUC909K,1,Trombón 9,Montalvan Hector,: CLAS SIN SALA,Música,2026-1
31774,MUC909L,1,Corno 9,Ibañez Jaime,: CLAS SIN SALA,Música,2026-1
32494,MUC909M,1,Tuba 9,Parker Michael,: CLAS SIN SALA,Música,2026-1
28573,MUC909N,1,Piano 9,Chung Liza,: CLAS SIN SALA,Música,2026-1
32566,MUC909N,2,Piano 9,Rosas Constanza,: CLAS SIN SALA,Música,2026-1
28575,MUC909P,1,Percusión 9,Lopez Joaquin,: CLAS SIN SALA,Música,2026-1
31775,MUC909P,2,Percusión 9,Salazar Gerardo,: CLAS SIN SALA,Música,2026-1
28586,MUC909Z,1,Guitarra 9,Castro Luis,: CLAS SIN SALA,Música,2026-1
32496,MUC910B,1,Viola 10,Rossi Georgina,: CLAS SIN SALA,Música,2026-1
32499,MUC910C,1,Violonchelo 10,Osten Martin,: CLAS SIN SALA,Música,2026-1
32502,MUC910D,1,Contrabajo 10,Reyes Jose,: CLAS SIN SALA,Música,2026-1
32504,MUC910E,1,Flauta Traversa 10,Lavado Guillermo,: CLAS SIN SALA,Música,2026-1
32506,MUC910F,1,Oboe 10,Pinzon Jorge,: CLAS SIN SALA,Música,2026-1
32507,MUC910K,1,Trombón 10,Montalvan Hector,: CLAS SIN SALA,Música,2026-1
30179,MUC910Q,1,Canto 10,Sabate Patricio,: CLAS SIN SALA,Música,2026-1
32569,MUC910Q,2,Canto 10,Pereira Claudia,: CLAS SIN SALA,Música,2026-1
30181,MUC910R,1,Dirección Coral 10,Ramos Felipe,"M:5,6 CLAS SAN JUAN",Música,2026-1
28588,MUC911A,1,Violín 11,Tieu Tiffany,: CLAS SIN SALA,Música,2026-1
30186,MUC911A,2,Violín 11,Silva Oriana,: CLAS SIN SALA,Música,2026-1
30185,MUC911A,3,Violín 11,Ansaldi Frida,: CLAS SIN SALA,Música,2026-1
32570,MUC911A,4,Violín 11,Dourthe Alberto,: CLAS SIN SALA,Música,2026-1
32571,MUC911A,5,Violín 11,Beltran Gonzalo,: CLAS SIN SALA,Música,2026-1
32508,MUC911B,1,Viola 11,Rossi Georgina,: CLAS SIN SALA,Música,2026-1
32509,MUC911C,1,Violonchelo 11,Osten Martin,: CLAS SIN SALA,Música,2026-1
30188,MUC911D,1,Contrabajo 11,Reyes Jose,: CLAS SIN SALA,Música,2026-1
32510,MUC911G,1,Clarinete 11,Medina David,: CLAS SIN SALA,Música,2026-1
31781,MUC911H,1,Fagot 11,Miranda Monzerrat,: CLAS SIN SALA,Música,2026-1
32512,MUC911J,1,Trompeta 11,Quintanilla Hermes,: CLAS SIN SALA,Música,2026-1
32513,MUC911J,2,Trompeta 11,Contreras Javier,: CLAS SIN SALA,Música,2026-1
32514,MUC911K,1,Trombón 11,Montalvan Hector,: CLAS SIN SALA,Música,2026-1
32515,MUC911L,1,Corno 11,Ibañez Jaime,: CLAS SIN SALA,Música,2026-1
28589,MUC911N,1,Piano 11,Chung Liza,: CLAS SIN SALA,Música,2026-1
28592,MUC911P,1,Percusión 11,Vilca Cesar,: CLAS SIN SALA,Música,2026-1
32572,MUC911P,2,Percusión 11,Salazar Gerardo,: CLAS SIN SALA,Música,2026-1
32516,MUC911Q,1,Canto 11,Pereira Claudia,: CLAS SIN SALA,Música,2026-1
32517,MUC911Q,2,Canto 11,Sabate Patricio,: CLAS SIN SALA,Música,2026-1
28598,MUC911Z,1,Guitarra 11,Escobar José,: CLAS SIN SALA,Música,2026-1
31783,MUC911Z,2,Guitarra 11,Orlandini Luis,: CLAS SIN SALA,Música,2026-1
31784,MUC911Z,3,Guitarra 11,Castro Luis,: CLAS SIN SALA,Música,2026-1
32518,MUC912H,1,Fagot 12,Miranda Monzerrat,: CLAS SIN SALA,Música,2026-1
32068,MUC912N,1,Piano 12,Hong Eun,: CLAS SIN SALA,Música,2026-1
32574,MUC912N,2,Piano 12,Alarcón Enrique,: CLAS SIN SALA,Música,2026-1
31788,MUC912Q,1,Canto 12,Del Pozo Rodrigo,: CLAS SIN SALA,Música,2026-1
31789,MUC912Z,1,Guitarra 12,Orlandini Luis,: CLAS SIN SALA,Música,2026-1
23693,MUC913,1,Práctica de Conjunto 1,Rivas Alejandro,: CLAS SIN SALA,Música,2026-1
23839,MUC913,2,Práctica de Conjunto 1,Vilca Cesar,: CLAS SIN SALA,Música,2026-1
28893,MUC913,3,Práctica de Conjunto 1,Castro Luis,: CLAS SIN SALA,Música,2026-1
23807,MUC915,1,Práctica de Conjunto 3,Vilca Cesar,: CLAS SIN SALA,Música,2026-1
29536,MUC915,2,Práctica de Conjunto 3,Montalvan Hector,: CLAS SIN SALA,Música,2026-1
26553,MUC917,1,Danzas Renacentistas,Vela Ana,"V:5,6 TAL SAN MARCOS",Música,2026-1
27278,MUC922,1,Nueva Música para Guitarra 1,Escobar José,: CLAS SIN SALA,Música,2026-1
23387,MUC925,1,Repertorio Pianístico 2,Rosas Constanza,L:2 CLAS MECESUP-1,Música,2026-1
28001,MUC928,1,Taller de Ópera 5,Sabate Patricio,"M:5,6,7 CLAS C-CORO",Música,2026-1
24721,MUC941,1,Práctica Orquestal 1,"Montalvan Hector, López Celso",: CLAS SIN SALA,Música,2026-1
29610,MUC942,1,Práctica Orquestal 2,"Montalvan Hector, López Celso",: CLAS SIN SALA,Música,2026-1
24722,MUC943,1,Práctica Orquestal 3,"Montalvan Hector, López Celso",: CLAS SIN SALA,Música,2026-1
29611,MUC944,1,Práctica Orquestal 4,"Montalvan Hector, López Celso",: CLAS SIN SALA,Música,2026-1
27450,MUC945,1,Práctica Orquestal 5,"Montalvan Hector, López Celso",: CLAS SIN SALA,Música,2026-1
29612,MUC946,1,Práctica Orquestal 6,"Montalvan Hector, López Celso",: CLAS SIN SALA,Música,2026-1
24185,MUC957,1,"Mujer, Música e Historia","Silva Doris, Subiabre Malucha","L:1,2 CLAS AP202",Música,2026-1
24526,MUC958,1,La Música en Nuestro Tiempo,"Carvallo Antonio, Aranda Pablo","L:7,8 CLAS SIN SALA",Música,2026-1
24865,MUC960,1,La Experiencia de las Artes,Diaz Leonardo,"M:1,2 CLAS N6",Música,2026-1
26554,MUC961,1,Música Sacra,"Ramos Felipe, Rodriguez Danilo","J:5,6 CLAS A_301",Música,2026-1
31554,MUC963,1,Gestión Cultural,Sentis Catalina,"M:3,4 CLAS SAN MARCOS",Música,2026-1
29619,MUC965,1,La Experiencia Musical:De la Física a la Cognición,Silva Doris,"W:1,2 CLAS N13-B",Música,2026-1
27884,EES1000,1,Introducción a la Educación Especial,"Assael Cecilia, Lissi Maria","W:5,6 CLAS N13-A",Psicología,2026-1
27430,ESM02PS,1,Psicología,"Carre David, Jimenez Gloria",: CLAS SIN SALA,Psicología,2026-1
27431,ESM02PS,2,Psicología,"Contreras Fernando, Jimenez Gloria",: CLAS SIN SALA,Psicología,2026-1
27432,ESM02PS,3,Psicología,"Jeria Trinidad, Jimenez Gloria",: CLAS SIN SALA,Psicología,2026-1
27433,ESM02PS,4,Psicología,"Rodriguez Laura, Jimenez Gloria",: CLAS SIN SALA,Psicología,2026-1
27434,ESM02PS,5,Psicología,"Aguirre Antonia, Jimenez Gloria",: CLAS SIN SALA,Psicología,2026-1
27435,ESM02PS,6,Psicología,"Perez-Cotapos Maria, Jimenez Gloria",: CLAS SIN SALA,Psicología,2026-1
27436,ESM02PS,7,Psicología,"Osorio Marcela, Jimenez Gloria",: CLAS SIN SALA,Psicología,2026-1
30581,ESM03PS,1,Comportamiento Organizacional,"Persico Alejandro, Jimenez Gloria",: CLAS SIN SALA,Psicología,2026-1
25104,PSG002,1,Arte y Creación Plástica para el Bienestar Personal y Social: Un Enfoque Narrativo,Cerfogli Claudia,"W:5,6 CLAS J1",Psicología,2026-1
12887,PSI1101,1,Procesos Psicológicos Básicos,Carre David,"M:5,6 CLAS AE105 V:1 AYU C200",Psicología,2026-1
21582,PSI1101,2,Procesos Psicológicos Básicos,Carre David,"M:1,2 CLAS AE001 V:1 AYU AE004",Psicología,2026-1
12889,PSI1101,3,Procesos Psicológicos Básicos,Espinoza María,"J:1,2 CLAS AE001 V:1 AYU AE107",Psicología,2026-1
12890,PSI1101,4,Procesos Psicológicos Básicos,Rodriguez Laura,"M:1,2 CLAS AE105 V:1 AYU CS204",Psicología,2026-1
12883,PSI1101,5,Procesos Psicológicos Básicos,Ceric Francisco,"W:4 AYU CS204 V:5,6 CLAS CS303",Psicología,2026-1
12892,PSI1101,6,Procesos Psicológicos Básicos,Lopez Vladimir,"M:1,2 CLAS CS303 V:1 AYU CS303",Psicología,2026-1
12894,PSI1101,7,Procesos Psicológicos Básicos,Carvacho Hector,"M:5,6 CLAS AE201 V:1 AYU AE105",Psicología,2026-1
15296,PSI1101,8,Procesos Psicológicos Básicos,Preiss David,"M:5,6 CLAS AE004 V:1 AYU AE001",Psicología,2026-1
18902,PSI1103,1,Historia de la Psicología,Perez-Cotapos Maria,"M:3,4 CLAS N8 J:4 AYU AE102",Psicología,2026-1
18903,PSI1103,2,Historia de la Psicología,Paredes Javiera,"L:1,2 CLAS E10 J:4 AYU N8",Psicología,2026-1
29291,PSI1105,1,Psicología del Aprendizaje,"Sebastián Christian, Sanhueza Macarena","J:1,2,3 CLAS AP201",Psicología,2026-1
22696,PSI1201,1,Psicología del Desarrollo II,Andaur Ana,"V:2 AYU N13-A V:3,4 CLAS D104",Psicología,2026-1
22697,PSI1201,2,Psicología del Desarrollo II,Sebastián Christian,"W:1,2,3 CLAS AG3",Psicología,2026-1
20741,PSI1201,3,Psicología del Desarrollo II,Grudechut Ivan,"W:1,2,3 CLAS AG2",Psicología,2026-1
15365,PSI1205,1,Psicología Social,Carvacho Hector,"W:5,6 CLAS NT201 J:4 AYU NT201",Psicología,2026-1
20704,PSI1205,2,Psicología Social,Manzi Jorge,"W:5,6 CLAS S9 J:4 AYU CS303",Psicología,2026-1
20705,PSI1205,3,Psicología Social,Gonzalez Roberto,"W:5,6 CLAS AE004 J:4 AYU AE101",Psicología,2026-1
12932,PSI2301,1,Métodos de Investigación Cuantitativa,"Carrasco Diego, Castillo Carolina","M:3,4 CLAS AUD_J M:5 AYU NT203",Psicología,2026-1
12929,PSI2301,2,Métodos de Investigación Cuantitativa,Morales Maria,"M:3,4 CLAS NT203 M:5 AYU NT202",Psicología,2026-1
12931,PSI2301,3,Métodos de Investigación Cuantitativa,Gonzalez Roberto,"L:4 AYU N11 M:3,4 CLAS J4",Psicología,2026-1
15324,PSI2301,4,Métodos de Investigación Cuantitativa,Torres David,"M:3,4 CLAS ID300 M:5 AYU AUD_J",Psicología,2026-1
34045,PSI2301,5,Métodos de Investigación Cuantitativa,Figueroa Viictor,"L:5 AYU NT203 M:3,4 CLAS SAN_ANDRES",Psicología,2026-1
12935,PSI2302,1,Neurociencias,"Rodriguez Eugenio, Lopez Vladimir, Pena Marcela",L:2 TAL N11 W:2 AYU N3 J:3 CLAS A3,Psicología,2026-1
12937,PSI2302,2,Neurociencias,"Pena Marcela, Lopez Vladimir, Rodriguez Eugenio",L:5 TAL NT202 W:2 AYU N3 J:3 CLAS A3,Psicología,2026-1
22672,PSI2302,3,Neurociencias,"Lopez Vladimir, Pena Marcela, Rodriguez Eugenio",L:3 TAL J2 W:2 AYU N3 J:3 CLAS A3,Psicología,2026-1
11153,PSI2304,1,Teorías de la Cognición,Kronmuller Edmundo,M:2 CLAS AE004 J:1 TAL C202 J:2 CLAS AE003,Psicología,2026-1
11173,PSI2304,2,Teorías de la Cognición,Kronmuller Edmundo,M:4 CLAS AE101 J:3 TAL AE102 J:4 CLAS M2,Psicología,2026-1
22673,PSI2305,1,Taller de Integración III,Pena Marcela,"W:5,6 CLAS AP003 W:7 AYU AP003",Psicología,2026-1
22685,PSI2305,2,Taller de Integración III,Aracena Marcela,"W:5,6 CLAS AP603 W:7 AYU ED217",Psicología,2026-1
22687,PSI2305,3,Taller de Integración III,Rodriguez Eugenio,"W:5,6 CLAS J4 W:7 AYU J4",Psicología,2026-1
22688,PSI2305,4,Taller de Integración III,Cornejo Marcela,"W:5,6 CLAS AP301 W:7 AYU SALA STEM",Psicología,2026-1
22689,PSI2305,5,Taller de Integración III,Berger Christian,"W:5,6 CLAS AP002 W:7 AYU C400",Psicología,2026-1
24228,PSI2306,1,Modelos de Salud-Enfermedad,Castañeda Javiera,"L:1 AYU N13-B L:3,4 CLAS D101",Psicología,2026-1
24242,PSI2306,2,Modelos de Salud-Enfermedad,Repetto Paula,"V:2 AYU N5 V:3,4 CLAS D101",Psicología,2026-1
11204,PSI2400,1,Evaluación Psicológica I,"Vera Evelyn, Escobar Jose, Fernández Nicol","M:3,4 CLAS N3 M:5 AYU N8",Psicología,2026-1
11191,PSI2400,2,Evaluación Psicológica I,"Vera Evelyn, Escobar Jose, Fernández Nicol","M:4 AYU N17 M:5,6 CLAS N13-A",Psicología,2026-1
22723,PSI2400,3,Evaluación Psicológica I,"Vera Evelyn, Escobar Jose, Fernández Nicol","J:3,4 CLAS N3 J:6 AYU NT203",Psicología,2026-1
11229,PSI2401,1,Psicopatología y Psiquiatría Adultos,Bacigalupo Felix,"L:5,6 CLAS AL2 L:7 AYU AL2",Psicología,2026-1
11213,PSI2401,2,Psicopatología y Psiquiatría Adultos,Rojas Susana,"L:5,6 CLAS N5 L:7 AYU N10",Psicología,2026-1
11221,PSI2401,3,Psicopatología y Psiquiatría Adultos,Gerin Mattia,"J:2,3,4 CLAS N15",Psicología,2026-1
14853,PSI2403,1,Personalidad e Identidad,Behn Alex,"L:4 AYU N15 L:5,6 CLAS N13-A",Psicología,2026-1
14850,PSI2403,2,Personalidad e Identidad,Parada Fernando,"L:3,4 CLAS N4 L:5 AYU N6",Psicología,2026-1
22699,PSI2403,3,Personalidad e Identidad,Epstein Alexandra,"L:3,4 CLAS N8 L:5 AYU N16-A",Psicología,2026-1
24221,PSI2404,1,Taller de Integración IV,Monreal Maria,"W:1 AYU SALA STEM W:3,4 CLAS C300",Psicología,2026-1
24223,PSI2404,2,Taller de Integración IV,Cerfogli Claudia,"W:1 AYU S20 W:3,4 CLAS C501",Psicología,2026-1
24224,PSI2404,3,Taller de Integración IV,Cox Juan,"W:1 AYU C509 W:3,4 CLAS C505",Psicología,2026-1
24225,PSI2404,4,Taller de Integración IV,Garces Maria,"W:1 AYU ED219 W:3,4 CLAS C500",Psicología,2026-1
24226,PSI2404,5,Taller de Integración IV,Zúñiga Ana,"W:1 AYU C300 W:3,4 CLAS ED217",Psicología,2026-1
30473,PSI2418,1,Introducción a la Psicología Jurídica,"Chia Enrique, Baeza Hilda","W:5,6 CLAS AUD_J",Psicología,2026-1
11288,PSI2424,1,Práctica de Investigación en Ciencia Psicológica,Dirección Docente,: CLAS SIN SALA,Psicología,2026-1
22849,PSI2440,1,Psicología del Delito,"Droppelmann Catalina, Vidal Paula","M:1,2 CLAS FT-103",Psicología,2026-1
22850,PSI2441,1,"Juego, Desarrollo y Aprendizaje","Araya Carolina, Grau Valeska","W:5,6 CLAS E16 W:7 AYU FT-104",Psicología,2026-1
32922,PSI2454,1,Desarrollo de Habilidades y Estrategias para Promover el Bienestar y la Resiliencia,Errazuriz Paula,"J:1,2 CLAS ED215",Psicología,2026-1
33885,PSI2455,1,"Trabajo en Equipo: Efectividad, Aprendizaje y Bienestar",Contreras Fernando,"W:5,6 TAL J2",Psicología,2026-1
32898,PSI2501,1,Tecnologías de Comunicación Alternativa y Aumentativa,Sánchez Andrés,"L:1,2,3 CLAS C511",Psicología,2026-1
25953,PSI2502,1,Psicología del Trabajo y la Ocupación,"Guerra Abel, Arellano Beatriz, Atán Karla, Paillalef Paola, Ramirez Rolando","M:5,6 CLAS CS304",Psicología,2026-1
11330,PSI2518,1,Práctica en Psicología Laboral,Cox Juan,: CLAS SIN SALA,Psicología,2026-1
32923,PSI2546,1,Práctica en Psicología Clínica,Alvarez Catalina,: PRA SIN SALA,Psicología,2026-1
24649,PSI2546,2,Práctica en Psicología Clínica,Sharim Dariela,: PRA SIN SALA,Psicología,2026-1
31386,PSI3037,1,Psiquiatria de Enlace y Psicologia Hospitalaria,"Labbé María, Arteaga María","J:5,6 CLAS N17",Psicología,2026-1
15445,PSI3038,1,Politicas Sociales Comunitarias,Monreal Maria,"M:5,6 CLAS FT-103",Psicología,2026-1
20939,PSI3039,1,Fundamentos Teorícos de la Terapía Conductual- Cognitiva,Reyes Rafael,"J:3,4 CLAS B.SZELEKY J:5 AYU B.SZELEKY",Psicología,2026-1
21149,PSI3045,1,La Construcción de Casos Clínicos,Reinoso Luis,"L:4 AYU SYULIS L:5,6 CLAS SYULIS",Psicología,2026-1
24255,PSI3049,1,Salud Mental,Blanco Alejandra,"M:5,6 CLAS N3 M:7 AYU N3",Psicología,2026-1
11383,PSI3500,1,Psicología del Aprendizaje y la Enseñanza I,"Lissi Maria, Sebastián Christian","J:6,7 CLAS CONDEMARIN J:8 AYU CONDEMARIN",Psicología,2026-1
11392,PSI3501,1,Medición y Evaluación en Psicología Educacional,"Torres David, Andaur Ana","M:5,6 CLAS MDIDIER M:7 AYU MDIDIER",Psicología,2026-1
11398,PSI3502,1,Diseño y Evaluación de Programas Educativos,Goni Maria,"M:5,6 CLAS B.SZELEKY M:7 AYU B.SZELEKY",Psicología,2026-1
11406,PSI3503,1,Análisis del Sistema Educacional,Grudechut Ivan,"W:5,6 CLAS SYULIS W:7 AYU SYULIS",Psicología,2026-1
11421,PSI3506,1,Taller de Intervenciones en Psicología Educacional,Gonzalez Maribel,"V:5,6 CLAS SYULIS V:7 AYU SYULIS",Psicología,2026-1
11415,PSI3506,2,Taller de Intervenciones en Psicología Educacional,Araya Carolina,"V:5,6 CLAS S.MALTES V:7 AYU S.MALTES",Psicología,2026-1
28247,PSI3508,1,Desarrollo del Lenguaje Oral y Escrito de la Infancia a la Adolescencia,"Frez Nicole, Strasser Katherine","L:5,6 CLAS S.MALTES L:7 AYU S.MALTES",Psicología,2026-1
11433,PSI3520,1,Comportamiento Organizacional,Contreras Fernando,"L:1,2 CLAS J1",Psicología,2026-1
11440,PSI3521,1,Evaluación de Personas en Organizaciones,Lizama Andrea,"W:1,2 CLAS J2",Psicología,2026-1
11445,PSI3523,1,Gestión de Personas,Garces Maria,"J:3,4 CLAS AUD_J",Psicología,2026-1
11452,PSI3524,1,Selección de Personas,Funk Regina,"M:1 AYU J2 M:3,4 CLAS N15",Psicología,2026-1
11459,PSI3525,1,Gestión de Organizaciones,Lara Rodrigo,"V:3,4 CLAS AUD_J",Psicología,2026-1
11474,PSI3540,1,Fundamentos de la Psicoterapia,"Rivera Diana, Herane Maria, Ibaceta Francisco","M:1,2 CLAS J1 M:4 AYU J1",Psicología,2026-1
11464,PSI3540,2,Fundamentos de la Psicoterapia,"Reinoso Luis, Alvarez Catalina","M:1 AYU J3 M:3,4 CLAS AP101",Psicología,2026-1
28725,PSI3540,3,Fundamentos de la Psicoterapia,Bagladi Veronica,"M:1,2 CLAS J4",Psicología,2026-1
11496,PSI3541,1,Diagnóstico Psicológico Clínico y Entrevista,"Sieverson Catalina, Caamaño Catalina","J:2,3,4 CLAS AP002",Psicología,2026-1
11490,PSI3541,2,Diagnóstico Psicológico Clínico y Entrevista,"Bagladi Veronica, Herane Maria","J:1,2 CLAS C501 J:4 AYU C505",Psicología,2026-1
11482,PSI3541,3,Diagnóstico Psicológico Clínico y Entrevista,"Cerfogli Claudia, Velásquez Tania","J:1 AYU CONDEMARIN J:2,3 CLAS CONDEMARIN",Psicología,2026-1
20246,PSI3541,4,Diagnóstico Psicológico Clínico y Entrevista,"Alvarez Catalina, Puig Ximena, Szmulewicz Marta","J:1 AYU K305 J:3,4 CLAS J3",Psicología,2026-1
28726,PSI3541,5,Diagnóstico Psicológico Clínico y Entrevista,"Alvarez Catalina, Puig Ximena, Szmulewicz Marta","J:1 AYU C503 J:3,4 CLAS SALA STEM",Psicología,2026-1
11510,PSI3542,1,Indicadores Psicopatológicos en Tests,"Carvajal Cristobal, Zapata Kiara","W:1 AYU ED217 W:3,4 CLAS C509",Psicología,2026-1
11503,PSI3542,2,Indicadores Psicopatológicos en Tests,"Vera Evelyn, Carvajal Cristobal","W:1 AYU CONDEMARIN W:3,4 CLAS CONDEMARIN",Psicología,2026-1
11517,PSI3542,3,Indicadores Psicopatológicos en Tests,"García Constanza, Zapata Kiara","W:1 AYU C507 W:3,4 CLAS C507",Psicología,2026-1
22647,PSI3542,4,Indicadores Psicopatológicos en Tests,"Vera Evelyn, García Constanza","W:1 AYU ED215 W:3,4 CLAS N11",Psicología,2026-1
30623,PSI3542,5,Indicadores Psicopatológicos en Tests,"Zapata Kiara, García Constanza","L:1 AYU ED217 L:3,4 CLAS J4",Psicología,2026-1
11536,PSI3544,1,Estrategias de Intervención en Psicología Clínica,Bagladi Veronica,"M:5,6 CLAS C509",Psicología,2026-1
11529,PSI3544,2,Estrategias de Intervención en Psicología Clínica,"Rivera Diana, Castillo Barbara, Morales Cristobal","M:5,6 CLAS C400 V:3,4 AYU T2223",Psicología,2026-1
11541,PSI3544,3,Estrategias de Intervención en Psicología Clínica,Santelices Maria,"M:5,6 CLAS C507",Psicología,2026-1
11524,PSI3544,4,Estrategias de Intervención en Psicología Clínica,Fischer Candice,"L:1,2 CLAS HLARRAIN L:3 AYU HLARRAIN",Psicología,2026-1
11548,PSI3544,5,Estrategias de Intervención en Psicología Clínica,Solis Ana,"M:5,6 CLAS HLARRAIN M:7 AYU HLARRAIN",Psicología,2026-1
30628,PSI3544,6,Estrategias de Intervención en Psicología Clínica,Greve Carmen,"M:5,6 CLAS CONDEMARIN",Psicología,2026-1
11553,PSI3560,1,Desarrollos Teóricos en Psicología de la Salud,Repetto Paula,"M:5,6 CLAS S.MALTES",Psicología,2026-1
11559,PSI3561,1,Programas y Políticas Públicas en Salud,Mediano Maria,"W:5,6 CLAS MDIDIER",Psicología,2026-1
11572,PSI3566,1,Diseño de Intervenciones en Psicología de la Salud,Mediano Maria,"J:1,2 CLAS HLARRAIN",Psicología,2026-1
11576,PSI3567,1,Intervenciones Familiares en Psicología de la Salud,"Penaloza Blanca, Bobadilla Lucas","W:2,3 CLAS B.SZELEKY",Psicología,2026-1
11590,PSI3584,1,Procesos Grupales,Badilla Manuela,"W:3,4 CLAS HLARRAIN",Psicología,2026-1
11596,PSI3587,1,Teorías y Modelos en Psicología Comunitaria,Monreal Maria,"W:5,6 CLAS S.MALTES",Psicología,2026-1
11603,PSI3588,1,Diagnóstico de Recursos y Necesidades,Daher Marianne,"V:3,4 CLAS B.SZELEKY",Psicología,2026-1
11610,PSI3589,1,Estrategias de Intervención en Comunidades,Daher Marianne,"V:5,6 CLAS MDIDIER",Psicología,2026-1
19700,PSI3600,1,Trabajo de Grado I,Dirección Docente,: CLAS SIN SALA,Psicología,2026-1
11632,PSI3640,1,Trabajo de Grado I,Dirección Docente,: CLAS SIN SALA,Psicología,2026-1
11639,PSI3641,1,La Persona del Psicólogo Clínico I,Cerfogli Claudia,"M:5,6 CLAS SYULIS",Psicología,2026-1
16686,PSI3641,2,La Persona del Psicólogo Clínico I,Olivari Carmen,"W:2,3 CLAS S.MALTES",Psicología,2026-1
11652,PSI3642,1,Fundamentos Epistemológicos y Técnicos de la Intervención Clínica,Fischer Candice,"J:1,2 CLAS MDIDIER J:3 AYU MDIDIER",Psicología,2026-1
16599,PSI3642,2,Fundamentos Epistemológicos y Técnicos de la Intervención Clínica,Morales German,"L:1,2 CLAS B.SZELEKY L:3 AYU B.SZELEKY",Psicología,2026-1
25607,PSI3642,3,Fundamentos Epistemológicos y Técnicos de la Intervención Clínica,Sieverson Catalina,"M:1,2 CLAS S.MALTES M:3 AYU S.MALTES",Psicología,2026-1
28851,PSI3642,4,Fundamentos Epistemológicos y Técnicos de la Intervención Clínica,Reinoso Luis,"L:1,2 CLAS MDIDIER L:3 AYU MDIDIER",Psicología,2026-1
30659,PSI3642,5,Fundamentos Epistemológicos y Técnicos de la Intervención Clínica,"Alvarez Catalina, Núñez Lucía","M:1,2 CLAS B.SZELEKY M:3 AYU B.SZELEKY",Psicología,2026-1
11664,PSI3649,1,Familia y Su Contexto,Aron Ana,"L:1,2,3 CLAS SYULIS",Psicología,2026-1
11670,PSI3649,2,Familia y Su Contexto,"Morales German, Cerfogli Claudia","L:5,6,7 CLAS CONDEMARIN",Psicología,2026-1
26492,PSI3652,1,Diversidad del Neurodesarrollo: Evaluación e Intervención,"Vera Evelyn, Fernández Nicol","L:5,6 CLAS MDIDIER L:7 AYU MDIDIER",Psicología,2026-1
28229,PSI3657,1,Aproximación Psicoanalítica a la Psicopatología,Solis Ana,"L:4 AYU B.SZELEKY L:5,6 CLAS B.SZELEKY",Psicología,2026-1
28722,PSI3668,1,Psico-Oncología,Reinhardt Daniela,"V:2,3 CLAS S.MALTES",Psicología,2026-1
11741,PSI3800,1,Tesis I,Dirección Docente,: CLAS SIN SALA,Psicología,2026-1
29797,PSI3801,1,Tesis II,Dirección Docente,: CLAS SIN SALA,Psicología,2026-1
19691,PSI3806,1,Trabajo de Grado I,Dirección Docente,: CLAS SIN SALA,Psicología,2026-1
22653,PSI3807,1,Trabajo de Grado II,Dirección Docente,: CLAS SIN SALA,Psicología,2026-1
19693,PSI3814,1,Tesis I,Dirección Docente,: CLAS SIN SALA,Psicología,2026-1
17446,PSI3815,1,Tesis II,Dirección Docente,: CLAS SIN SALA,Psicología,2026-1
11778,PSI4008,1,Desarrollos en Psicologia Social,Haye Andres,"M:2,3 CLAS SYULIS",Psicología,2026-1
11799,PSI4012,1,Desarrollo en Paradigmas de la Psicologia,Cornejo Carlos,"L:5,6 CLAS E.ROSALES",Psicología,2026-1
11806,PSI4014,1,Seminario de Profundizacion Metodologico I,Dirección Docente,: CLAS SIN SALA,Psicología,2026-1
34121,PSI4015,1,Seminario de Profundizacion Metodologico II,Dirección Docente,: CLAS SIN SALA,Psicología,2026-1
11818,PSI4016,1,Proyecto de Tesis Doctoral I,Dirección Docente,: CLAS SIN SALA,Psicología,2026-1
11825,PSI4018,1,Tesis Doctoral I,Dirección Docente,: CLAS SIN SALA,Psicología,2026-1
19623,PSI4023,1,Lecturas Avanzadas en Ciencias Cognitivas,Cosmelli Diego,"M:4,5 CLAS E.ROSALES",Psicología,2026-1
24190,PSI4029,1,Pasantía Doctoral en Psicología,Dirección Docente,: CLAS SIN SALA,Psicología,2026-1
21351,PSI4031,1,Tesis en Neurociencias II,Dirección Docente,: CLAS SIN SALA,Psicología,2026-1
31034,PSI4033,1,Tesis en Neurociencias IV,Dirección Docente,: CLAS SIN SALA,Psicología,2026-1
16252,PSI4035,1,Metodología Cuantitativa Avanzada I,Cumsille Patricio,"W:5,6 CLAS HLARRAIN J:3,4 AYU HLARRAIN",Psicología,2026-1
16257,PSI4038,1,Práctica de Investigación I,Dirección Docente,: CLAS SIN SALA,Psicología,2026-1
34156,PSI4041,1,Actividad Anual de Seguimiento II,Dirección Docente,: CLAS SIN SALA,Psicología,2026-1
21305,PSI4042,1,Tesis Doctoral III,Dirección Docente,: CLAS SIN SALA,Psicología,2026-1
34120,PSI4043,1,Tesis Doctoral IV,Dirección Docente,: CLAS SIN SALA,Psicología,2026-1
24191,PSI4044,1,Autoría Artículo Científico en Psicología,Dirección Docente,: CLAS SIN SALA,Psicología,2026-1
28351,PSI5001,1,Comportamiento Humano en las Organizaciones,Molina Agustin,V-S: CLAS,Psicología,2026-1
30418,PSI5005,1,"Entrenamiento, Capacitación y Desarrollo de Personas",Cox Juan,V-S: CLAS V-S: CLAS,Psicología,2026-1
31039,PSI6008,1,Coloquio Doctoral III,Behn Alex,"W:1,2 CLAS SYULIS",Psicología,2026-1
33416,PSI6010,1,Coloquio Doctoral V,Dirección Docente,: CLAS SIN SALA,Psicología,2026-1
31040,PSI6015,1,Tesis Doctoral II,Dirección Docente,: CLAS SIN SALA,Psicología,2026-1
33420,PSI6017,1,Tesis Doctoral IV,Dirección Docente,: CLAS SIN SALA,Psicología,2026-1
31043,PSI6023,1,Actividad Anual de Seguimiento I,Dirección Docente,: CLAS SIN SALA,Psicología,2026-1
33421,PSI6024,1,Actividad Anual de Seguimiento II,Dirección Docente,: CLAS SIN SALA,Psicología,2026-1
29867,PSI6026,1,Pasantía,Dirección Docente,: CLAS SIN SALA,Psicología,2026-1
11908,PSM406,1,Tesis I,Dirección Docente,: CLAS SIN SALA,Psicología,2026-1
11915,PSM407,1,Tesis II,Dirección Docente,: CLAS SIN SALA,Psicología,2026-1
34141,PSM4320,1,Estudio Dirigido I,Cumsille Patricio,":3,4 CLAS SIN SALA",Psicología,2026-1
33423,PSM4321,1,Estudio Dirigido II,Daher Marianne,V:2 CLAS SYULIS,Psicología,2026-1
33424,PSM4321,2,Estudio Dirigido II,Dirección Docente,: CLAS SIN SALA,Psicología,2026-1
22958,PSM448,1,Alumnos Con Necesidades Educativas Especiales,"Wasiliew Alejandro, Iturra Pamela","L:6,7 CLAS HLARRAIN",Psicología,2026-1
33155,PSO310,1,Clinica Con Adolescentes: Dos Miradas,"Morales Cristobal, Quilodrán Roberto","V:5,6 CLAS SIN SALA",Psicología,2026-1
33726,PSO406,1,Psicogerontología,Rojas Susana,"J:5,6 CLAS MDIDIER",Psicología,2026-1
26249,PSO418,1,Psicología y Pobreza: Aportes Contemporáneos al Trabajo en Contextos Vulnerables,Baranda Benito,"W:5,6 CLAS J3",Psicología,2026-1
28930,ESM01QU,1,Química,Honores Jessica,: CLAS SIN SALA,Química,2026-1
28931,ESM01QU,2,Química,"Bassi Romina, Honores Jessica",: CLAS SIN SALA,Química,2026-1
28932,ESM01QU,3,Química,"Rojas Mabel, Honores Jessica",: CLAS SIN SALA,Química,2026-1
28933,ESM01QU,4,Química,"Ramos Danilo, Honores Jessica",: CLAS SIN SALA,Química,2026-1
28934,ESM01QU,5,Química,"Delgado Thalia, Honores Jessica",: CLAS SIN SALA,Química,2026-1
28935,ESM01QU,6,Química,"Bertrand Jean-Luc, Honores Jessica",: CLAS SIN SALA,Química,2026-1
28936,ESM01QU,7,Química,"Faundez Manuel, Honores Jessica",: CLAS,Química,2026-1
12075,QIF100B,1,Introducción a las Ciencias Farmacéuticas,Gonzalez Jose,W:1 CLAS AE201,Química,2026-1
12082,QIF101A,1,Fármaco-Química I,Pessoa Carlos,L-M-V:3 CLAS TMP104,Química,2026-1
12089,QIF102A,1,Fármaco-Química II,Espinosa Christian,L-W-V:2 CLAS N7,Química,2026-1
12096,QIF103A,1,Fármaco-Química III,Recabarren Gonzalo,M-W-J:3 CLAS AP504,Química,2026-1
12102,QIF104A,1,Farmacocinética y Bio-Farmacia,Alvarez Maria,M-J:2 CLAS ID300 W:3 CLAS J3,Química,2026-1
14862,QIF105A,1,Tecnología Farmacéutica I,"Hachim Daniel, Castillo Esteban","L-W-V:3 CLAS N3 L:4,5,6 LAB LAB-FAR2",Química,2026-1
14859,QIF105A,2,Tecnología Farmacéutica I,"Hachim Daniel, Castillo Esteban","L-W-V:3 CLAS N3 W:4,5,6 LAB LAB-FAR2",Química,2026-1
14869,QIF106A,1,Tecnología Farmacéutica II,"Gonzalez Jose, Castillo Esteban","L-W-V:4 CLAS A6 M:4,5,6 LAB LAB-FAR2",Química,2026-1
14865,QIF106A,2,Tecnología Farmacéutica II,"Gonzalez Jose, Castillo Esteban","L-W-V:4 CLAS A6 J:4,5,6 LAB LAB-FAR2",Química,2026-1
12109,QIF107,1,Legislacion y Deontologia Farmaceutica,Muñoz Sergio,"W:5,6 CLAS E11",Química,2026-1
27129,QIF108,1,Toxicologia,Faundez Mario,"W:5,6 CLAS E10 V:2 CLAS FT-101",Química,2026-1
12122,QIF109A,1,Farmacia Privada,González Jorge,"J:5,6 CLAS C405 V:5 CLAS AG2",Química,2026-1
20736,QIF110A,1,Farmacia Clínica y Atención Farmacéutica,Mellado Rosemarie,"L:5,6 CLAS AP101 V:3 CLAS AP002",Química,2026-1
12135,QIF111A,1,Farmacología III,Cortés Javiera,L-M:2 CLAS CS402 V:1 CLAS CS403,Química,2026-1
12142,QIF112A,1,Internado Clínico,Plaza Jose,"L-M-W-J:1,2,3 TER SIN SALA V:1,2,3 TAL S2",Química,2026-1
15398,QIF112A,2,Internado Clínico,Paulos Claudio,"L-M-W-J:1,2,3 TER SIN SALA V:1,2,3 TAL S2",Química,2026-1
27086,QIF112A,3,Internado Clínico,Paredes Cristian,"L-M-W-J:1,2,3 TER SIN SALA V:1,2,3 TAL S2",Química,2026-1
12152,QIF113A,1,Practica Profesional I,Castillo Esteban,: PRA SIN SALA,Química,2026-1
12158,QIF114A,1,Práctica Profesional II,Castillo Esteban,: PRA SIN SALA,Química,2026-1
14874,QIF115A,1,Botánica y Farmacognosia,Aranda Mario,L:3 CLAS K204 M:3 CLAS AL3 W:3 CLAS AP302,Química,2026-1
12165,QIF116,1,Farmacologia II,Fuentealba Jose,L-W-V:1 CLAS N13-A,Química,2026-1
12172,QIF117,1,El Mundo de los Medicamentos,Mellado Rosemarie,"M:3,4 CLAS K202 J:3 CLAS K202",Química,2026-1
26561,QIF118A,1,Bioquímica Clínica,"Del Campo Andrea, Morales Jonathan","M-J:1,2 CLAS D305",Química,2026-1
12195,QIF150,1,Farmacología I,Pérez Enzo,"M:5,6 CLAS AP102 J:3,4 CLAS AP101",Química,2026-1
12203,QIF400,1,Tesis de Grado,"Dirección Docente, Mellado Rosemarie",: TES SIN SALA,Química,2026-1
20261,QIM001A,1,Química Preliminar,Reyes Jael,L-W:3 CLAS H4,Química,2026-1
22117,QIM001A,2,Química Preliminar,Delgado Thalia,M-J:4 CLAS K307,Química,2026-1
32628,QIM001A,3,Química Preliminar,"Rojas Mabel, Moreno Jeannette",W-V:5 CLAS N11,Química,2026-1
17087,QIM100,1,Química General,Rojas Mabel,"M-J:1,2 CLAS AP003",Química,2026-1
12418,QIM1008,1,Seminario de Investigacion,Dirección Docente,: TES SIN SALA,Química,2026-1
28139,QIM100B,1,Química General II,Moreno Jeannette,"L-W:1 CLAS N12 L:2,3 CLAS N12",Química,2026-1
28140,QIM100B,2,Química General II,Robles Agustín,"M-J:1,2 CLAS N2",Química,2026-1
28143,QIM100B,3,Química General II,"Ramirez Galo, Salazar Paula","M-J:3,4 CLAS AL1",Química,2026-1
21098,QIM100E,1,Química para Ingeniería,"Schott Eduardo, Ramos Danilo","M:1,2 CLAS D203 J:3,4 CLAS AP303",Química,2026-1
21120,QIM100E,2,Química para Ingeniería,"Leiva Eduardo, Castillo Sebastián","M:1,2 CLAS AE209 J:3,4 CLAS AE103",Química,2026-1
21121,QIM100E,3,Química para Ingeniería,Ortiz Mónica,"M:1,2 CLAS AE103 J:3,4 CLAS AE208",Química,2026-1
21122,QIM100E,4,Química para Ingeniería,"Lancheros Andres, Arellano Yazmín","L-W:5 CLAS CS303 M:3,4 CLAS CS201",Química,2026-1
21123,QIM100E,5,Química para Ingeniería,Camú Esteban,"L-W:5 CLAS B13 M:3,4 CLAS B13",Química,2026-1
21124,QIM100E,6,Química para Ingeniería,"Bassi Romina, Salazar Javier","L-W:5 CLAS AP203 J:1,2 CLAS AE103",Química,2026-1
21125,QIM100E,7,Química para Ingeniería,"Escalona Nestor, Bassi Romina","L:2,3 CLAS BC24 W-V:3 CLAS AE201",Química,2026-1
21126,QIM100E,8,Química para Ingeniería,"Montecinos Rodrigo, Camú Esteban","L:2,3 CLAS AE201 W-V:3 CLAS K204",Química,2026-1
21127,QIM100E,9,Química para Ingeniería,"Camú Esteban, Lancheros Andres","M-V:5 CLAS K204 J:2,3 CLAS AE004",Química,2026-1
21128,QIM100E,10,Química para Ingeniería,"Reyes Jael, Patiño Lina","M-V:5 CLAS AE002 J:2,3 CLAS B13",Química,2026-1
26649,QIM100F,1,Química,Honores Jessica,"L-J:5,6 CLAS D101",Química,2026-1
27178,QIM100F,2,Química,Bueno Claudia,"L:3,4 CLAS AP302 M:5,6 CLAS D204",Química,2026-1
12398,QIM100I,1,Química General,Moreno Jeannette,L-W:4 CLAS N12 M-J:1 CLAS N12,Química,2026-1
12385,QIM100I,2,Química General,Gutierrez Maria,L-W:4 CLAS N18 M-J:1 CLAS N7,Química,2026-1
12413,QIM100I,3,Química General,Rojas Mabel,"L:3,4 CLAS CS301 W:2 TAL AP202 W:3,4 CLAS AP202",Química,2026-1
12392,QIM100I,4,Química General,Ramírez Oscar,"L:3,4 CLAS AE208 W:2 TAL AE211 W:3,4 CLAS AE208",Química,2026-1
12405,QIM100I,5,Química General,Angel Felipe,"L-W:2,3 CLAS AL2",Química,2026-1
32651,QIM100I,6,Química General,Reyes Jael,"L-W:1 CLAS AE003 L:5,6 CLAS AE105",Química,2026-1
15880,QIM100P,1,Química General,Bassi Romina,"M-J:1,2 CLAS D304",Química,2026-1
15885,QIM100P,2,Química General,Reyes Jael,"M-J:1,2 CLAS ED111",Química,2026-1
26562,QIM1010,1,Síntesis de Fármacos,Recabarren Gonzalo,"M:5 CLAS C511 J:5,6 CLAS S5",Química,2026-1
24690,QIM1018,1,Modelos Farmacológicos de Desórdenes Neuropsiquiátricos T-P,Fuentealba Jose,"J:7,8 CLAS C400",Química,2026-1
28158,QIM101L,1,Laboratorio de Química General,Moreno Jeannette,"J:4 CLAS N17 V:2,3 LAB LAB-CB5",Química,2026-1
28160,QIM101L,2,Laboratorio de Química General,Moreno Jeannette,"J:4 CLAS N17 V:2,3 LAB LAB-CB5",Química,2026-1
28161,QIM101L,3,Laboratorio de Química General,Salazar Javier,"J:4 CLAS K303 V:2,3 LAB LAB-QCA6",Química,2026-1
28163,QIM101L,4,Laboratorio de Química General,Ramírez Oscar,"J:4 CLAS N13-B V:5,6 LAB LABCYT GEO",Química,2026-1
28164,QIM101L,5,Laboratorio de Química General,Ramírez Oscar,"J:4 CLAS N13-B V:5,6 LAB LABCYT GEO",Química,2026-1
28168,QIM101L,6,Laboratorio de Química General,Fica Pía,"L:1 CLAS K305 M:5,6 LAB LABCYT GEO",Química,2026-1
28170,QIM101L,7,Laboratorio de Química General,Faundez Manuel,"W:1 CLAS K307 J:5,6 LAB LABCYT GEO",Química,2026-1
28179,QIM101L,8,Laboratorio de Química General,Lancheros Andres,"J:4 CLAS AE106 V:2,3 LAB LAB-CB5",Química,2026-1
33549,QIM1020,1,Marketing para Químicos y Farmacéuticos,Castillo Esteban,"W:1,2 CLAS C505",Química,2026-1
31866,QIM1023,1,Cáncer y Su Tratamiento Farmacológico,"Faundez Mario, Ibáñez Claudia","J:5,6 CLAS S16",Química,2026-1
33974,QIM1024,1,Farmacovigilancia y Tecnovigilancia,Mellado Rosemarie,"W:5,6,7 CLAS AP403",Química,2026-1
28272,QIM1028,1,Servicios Profesionales Farmacéuticos Asistenciales para Atención Primaria de Salud,Plaza Jose,"L:5,6 CLAS C307",Química,2026-1
27872,QIM102B,1,Química Orgánica I,Terraza Claudio,L:1 CLAS AE101 M:1 CLAS NT201 W:1 CLAS C200 J:1 AYU NT201,Química,2026-1
27883,QIM102B,2,Química Orgánica I,Fierro Angelica,L-M-W:1 CLAS AL4 J:1 AYU CS303,Química,2026-1
31123,QIM1035,1,Aplicaciones Industriales de la Biofarmacia,Garcia Mauricio,"V:5,6 CLAS AP008",Química,2026-1
33544,QIM1036,1,Bioingeniería Farmacéutica,Hachim Daniel,"V:5,6 CLAS SIN SALA",Química,2026-1
33973,QIM1038,1,Farmacia Hospitalaria,Mellado Rosemarie,"M:5,6 CLAS AP001 V:6 CLAS FT-103",Química,2026-1
12520,QIM103A,1,Química Orgánica II,Preite Marcelo,L-M-W:1 CLAS N14 J:1 AYU N14,Química,2026-1
12559,QIM104A,1,Laboratorio de Química Orgánica,Salas Cristian,"L:5,6,7 LAB LAB-QCA5",Química,2026-1
12552,QIM104A,2,Laboratorio de Química Orgánica,Preite Marcelo,"L:5,6,7 LAB LAB-QCA6",Química,2026-1
12544,QIM104A,3,Laboratorio de Química Orgánica,"Zacconi Flavia, Salas Cristian","M:5,6,7 LAB LAB-QCA6",Química,2026-1
12529,QIM104A,4,Laboratorio de Química Orgánica,"Terraza Claudio, Sanchez Julio","J:5,6,7 LAB LAB-QCA6",Química,2026-1
27167,QIM104A,5,Laboratorio de Química Orgánica,Faundez Manuel,"L:5,6,7 LAB LAB-CB5",Química,2026-1
32046,QIM104A,6,Laboratorio de Química Orgánica,Rodriguez Fidel,"J:5,6,7 LAB LAB-QCA5",Química,2026-1
27900,QIM105B,1,Síntesis Orgánica,Perez Edwin,"V:2 CLAS S-INSTRUC V:3,4,5,6 LAB LAB-QCA6",Química,2026-1
27855,QIM106B,1,Química Inorgánica I,Schott Eduardo,"L-W-V:3 CLAS AP001 L:4,5,6 LAB LAB-QCA1",Química,2026-1
27857,QIM107B,1,Química Inorgánica II,Barrientos Lorena,"M-J:3 CLAS J1 M:4,5,6 LAB LAB-CB4 V:3 CLAS S7",Química,2026-1
22950,QIM108A,1,Química Inorgánica III,Rojas Rene,M-W:1 CLAS SEM_1_P2 J:2 CLAS SEM_1_P2,Química,2026-1
27861,QIM109B,1,Química Analítica I,"Salazar Ricardo, Antilen Monica","M-J:2,3 CLAS N14 M:4,5,6 LAB LAB-CB5",Química,2026-1
27862,QIM109B,2,Química Analítica I,Salazar Ricardo,"M-J:2,3 CLAS N14 J:4,5,6 LAB LAB-QCA1",Química,2026-1
27866,QIM109B,3,Química Analítica I,"Salazar Ricardo, Giordano Ady","M-J:2,3 CLAS N14 J:4,5,6 LAB LAB-QCA2",Química,2026-1
27867,QIM109B,4,Química Analítica I,"Seguel Rodrigo, Giordano Ady, Tereucán Gonzalo","M-J:2,3 CLAS AP404 W:5,6,7 LAB LAB-QCA1",Química,2026-1
27865,QIM109B,5,Química Analítica I,"Seguel Rodrigo, Salazar Paula, Tereucán Gonzalo","M-J:2,3 CLAS AP404 W:5,6,7 LAB LAB-QCA2",Química,2026-1
12598,QIM110A,1,Química Analítica II,"Díaz Daniel, Ramos Danilo","L:3 CLAS C300 J:1,2 CLAS SALA STEM",Química,2026-1
14893,QIM111,1,Analisis Instrumental,Armijo Juan,"L-W-V:3 CLAS C201 M:4,5,6 LAB LAB-ORG1",Química,2026-1
14899,QIM111,2,Analisis Instrumental,"Armijo Juan, Angel Felipe","L-W-V:3 CLAS C201 J:4,5,6 LAB LAB-ORG1",Química,2026-1
30670,QIM111,3,Analisis Instrumental,"Armijo Juan, Honores Jessica","L-W-V:3 CLAS C201 V:4,5,6 LAB LAB-ORG1",Química,2026-1
15578,QIM111A,1,Química Analítica III,Isaacs Mauricio,"L:3,4,5,6 LAB LAB-ORG1",Química,2026-1
26456,QIM112A,2,Química Analítica Aplicada,Cabrera Alan,"V:2,3,4,5,6,7 LAB LAB-CB4",Química,2026-1
28303,QIM114B,1,Química Física I,"Saldias Cesar, Leiva Angel","L-W-V:2 CLAS AP602 L:5,6,7 LAB LAB-QCA4",Química,2026-1
28305,QIM114B,2,Química Física I,"Saldias Cesar, Leiva Angel","L-W-V:2 CLAS AP602 W:5,6,7 LAB LAB-QCA4",Química,2026-1
14910,QIM115,1,Quimica-Fisica II,"Pavez Paulina, Aliaga Margarita","L:1,2 CLAS C301 M:4,5,6 LAB LAB-QCA4 W:2 CLAS NT202",Química,2026-1
14907,QIM115,2,Quimica-Fisica II,"Aliaga Margarita, Pavez Paulina","L:1,2 CLAS C301 W:2 CLAS NT202 J:4,5,6 LAB LAB-QCA4",Química,2026-1
24870,QIM115,3,Quimica-Fisica II,"Aliaga Margarita, Montecinos Rodrigo, Pavez Paulina","L:1,2 CLAS C301 W:2 CLAS NT202 W:4,5,6 LAB LAB-QCA3",Química,2026-1
12618,QIM116,1,Quimica-Fisica III,Herrera Barbara,"L:5,6,7 TAL ED217 M-J-V:2 CLAS AP501",Química,2026-1
28360,QIM117B,1,Bioquímica,"Fuentealba Denis, Fuentes Eduardo, Lopez Camilo","L:1,2 CLAS NT201 M-J:1 CLAS AE201 M:5,6,7 LAB LAB-QCA3",Química,2026-1
28362,QIM117B,2,Bioquímica,"Fuentealba Denis, Bueno Claudia, Lopez Camilo","L:1,2 CLAS NT201 M-J:1 CLAS AE201 J:5,6,7 LAB LAB-QCA3",Química,2026-1
28365,QIM117B,3,Bioquímica,"Fuentealba Denis, Lopez Camilo, Rivero Paula","L:1,2 CLAS NT201 M-J:1 CLAS AE201 M:5,6,7 LAB LAB-QCA3",Química,2026-1
28379,QIM117B,4,Bioquímica,"Fuentealba Denis, Bueno Claudia, Lopez Camilo","L:1,2 CLAS NT201 M-J:1 CLAS AE201 J:5,6,7 LAB LAB-QCA3",Química,2026-1
29659,QIM117B,5,Bioquímica,"Fuentealba Denis, Lopez Camilo","L:1,2 CLAS NT201 M-J:1 CLAS AE201 M:5,6,7 LAB LAB-QCA3",Química,2026-1
29661,QIM117B,6,Bioquímica,"Fuentealba Denis, Lopez Camilo, Morales Diana","L:1,2 CLAS NT201 M-J:1 CLAS AE201 J:5,6,7 LAB LAB-QCA3",Química,2026-1
14925,QIM118A,1,Electroquímica,"Del Rio Rodrigo, Ramirez Galo","L-W-V:3 CLAS H1 W:5,6,7 LAB LAB-CB4",Química,2026-1
32129,QIM118A,2,Electroquímica,"Del Rio Rodrigo, Ramirez Galo","L-W-V:3 CLAS H1 V:5,6,7 LAB LAB-CB5",Química,2026-1
12634,QIM119A,1,Tesis de Grado,"Rojas Mabel, Saldias Cesar",: TES SIN SALA,Química,2026-1
12643,QIM120,1,Quimica en la Naturaleza y la Sociedad,Del Rio Rodrigo,"W:5,6 CLAS AE202 V:1 CLAS CS203",Química,2026-1
25095,QIM124,1,Mundo de los Medicamentos,Mellado Rosemarie,L:3 CLAS SIN SALA J-V:4 CLAS SIN SALA,Química,2026-1
30335,QIM124,2,Mundo de los Medicamentos,Mellado Rosemarie,"L:4 CLAS S9 W:3,4 CLAS CS304",Química,2026-1
12659,QIM150,1,Quimica-Fisica,"Saldias Cesar, Pavez Paulina",L-W-V:2 CLAS ED112,Química,2026-1
26289,QIM150A,1,Química-Física,Garcia Mauricio,"M:2,3 LAB LAB-QCA3 W:2 CLAS AE202 J:2 CLAS AE203 V:2 CLAS AE203",Química,2026-1
31151,QIM150P,1,Química-Física,"Montecinos Rodrigo, Rojas Mabel","J:2,3 LAB LAB-QCA3 J:5,6 CLAS SEM_2_P4 V:4 AYU SEM_2_P2",Química,2026-1
13221,QIM200,1,Química Orgánica Fundamental,"Armstrong Ana, Rodriguez Fidel",M-J:1 CLAS BC22 M:2 AYU B16 V:3 CLAS ED110,Química,2026-1
13220,QIM200,2,Química Orgánica Fundamental,Perez Edwin,L-W:1 CLAS ED112 J:1 AYU ED113 J:2 CLAS ED113,Química,2026-1
30103,QIM200P,1,Fundamentos de Química Orgánica,Armstrong Ana,"W:5,6,7 LAB LAB-QCA6 J:3,4 CLAS T3225 V:2 CLAS ED110",Química,2026-1
13231,QIM2010,1,Seminario de Pregrado I,Dirección Docente,: TES SIN SALA,Química,2026-1
13222,QIM201A,1,Química,Cruz Yennier,"W:3,4 CLAS CS-101 J:5,6 AYU K202 V:3 CLAS K203 V:5,6 LAB LAB-QCA1",Química,2026-1
27918,QIM201D,1,Química,Zacconi Flavia,"M-J:1,2 CLAS C203",Química,2026-1
13227,QIM201G,1,Quimica,"Faundez Manuel, Delgado Thalia","L-W:1 AYU AG4 L:4 TAL AG6 L:5,6 LAB LABCYT GEO M-J-V:2 CLAS CS301",Química,2026-1
13228,QIM201G,2,Quimica,"Delgado Virginia, Morales Sebastian","L-W:1 AYU AE103 M-J-V:2 CLAS AG2 M:4 TAL AG6 M:5,6 LAB LABCYT GEO",Química,2026-1
13225,QIM201G,3,Quimica,"Sanchez Julio, Morales Sebastian","L-W:1 AYU AE210 M-J-V:2 CLAS AG6 W:4 TAL AG3 W:5,6 LAB LABCYT GEO",Química,2026-1
13226,QIM201G,4,Quimica,"Bertrand Jean-Luc, Morales Sebastian","L-W:1 AYU AE207 M-J-V:2 CLAS AG4 J:4 TAL AG3 J:5,6 LAB LABCYT GEO",Química,2026-1
27949,QIM201G,5,Quimica,"Saavedra Jorge, Delgado Thalia","L:1 TAL AE107 L:3,4 LAB LABCYT GEO M-J:1 CLAS AE107 W:2 AYU C200 V:2 CLAS C203 V:3 AYU CS203",Química,2026-1
13229,QIM201M,1,Quimica,Lopez Jhon,"L:3,4,5 CLAS AE202 W:5,6,7 CLAS K202",Química,2026-1
22897,QIM201M,2,Quimica,"Marambio Matías, Droguett Kevin",L-M-W:3 CLAS D303 L:6 AYU C203 V:1 CLAS AP302 V:3 AYU C203,Química,2026-1
30151,QIM201M,3,Quimica,Saavedra Jorge,L-M-W:3 CLAS D204 L:6 AYU C200 V:1 CLAS C203 V:3 AYU C200,Química,2026-1
13232,QIM202,1,Bioquimica General,Bueno Claudia,L-W:1 CLAS N7 M-J:2 CLAS N3,Química,2026-1
26290,QIM202,2,Bioquimica General,Fuentes Eduardo,L-W:1 CLAS N16-A M-J:2 CLAS N13-B,Química,2026-1
14159,QIM2020,1,Seminario de Pregrado II,Dirección Docente,: TES SIN SALA,Química,2026-1
21649,QIM2030,1,Seminario Bibliográfico,Delgado Virginia,: TES SIN SALA,Química,2026-1
27171,QIM210K,1,Química,Faundez Manuel,"L:1,2 CLAS CS202 W:4 AYU CS301 V:3 CLAS CS301",Química,2026-1
32511,QIM210K,2,Química,Morales Nicole,"L:1,2 CLAS CS301 W:4 AYU CS302 V:3 CLAS CS201",Química,2026-1
27854,QIM300B,1,Gestión y Manejo de Residuos,Bravo Jorge,"M:5,6,7 CLAS K305",Química,2026-1
13234,QIM400,1,Química Orgánica Aplicada,Cruz Yennier,"M:2,3,4 CLAS AP002",Química,2026-1
31313,QIM403,1,Cristalografía de Rayos-X y Técnicas de Resolución Estructural,Castillo Rodrigo,W-V:4 CLAS T3225,Química,2026-1
13236,QIM450,1,Prevención de Riesgos Profesionales,Cesari Pablo,"J:1,2,3 CLAS ED217",Química,2026-1
20330,QIM500,1,Química Inorgánica Aplicada,"Castillo Rodrigo, Rojas Rene",L-W-V:3 CLAS T3225,Química,2026-1
31314,QIM508,1,Fundamentos de Química Ambiental y Química Sostenible,Isaacs Mauricio,"V:5,6 CLAS SEM_1_P4",Química,2026-1
27871,QIM510B,1,Práctica Profesional,"Saldias Cesar, Rojas Mabel",L:5 PRA SIN SALA,Química,2026-1
30649,QIM519,1,¿Cómo la Química Cambió el Mundo?,Reyes Jael,M-J:3 CLAS C200,Química,2026-1
29891,QIM522,1,"Especies Reactivas, Antioxidantes y Salud Humana",Lopez Camilo,"J:2,3 CLAS S-INSTRUC",Química,2026-1
33975,QIM526,1,Aplicaciones de la Energía Nuclear,Neira Stephanie,M-V:7 CLAS S16,Química,2026-1
33890,QPG3101,1,Físico Química Avanzada,"Toro Alejandro, Aliaga Margarita, Fuentealba Denis, Leiva Angel",: CLAS SIN SALA,Química,2026-1
13245,QPG3102,1,Química Inorgánica Avanzada,"Angel Felipe, Cabrera Alan, Schott Eduardo","M-J:2,3 CLAS H4",Química,2026-1
13246,QPG3103,1,Química Orgánica Avanzada,"Perez Edwin, Lopez Jhon, Preite Marcelo, Sanchez Julio",M-J:3 CLAS ED113,Química,2026-1
13248,QPG3104,1,Seminario Bibliográfico,Dirección Docente,: SUP SIN SALA,Química,2026-1
31224,QPG3148,1,Principios y Metodos de Electroquimica Fundamental y de Electropolimerizacion,"Armijo Juan, Isaacs Mauricio","V:1,2 CLAS N11",Química,2026-1
21606,QPG3220,1,Química de Organometálicos,"Rojas Rene, Cabrera Alan",: CLAS SIN SALA,Química,2026-1
30640,QPG3260,1,Métodos de Separación Analíticos,Aranda Mario,"L:1,2 CLAS SIN SALA",Química,2026-1
29969,QPG3280,1,Química Heterocíclica,"Salas Cristian, Espinosa Christian",W-V:4 CLAS SIN SALA,Química,2026-1
32153,QPG3326,2,Química Medicinal,Pessoa Carlos,: CLAS,Química,2026-1
27261,QPG3384,1,Fotofísica y Fotoquímica Aplicada,Fuentealba Denis,: CLAS SIN SALA,Química,2026-1
19919,QPG5001,1,Unidad de Investigación,Dirección Docente,: SUP SIN SALA,Química,2026-1
13265,QPG5002,1,Examen de Candidatura Doctoral,Dirección Docente,: CLAS SIN SALA,Química,2026-1
27767,QPG5003,1,Investigación 1,Aranda Mario,: TES SIN SALA,Química,2026-1
27768,QPG5003,2,Investigación 1,Saldias Cesar,: TES SIN SALA,Química,2026-1
33205,QPG5003,3,Investigación 1,Fuentealba Denis,: TES SIN SALA,Química,2026-1
27769,QPG5004,1,Investigación 2,Schott Eduardo,: TES SIN SALA,Química,2026-1
27776,QPG5004,2,Investigación 2,Salas Cristian,: TES SIN SALA,Química,2026-1
27778,QPG5004,3,Investigación 2,Zacconi Flavia,: TES SIN SALA,Química,2026-1
27779,QPG5004,4,Investigación 2,Aranda Mario,: TES SIN SALA,Química,2026-1
27780,QPG5004,5,Investigación 2,Antilen Monica,: TES SIN SALA,Química,2026-1
27782,QPG5004,6,Investigación 2,Espinosa Christian,: TES SIN SALA,Química,2026-1
27784,QPG5005,1,Investigación 3,Perez Edwin,: TES SIN SALA,Química,2026-1
29923,QPG5005,2,Investigación 3,Del Campo Andrea,: TES SIN SALA,Química,2026-1
27786,QPG5006,1,Investigación 4,Giordano Ady,: TES SIN SALA,Química,2026-1
27788,QPG5006,2,Investigación 4,Lopez Camilo,: TES SIN SALA,Química,2026-1
27952,QPG5006,3,Investigación 4,Saldias Cesar,: TES SIN SALA,Química,2026-1
27953,QPG5006,4,Investigación 4,Zacconi Flavia,: TES SIN SALA,Química,2026-1
27954,QPG5006,5,Investigación 4,Aranda Mario,: TES SIN SALA,Química,2026-1
27955,QPG5006,6,Investigación 4,Isaacs Mauricio,: TES SIN SALA,Química,2026-1
29965,QPG5006,7,Investigación 4,Fuentealba Denis,: TES SIN SALA,Química,2026-1
33222,QPG5006,8,Investigación 4,Terraza Claudio,: TES SIN SALA,Química,2026-1
33225,QPG5006,9,Investigación 4,Angel Felipe,: TES SIN SALA,Química,2026-1
33226,QPG5006,10,Investigación 4,Armijo Juan,: TES SIN SALA,Química,2026-1
33227,QPG5006,11,Investigación 4,Salazar Ricardo,: TES SIN SALA,Química,2026-1
19917,QPG5007,1,Autoria Artículo Científico o Patente,Dirección Docente,: SUP SIN SALA,Química,2026-1
19909,QPG5008,1,Pasantía,Dirección Docente,: SUP SIN SALA,Química,2026-1
31220,QPG5009,1,Investigación 5,Fierro Angelica,: TES SIN SALA,Química,2026-1
31221,QPG5009,2,Investigación 5,Espinosa Christian,: TES SIN SALA,Química,2026-1
34182,QPG5009,3,Investigación 5,Angel Felipe,L-W:1 CLAS SIN SALA,Química,2026-1
32551,QPG5163,1,Tesis en Neurociencias IV,Fierro Angelica,: CLAS SIN SALA,Química,2026-1
17094,QPG6001,1,Actividad Anual de Seguimiento 1,Dirección Docente,: SUP SIN SALA,Química,2026-1
19902,QPG6002,1,Actividad Anual de Seguimiento 2,Dirección Docente,: SUP SIN SALA,Química,2026-1
13289,QUO1112,1,Laboratorio de Quimica Organica,Preite Marcelo,"V:5,6,7 LAB LAB-QCA5",Química,2026-1
33242,QFC312,1,Residencia Farmacia Clínica en Paciente Crítico,Plaza Jose,: CLAS SIN SALA,Química y Farmacia,2026-1
33246,QFC313,1,Seminario de Casos Clínicos en Residencias a,Plaza Jose,: CLAS SIN SALA,Química y Farmacia,2026-1
33244,QFC314,1,Residencia Farmacia Clínica en Medicina Interna e Infectología,Plaza Jose,: CLAS SIN SALA,Química y Farmacia,2026-1
33236,QFC316,1,Residencia Farmacia Clínica en Pediatría,Plaza Jose,: AYU SIN SALA,Química y Farmacia,2026-1
29169,EUC1000,1,Pre Intermediate English I,Gutierrez Silvia,L-W:5 CLAS C501,Requisito Idioma,2026-1
29170,EUC1000,2,Pre Intermediate English I,Gutierrez Silvia,L-W:6 CLAS C501,Requisito Idioma,2026-1
29171,EUC1000,3,Pre Intermediate English I,Gonzalez Paulina,M-J:2 CLAS AP006,Requisito Idioma,2026-1
29172,EUC1000,4,Pre Intermediate English I,Gonzalez Paulina,"V:1,2 CLAS C509",Requisito Idioma,2026-1
29173,EUC1000,5,Pre Intermediate English I,Montes Carolina,"S:3,4 CLAS C300",Requisito Idioma,2026-1
29174,EUC1000,6,Pre Intermediate English I,Espinoza Verónica,L-W:1 CLAS B-105,Requisito Idioma,2026-1
29175,EUC1000,7,Pre Intermediate English I,Gonzalez Paulina,M-J:1 CLAS AP006,Requisito Idioma,2026-1
30778,EUC1000,8,Pre Intermediate English I,Gonzalez Paulina,L-W:1 CLAS T3225,Requisito Idioma,2026-1
32575,EUC1000,9,Pre Intermediate English I,Rodríguez Camila,L-W:2 CLAS AP007,Requisito Idioma,2026-1
29176,EUC2000,1,Pre Intermediate English II,Donoso Maria,L-W:1 CLAS T2223,Requisito Idioma,2026-1
29177,EUC2000,2,Pre Intermediate English II,Donoso Maria,L-W:2 CLAS T2223,Requisito Idioma,2026-1
29178,EUC2000,3,Pre Intermediate English II,Espinoza Verónica,L-W:3 CLAS H3,Requisito Idioma,2026-1
29179,EUC2000,4,Pre Intermediate English II,Espinoza Verónica,L-W:5 CLAS S5,Requisito Idioma,2026-1
29180,EUC2000,5,Pre Intermediate English II,Ramos Lissette,M-J:6 CLAS K307,Requisito Idioma,2026-1
29181,EUC2000,6,Pre Intermediate English II,Díaz-Muñoz Leonor,M-J:1 CLAS FT-104,Requisito Idioma,2026-1
29182,EUC2000,7,Pre Intermediate English II,Yancovic Carolina,M-J:2 CLAS ED216,Requisito Idioma,2026-1
29183,EUC2000,8,Pre Intermediate English II,Diaz Alvaro,M-J:3 CLAS AP006,Requisito Idioma,2026-1
29184,EUC2000,9,Pre Intermediate English II,Escobar Raul,M-J:7 CLAS S12,Requisito Idioma,2026-1
29186,EUC2000,10,Pre Intermediate English II,Escobar Raul,M-J:6 CLAS S8,Requisito Idioma,2026-1
29188,EUC2000,11,Pre Intermediate English II,Donoso Maria,"V:1,2 CLAS C400",Requisito Idioma,2026-1
29189,EUC2000,12,Pre Intermediate English II,Rovlich Ruth,"V:5,6 CLAS AP501",Requisito Idioma,2026-1
29235,EUC2000,13,Pre Intermediate English II,Díaz-Muñoz Leonor,"S:3,4 CLAS C511",Requisito Idioma,2026-1
29236,EUC2000,14,Pre Intermediate English II,Yancovic Carolina,L-W:2 CLAS A_101,Requisito Idioma,2026-1
31092,EUC2000,15,Pre Intermediate English II,Garcia Antonio,M-J:5 CLAS A_101,Requisito Idioma,2026-1
30785,EUC2000,16,Pre Intermediate English II,Peña Constanza,"J:7,8 CLAS R205",Requisito Idioma,2026-1
32579,EUC2000,17,Pre Intermediate English II,Parada Claudia,L:7 CLAS SIN SALA V:4 CLAS SIN SALA,Requisito Idioma,2026-1
29238,EUC3000,1,Lower Intermediate English I,Rodríguez Camila,L-W:3 CLAS AP007,Requisito Idioma,2026-1
29239,EUC3000,2,Lower Intermediate English I,Díaz-Muñoz Leonor,L-W:1 CLAS H3,Requisito Idioma,2026-1
29240,EUC3000,3,Lower Intermediate English I,Gonzalez Paulina,L-W:2 CLAS T3225,Requisito Idioma,2026-1
29241,EUC3000,4,Lower Intermediate English I,Benavides Daniela,L-W:3 CLAS H2,Requisito Idioma,2026-1
29242,EUC3000,5,Lower Intermediate English I,Garcia Antonio,L-W:4 CLAS AP006,Requisito Idioma,2026-1
29243,EUC3000,6,Lower Intermediate English I,Molina Thabata,L-W:5 CLAS C509,Requisito Idioma,2026-1
31103,EUC3000,7,Lower Intermediate English I,Molina Thabata,L-W:6 CLAS C509,Requisito Idioma,2026-1
29245,EUC3000,8,Lower Intermediate English I,Donoso Maria,M-J:1 CLAS H3,Requisito Idioma,2026-1
29246,EUC3000,9,Lower Intermediate English I,Figueroa Andrea,M-J:1 CLAS AP007,Requisito Idioma,2026-1
29247,EUC3000,10,Lower Intermediate English I,Ramos Lissette,M-J:2 CLAS T1221,Requisito Idioma,2026-1
29248,EUC3000,11,Lower Intermediate English I,Ramos Lissette,M-J:3 CLAS T1221,Requisito Idioma,2026-1
29249,EUC3000,12,Lower Intermediate English I,Rodríguez Camila,M-J:4 CLAS C503,Requisito Idioma,2026-1
29250,EUC3000,13,Lower Intermediate English I,Ramos Lissette,M-J:5 CLAS K307,Requisito Idioma,2026-1
29251,EUC3000,14,Lower Intermediate English I,Pino Cristian,M-J:6 CLAS C301,Requisito Idioma,2026-1
29252,EUC3000,15,Lower Intermediate English I,Espinoza Verónica,"V:1,2 CLAS FT-103",Requisito Idioma,2026-1
29253,EUC3000,16,Lower Intermediate English I,Gutierrez Silvia,"V:3,4 CLAS AP006",Requisito Idioma,2026-1
29254,EUC3000,17,Lower Intermediate English I,Gutierrez Silvia,"V:5,6 CLAS AP401",Requisito Idioma,2026-1
29255,EUC3000,18,Lower Intermediate English I,Gambino Cecilia,"S:3,4 CLAS S5",Requisito Idioma,2026-1
29258,EUC3000,21,Lower Intermediate English I,Gómez Félix,L-W:3 CLAS A_101,Requisito Idioma,2026-1
29259,EUC3000,22,Lower Intermediate English I,Gómez Félix,L-W:4 CLAS A_101,Requisito Idioma,2026-1
31105,EUC3000,23,Lower Intermediate English I,Sepulveda Esteban,L-W:5 CLAS SALA-62,Requisito Idioma,2026-1
31106,EUC3000,24,Lower Intermediate English I,Garcia Antonio,M-J:6 CLAS A_101,Requisito Idioma,2026-1
29262,EUC3000,25,Lower Intermediate English I,Pino Cristian,"V:1,2 CLAS D405",Requisito Idioma,2026-1
29263,EUC3000,26,Lower Intermediate English I,Molina Thabata,L-W:1 CLAS SALA103,Requisito Idioma,2026-1
31104,EUC3000,27,Lower Intermediate English I,Pereira Gracielle,"M:7,8 CLAS R201",Requisito Idioma,2026-1
29265,EUC4000,1,Lower Intermediate English II,Liberona Octavio,L-W:4 CLAS AP005,Requisito Idioma,2026-1
29266,EUC4000,2,Lower Intermediate English II,Rodríguez Camila,L-W:1 CLAS AP007,Requisito Idioma,2026-1
29267,EUC4000,3,Lower Intermediate English II,Diaz Alvaro,L-W:2 CLAS FT-105,Requisito Idioma,2026-1
29268,EUC4000,4,Lower Intermediate English II,Paredes Catalina,L-W:3 CLAS FT-103,Requisito Idioma,2026-1
29269,EUC4000,5,Lower Intermediate English II,Quiroz Guillermo,L-W:4 CLAS S13,Requisito Idioma,2026-1
29270,EUC4000,6,Lower Intermediate English II,Garcia Antonio,L-W:5 CLAS FT-104,Requisito Idioma,2026-1
29271,EUC4000,7,Lower Intermediate English II,Quiroz Guillermo,L-W:6 CLAS C503,Requisito Idioma,2026-1
29273,EUC4000,9,Lower Intermediate English II,Diaz Alvaro,M-J:4 CLAS AP006,Requisito Idioma,2026-1
29274,EUC4000,10,Lower Intermediate English II,Rodríguez Camila,M-J:1 CLAS C511,Requisito Idioma,2026-1
29354,EUC4000,11,Lower Intermediate English II,Figueroa Andrea,M-J:2 CLAS AP007,Requisito Idioma,2026-1
29355,EUC4000,12,Lower Intermediate English II,Gatica Ignacio,M-J:2 CLAS C507,Requisito Idioma,2026-1
29358,EUC4000,13,Lower Intermediate English II,Pino Cristian,M-J:3 CLAS AP007,Requisito Idioma,2026-1
29359,EUC4000,14,Lower Intermediate English II,Pino Cristian,M-J:4 CLAS AP007,Requisito Idioma,2026-1
29366,EUC4000,16,Lower Intermediate English II,Quiroz Guillermo,M-J:5 CLAS C500,Requisito Idioma,2026-1
31115,EUC4000,17,Lower Intermediate English II,Donoso Karla,M-J:5 CLAS C307,Requisito Idioma,2026-1
29368,EUC4000,18,Lower Intermediate English II,Fenwick Patrick,M-J:6 CLAS S4,Requisito Idioma,2026-1
29369,EUC4000,19,Lower Intermediate English II,Quiroz Guillermo,M-J:7 CLAS C509,Requisito Idioma,2026-1
29370,EUC4000,20,Lower Intermediate English II,Figueroa Andrea,"V:1,2 CLAS C507",Requisito Idioma,2026-1
29371,EUC4000,21,Lower Intermediate English II,Yancovic Carolina,"V:5,6 CLAS ID300",Requisito Idioma,2026-1
29372,EUC4000,22,Lower Intermediate English II,Diaz Alvaro,"V:3,4 CLAS C505",Requisito Idioma,2026-1
29373,EUC4000,23,Lower Intermediate English II,Molina Thabata,"V:5,6 CLAS J1",Requisito Idioma,2026-1
29374,EUC4000,24,Lower Intermediate English II,Quiroz Guillermo,"V:6,7 CLAS S5",Requisito Idioma,2026-1
29375,EUC4000,25,Lower Intermediate English II,Diaz Max,"S:3,4 CLAS ED214",Requisito Idioma,2026-1
29376,EUC4000,26,Lower Intermediate English II,Yancovic Carolina,L-W:1 CLAS A_101,Requisito Idioma,2026-1
31116,EUC4000,27,Lower Intermediate English II,Coloma Estefania,"V:1,2 CLAS PLIRA",Requisito Idioma,2026-1
29378,EUC4000,28,Lower Intermediate English II,Paredes Catalina,"S:3,4 CLAS P_AYLWIN_A",Requisito Idioma,2026-1
31112,EUC4000,31,Lower Intermediate English II,Gatica Ignacio,M-J:4 CLAS A_101,Requisito Idioma,2026-1
31117,EUC4000,33,Lower Intermediate English II,Coloma Estefania,"V:3,4 CLAS PLIRA",Requisito Idioma,2026-1
31113,EUC4000,34,Lower Intermediate English II,Liberona Octavio,M-J:1 CLAS A-SALA3,Requisito Idioma,2026-1
29388,EUC4000,35,Lower Intermediate English II,Pereira Gracielle,"L:7,8 CLAS R205",Requisito Idioma,2026-1
29389,EUC4008,1,Exit English B1: Lower Intermediate,Liberona Octavio,L-W:1 CLAS AP005,Requisito Idioma,2026-1
29390,EUC4008,2,Exit English B1: Lower Intermediate,Liberona Octavio,L-W:2 CLAS AP005,Requisito Idioma,2026-1
31120,EUC4008,3,Exit English B1: Lower Intermediate,Fenwick Patrick,M-J:7 CLAS ED216,Requisito Idioma,2026-1
29392,EUC4008,4,Exit English B1: Lower Intermediate,Paredes Catalina,L-W:5 CLAS C500,Requisito Idioma,2026-1
31118,EUC4008,5,Exit English B1: Lower Intermediate,Liberona Octavio,"V:6,7 CLAS C511",Requisito Idioma,2026-1
29394,EUC4008,6,Exit English B1: Lower Intermediate,Fenwick Patrick,L-W:7 CLAS C511,Requisito Idioma,2026-1
29395,EUC4008,7,Exit English B1: Lower Intermediate,Liberona Octavio,L-W:3 CLAS AP005,Requisito Idioma,2026-1
29396,EUC4008,8,Exit English B1: Lower Intermediate,Ramos Lissette,M-J:4 CLAS T1221,Requisito Idioma,2026-1
29397,EUC4008,9,Exit English B1: Lower Intermediate,Molina Thabata,M-J:1 CLAS S12,Requisito Idioma,2026-1
29398,EUC4008,10,Exit English B1: Lower Intermediate,Fenwick Patrick,M-J:5 CLAS AP004,Requisito Idioma,2026-1
29399,EUC4008,11,Exit English B1: Lower Intermediate,Díaz Camila,"V:1,2 CLAS A_101",Requisito Idioma,2026-1
29400,EUC4008,12,Exit English B1: Lower Intermediate,Diaz Alvaro,"V:1,2 CLAS C505",Requisito Idioma,2026-1
29402,EUC4008,14,Exit English B1: Lower Intermediate,Díaz Camila,"V:3,4 CLAS A_101",Requisito Idioma,2026-1
29403,EUC4008,15,Exit English B1: Lower Intermediate,Pino Cristian,"S:3,4 CLAS A_101",Requisito Idioma,2026-1
31119,EUC4008,16,Exit English B1: Lower Intermediate,Gatica Ignacio,"V:1,2 CLAS SALA11",Requisito Idioma,2026-1
31121,EUC4008,17,Exit English B1: Lower Intermediate,Reyes Isaias,"W:7,8 CLAS R201",Requisito Idioma,2026-1
29408,EUC5000,1,Upper Intermediate English I,Benavides Daniela,L-W:1 CLAS H2,Requisito Idioma,2026-1
29409,EUC5000,2,Upper Intermediate English I,Quiroz Guillermo,L-W:5 CLAS C503,Requisito Idioma,2026-1
29410,EUC5000,3,Upper Intermediate English I,Benavides Daniela,L-W:2 CLAS H2,Requisito Idioma,2026-1
29411,EUC5000,4,Upper Intermediate English I,Paredes Catalina,L-W:2 CLAS FT-103,Requisito Idioma,2026-1
29412,EUC5000,5,Upper Intermediate English I,Rovlich Ruth,"V:2,3 CLAS AP007",Requisito Idioma,2026-1
29414,EUC6000,1,Upper Intermediate English II,Figueroa Andrea,L-W:1 CLAS S12,Requisito Idioma,2026-1
29415,EUC6000,2,Upper Intermediate English II,Escobar Raul,L-W:2 CLAS AP006,Requisito Idioma,2026-1
29416,EUC6000,3,Upper Intermediate English II,Escobar Raul,L-W:3 CLAS AP006,Requisito Idioma,2026-1
29417,EUC6000,4,Upper Intermediate English II,Fenwick Patrick,L-W:4 CLAS T2223,Requisito Idioma,2026-1
29418,EUC6000,5,Upper Intermediate English II,Gatica Ignacio,M-J:1 CLAS C507,Requisito Idioma,2026-1
29419,EUC6000,6,Upper Intermediate English II,Figueroa Andrea,"V:3,4 CLAS C507",Requisito Idioma,2026-1
29420,EUC6000,7,Upper Intermediate English II,Molina Thabata,"V:3,4 CLAS T1221",Requisito Idioma,2026-1
29430,EUC6000,8,Upper Intermediate English II,Tirado Angeola,"S:3,4 CLAS S12",Requisito Idioma,2026-1
29434,EUC7000,1,Exit English B2: Upper Intermediate,Escobar Raul,L-W:1 CLAS AP006,Requisito Idioma,2026-1
29435,EUC7000,2,Exit English B2: Upper Intermediate,Yancovic Carolina,M-J:1 CLAS ED216,Requisito Idioma,2026-1
29443,EUC7000,3,Exit English B2: Upper Intermediate,Monsalve Hernan,"V:1,2 CLAS C300",Requisito Idioma,2026-1
29447,EUC7000,4,Exit English B2: Upper Intermediate,Encina Benjamin,"V:3,4 CLAS AP005",Requisito Idioma,2026-1
29448,EUC7000,5,Exit English B2: Upper Intermediate,Díaz Camila,"S:2,3 CLAS AP007",Requisito Idioma,2026-1
31102,EUC8002,1,Persuasion in Action: Navigating the 17 Sdgs Through Effective Communication,Encina Benjamin,M-J:6 CLAS C500,Requisito Idioma,2026-1
16721,RII1001,8,Pre-Intermediate English 1,Parada Claudia,W:5 CLAS SIN SALA V:3 CLAS SIN SALA,Requisito Idioma,2026-1
22129,RII2200,1,Exit English Alte 1,Parada Claudia,L:1 CLAS SIN SALA M:7 CLAS SIN SALA,Requisito Idioma,2026-1
28773,RII8001,1,English for Academic Purposes,Jullian Paula,L-W:5 CLAS C507,Requisito Idioma,2026-1
28777,RII8003,1,Exam Preparation for School Application,Encina Benjamin,M-J:5 CLAS E17,Requisito Idioma,2026-1
14612,VRA001V,1,English Test Villarrica,Dirección Docente,L:1 CLAS SIN SALA,Requisito Idioma,2026-1
30999,VRA001V,2,English Test Villarrica,Dirección Docente,: LIB SIN SALA,Requisito Idioma,2026-1
14616,VRA100C,1,Examen de Comunicación Escrita (Ece),Dirección Docente,: CLAS SIN SALA,Requisito Idioma,2026-1
28850,VRA101C,1,Eximido Requisito de Castellano,Por Fijar,"L-M-W-J-V:5,6,7,8,9 CLAS CINE_CEX S:1,2,3,4,5,6,7,8,9 CLAS CINE_CEX",Requisito Idioma,2026-1
29064,VRA101I,1,Eximido Requisito de Ingles,"Vázquez María, Cona Inés, Hayet Bárbara, Irrazabal Marcela",L:1 CLAS PEÑALOLEN,Requisito Idioma,2026-1
14620,VRA2000,1,English Test Alte 2,Dirección Docente,: CLAS SIN SALA,Requisito Idioma,2026-1
24009,VRA2000,2,English Test Alte 2,Dirección Docente,: CLAS SIN SALA,Requisito Idioma,2026-1
14645,VRA2010,1,English Placement Test Alte 3,Dirección Docente,: CLAS SIN SALA,Requisito Idioma,2026-1
24021,VRA2010,2,English Placement Test Alte 3,Dirección Docente,: CLAS SIN SALA,Requisito Idioma,2026-1
14646,VRA3010,1,English Test (Sufficiency Alte 3),Dirección Docente,: CLAS SIN SALA,Requisito Idioma,2026-1
18714,SOL100,1,Paradigmas Sociologicos,Velasco Patricio,L-W:2 CLAS AE107 V:4 AYU K201,Sociología,2026-1
18715,SOL100,2,Paradigmas Sociologicos,Lopez Eleonora,"L:5,6 CLAS S9 V:2 AYU S9",Sociología,2026-1
22621,SOL126S,1,Metodologia de la Investigacion Social,Ossandon Joaquin,"L:5 AYU D104 M:5,6 CLAS D101",Sociología,2026-1
31455,SOL152S,1,Comunicacion Estrategica,Munita Roberto,"L:5,6 CLAS N18 V:2 AYU N10",Sociología,2026-1
33212,SOL189S,1,Evaluación Cualitativa de Programas Sociales,Sagredo Maria,"M:3,4 CLAS N6 J:6 AYU AUD_J",Sociología,2026-1
13811,SOL190,1,Evaluación de Proyectos Sociales,"Cea Macarena, Canals Maria",L:3 AYU D104 M-J:2 CLAS N8,Sociología,2026-1
33213,SOL198,1,Sociología de la Opinión Pública,Bargsted Matias,"M:4,5 CLAS N16-B J:4 AYU N16-B",Sociología,2026-1
22579,SOL200S,1,Taller de Titulacion I,Ayala Pamela,: CLAS SIN SALA,Sociología,2026-1
23923,SOL200S,2,Taller de Titulacion I,Leyton Alex,: CLAS SIN SALA,Sociología,2026-1
23926,SOL200S,3,Taller de Titulacion I,Webb Andrew,: CLAS SIN SALA,Sociología,2026-1
23928,SOL200S,4,Taller de Titulacion I,Undurraga Beltran,: CLAS SIN SALA,Sociología,2026-1
23930,SOL200S,5,Taller de Titulacion I,Ortuzar Catalina,: CLAS SIN SALA,Sociología,2026-1
23931,SOL200S,6,Taller de Titulacion I,Yanez Claudia,: CLAS SIN SALA,Sociología,2026-1
23933,SOL200S,7,Taller de Titulacion I,Leal Daniella,: CLAS SIN SALA,Sociología,2026-1
23935,SOL200S,8,Taller de Titulacion I,Hughes Eileen,: CLAS SIN SALA,Sociología,2026-1
23936,SOL200S,9,Taller de Titulacion I,Donoso Gonzalo,: CLAS SIN SALA,Sociología,2026-1
25670,SOL200S,10,Taller de Titulacion I,Ayala Pamela,: CLAS SIN SALA,Sociología,2026-1
29013,SOL200S,11,Taller de Titulacion I,Lopez Pedro,: CLAS SIN SALA,Sociología,2026-1
22580,SOL204S,1,Taller de Titulacion II,Ayala Pamela,: CLAS SIN SALA,Sociología,2026-1
23924,SOL204S,2,Taller de Titulacion II,Leyton Alex,: CLAS SIN SALA,Sociología,2026-1
23927,SOL204S,3,Taller de Titulacion II,Leal Daniella,: CLAS SIN SALA,Sociología,2026-1
23929,SOL204S,4,Taller de Titulacion II,Hughes Eileen,: CLAS SIN SALA,Sociología,2026-1
23932,SOL204S,5,Taller de Titulacion II,Donoso Gonzalo,: CLAS SIN SALA,Sociología,2026-1
23934,SOL204S,6,Taller de Titulacion II,Lopez Pedro,: CLAS SIN SALA,Sociología,2026-1
29011,SOL204S,7,Taller de Titulacion II,Ortuzar Catalina,: CLAS SIN SALA,Sociología,2026-1
18749,SOL208,1,Métodos de Investigación a Través de Encuestas,Herrera Maria,M-J:3 CLAS TMP103 M:1 AYU S20,Sociología,2026-1
27923,SOL208,2,Métodos de Investigación a Través de Encuestas,Leal Daniella,M-J:3 CLAS AP502 M:1 AYU ED217,Sociología,2026-1
21136,SOL220,1,"Sociología, Emprendimiento y Consultoría",Tapia Cesar,"J:3,4 CLAS N10 V:6 AYU NT203",Sociología,2026-1
33223,SOL223,1,Sociología de la Religión,Neckelmann Maureen,"W:3,4 CLAS N10",Sociología,2026-1
32932,SOL3002,1,Teoría Sociológica Avanzada,Undurraga Beltran,"M:5,6 CLAS S_MAG_SOC",Sociología,2026-1
32920,SOL3016,1,Estratificacion Social,Bucca Mauricio,"J:2,3 CLAS S_MAG_SOC",Sociología,2026-1
31216,SOL3019,1,Sociologia del Crimen y la Desviacion Social,Valenzuela Eduardo,"J:2,3 CLAS S_MAG_SOC",Sociología,2026-1
25847,SOL3041,1,Etnografía,Palacios Rosario,"V:2,3 CLAS S_MAG_SOC",Sociología,2026-1
13861,SOL3063,1,Inferencia Causal,Maldonado Luis,"M:4 AYU S-COMP3 W:5,6 CLAS S_MAG_SOC",Sociología,2026-1
28252,SOL3067,1,Análisis de Modelos de Ecuaciones Estructurales,Sánchez Felipe,"L:5,6 CLAS S_MAG_SOC",Sociología,2026-1
30063,SOL3071,1,Sociología de la Raza y la Etnicidad,Webb Andrew,"V:5,6 CLAS S_MAG_SOC",Sociología,2026-1
32747,SOL3080,1,Seminario de Tesis,"Fernandez Maria, Herrera Maria, Salinas Viviana",: TES SIN SALA,Sociología,2026-1
32748,SOL3080,2,Seminario de Tesis,"Maldonado Luis, Cabib Ignacio, Somma Nicolas",: TES SIN SALA,Sociología,2026-1
32749,SOL3080,3,Seminario de Tesis,"Canales Andrea, Bucca Mauricio, Cabello Tania",: TES SIN SALA,Sociología,2026-1
32750,SOL3080,4,Seminario de Tesis,"Torres Felipe, Atria Jorge, Giacoman Claudia",: TES SIN SALA,Sociología,2026-1
22933,SOL3081,1,Tesis,Maldonado Luis,: CLAS SIN SALA,Sociología,2026-1
24256,SOL3084,1,Sociología de América Latina,Biehl Andres,"L:5,6 CLAS S_MAG_SOC",Sociología,2026-1
24087,SOL3085,1,Actividad Docente,Salinas Viviana,: CLAS SIN SALA,Sociología,2026-1
24085,SOL3086,1,Actividad Anual de Seguimiento I,Salinas Viviana,: CLAS SIN SALA,Sociología,2026-1
25803,SOL3087,1,Actividad Anual de Seguimiento II,Salinas Viviana,: CLAS SIN SALA,Sociología,2026-1
24088,SOL3088,1,Autoría Artículo Científico,Salinas Viviana,: CLAS SIN SALA,Sociología,2026-1
24086,SOL3089,1,Pasantía,Salinas Viviana,: CLAS SIN SALA,Sociología,2026-1
16116,SOL3090,1,Proyecto de Tesis Doctoral I,Salinas Viviana,: TES SIN SALA,Sociología,2026-1
25548,SOL3091,1,Proyecto de Tesis Doctoral II,Salinas Viviana,: TAL SIN SALA,Sociología,2026-1
25547,SOL3092,1,Examen de Candidatura,Salinas Viviana,: CLAS SIN SALA,Sociología,2026-1
16119,SOL3093,1,Tesis Doctoral I,Salinas Viviana,: TES SIN SALA,Sociología,2026-1
24084,SOL3094,1,Tesis Doctoral II,Salinas Viviana,: TES SIN SALA,Sociología,2026-1
17590,SOL3095,1,Tesis Doctoral III,Salinas Viviana,: TES SIN SALA,Sociología,2026-1
25801,SOL3096,1,Tesis Doctoral IV,Salinas Viviana,: CLAS SIN SALA,Sociología,2026-1
21752,SOL3097,1,Practica en Investigación Sociológica I,Salinas Viviana,: PRA SIN SALA,Sociología,2026-1
22542,SOL3098,1,Practica en Investigación Sociológica II,Salinas Viviana,: PRA SIN SALA,Sociología,2026-1
32936,SOL3099,1,Enfoque de Curso de Vida en Ciencias Sociales,Cabib Ignacio,"W:2,3 CLAS S_MAG_SOC",Sociología,2026-1
33998,SOL3101,1,Coloquio Doctoral I,Salinas Viviana,: CLAS SIN SALA,Sociología,2026-1
33999,SOL3102,1,Coloquio Doctoral Ll,Salinas Viviana,: CLAS SIN SALA,Sociología,2026-1
34000,SOL3103,1,Coloquio Doctoral III,Salinas Viviana,: CLAS SIN SALA,Sociología,2026-1
33221,SOL316,1,"Sociedad, Naturaleza, y Tecnología",Undurraga Beltran,L-W:2 CLAS AUD_J V:5 AYU N10,Sociología,2026-1
31467,SOL319,1,Introducción al Aprendizaje de Máquina para Ciencias Sociales,Bosley Mitchell,"L:3,4 CLAS S20 W:6 AYU S14",Sociología,2026-1
31466,SOL322,1,Política y Gestión Cultural,Velásquez Roberto,"M:5,6 CLAS N7 V:4 AYU NT203",Sociología,2026-1
33203,SOL324,1,Organizaciones y Cambio en Contextos Contemporáneos,Moura Claudia,"W:3,4 CLAS AUD_J V:3 AYU NT202",Sociología,2026-1
26051,SOL400,1,Sociología Digital,Beytia Pablo,"L:4 AYU NT202 W:3,4 CLAS N8",Sociología,2026-1
31436,SOL4046,1,Análisis de Regresión Lineal,Canales Andrea,"M:2,3 CLAS S-COMP3 V:4 AYU S-COMP3",Sociología,2026-1
31441,SOL4047,1,Aproximaciones Metodológicas de la Investigación Cualitativa,Webb Andrew,"L:3,4 CLAS S_MAG_SOC W:4 AYU S_MAG_SOC",Sociología,2026-1
33220,SOL405,1,Sociología del Trabajo,Dussert Juan,"L:1,2 CLAS NT202 V:3 AYU N10",Sociología,2026-1
33204,SOL407,1,Sociología de la Inteligencia Artificial,Yagmour Jhoerson,"L:5,6 CLAS N17 V:2 AYU NT202",Sociología,2026-1
30168,SOL500,1,¿Qué Es la Sociología?,Ayala Pamela,M-J:3 CLAS AE204 V:3 AYU N13-B,Sociología,2026-1
30170,SOL500,2,¿Qué Es la Sociología?,Velasco Patricio,"L:5,6 CLAS E11 V:3 AYU J4",Sociología,2026-1
31369,SOL500,3,¿Qué Es la Sociología?,Espinosa Alejandro,M-J:3 CLAS AE107 V:3 AYU AE002,Sociología,2026-1
31372,SOL500,4,¿Qué Es la Sociología?,Somma Nicolas,L-W:3 CLAS AE004 V:3 AYU AE004,Sociología,2026-1
31373,SOL500,5,¿Qué Es la Sociología?,Undurraga Beltran,M-J:3 CLAS AE105 V:3 AYU AE202,Sociología,2026-1
31374,SOL500,6,¿Qué Es la Sociología?,Atria Jorge,L-W:3 CLAS AE105 V:3 AYU AE003,Sociología,2026-1
30175,SOL501,1,Sociedades Modernas Occidentales,Reyes Javiera,L-W:3 CLAS A1 V:4 AYU N10,Sociología,2026-1
34007,SOL501,2,Sociedades Modernas Occidentales,Reyes Javiera,L-W:3 CLAS A1 V:4 AYU AE208,Sociología,2026-1
30172,SOL502,1,Fundamentos Normativos de la Sociedad,Ortuzar Catalina,"M:5,6 CLAS NT201 V:5 AYU AE208",Sociología,2026-1
34008,SOL502,2,Fundamentos Normativos de la Sociedad,Ortuzar Catalina,"M:5,6 CLAS NT201 V:5 AYU NT203",Sociología,2026-1
31380,SOL505,1,Diseño de Investigación Social,Fernandez Maria,"L:3,4 CLAS J3 V:2 AYU J1",Sociología,2026-1
31381,SOL505,2,Diseño de Investigación Social,Canales Andrea,"M:5,6 CLAS N10 V:2 AYU J4",Sociología,2026-1
31378,SOL506,1,Sociedades Modernas Latinoamericanas,Cáceres Ignacio,"W:3,4 CLAS S9 V:3 AYU NT201",Sociología,2026-1
31379,SOL507,1,Teorías Sociales Interaccionales,Reyes Javiera,"M:3,4 CLAS AE203 V:4 AYU J4",Sociología,2026-1
31660,SOL507,2,Teorías Sociales Interaccionales,Reyes Javiera,"M:3,4 CLAS AE203 V:4 AYU C400",Sociología,2026-1
31663,SOL507,3,Teorías Sociales Interaccionales,Reyes Javiera,"M:3,4 CLAS AE203 V:4 AYU FT-104",Sociología,2026-1
33196,SOL512,1,Probabilidad e Inferencia para Estadística Social,Cabello Tania,"L-W:4 CLAS AP602 J:3,4 AYU N11",Sociología,2026-1
33197,SOL512,2,Probabilidad e Inferencia para Estadística Social,Bucca Mauricio,"L-W:4 CLAS J2 L:5,6 AYU J4",Sociología,2026-1
33199,SOL513,1,Investigación Social Cualitativa,Giacoman Claudia,"J:2 AYU J1 V:3,4 CLAS J1",Sociología,2026-1
33201,SOL513,2,Investigación Social Cualitativa,Yopo Martina,"J:2 AYU AL1 V:3,4 CLAS E17",Sociología,2026-1
33202,SOL514,1,Teorías Sociales Críticas,Torres Felipe,L-W:3 CLAS N6 V:2 AYU N4,Sociología,2026-1
22198,ACO256E,1,Improvisación y Máscara,Daccarett Jimmy,"J:3,4 TAL ED215",Teatro,2026-1
10009,ACO264E,1,Habilidades Comunicativas Orales,Aguilera Gabriela,"V:3,4 TAL S72-S73",Teatro,2026-1
10008,ACO264E,2,Habilidades Comunicativas Orales,Boys Maureen,"M:3,4 TAL SALA-62",Teatro,2026-1
15313,ACO264E,3,Habilidades Comunicativas Orales,Pantoja Sara,"J:3,4 TAL SALA-62",Teatro,2026-1
32289,ACO4002,1,Problemas del Teatro Chileno y Latinoamericano Contemporáneos,Saavedra Maria,"M:8,9 CLAS SIN SALA",Teatro,2026-1
26033,ACT101A,1,Taller de Montaje: Teatro Dramático,Viguera Alvaro,"L-W-V:2,3,4 TAL T201",Teatro,2026-1
27134,ACT101B,1,Taller de Montaje: Teatro Fragmentario,Echenique Claudia,"L-W-V:2,3,4 TAL T104",Teatro,2026-1
28221,ACT101E,1,Taller de Montaje: Cuerpo Extracotidiano,Montagna Juan,"L-W-V:2,3,4 TAL T202",Teatro,2026-1
31147,ACT101F,1,Taller de Montaje: Teatro Clásico-Barroco,Muñoz Mariana,"L-W-V:2,3,4 TAL T203",Teatro,2026-1
33132,ACT101G,1,Taller de Montaje: Teatro Colaborativo,Von Hummel Alexandra,"L-W-V:2,3,4 CLAS T103",Teatro,2026-1
29504,ACT101H,1,Taller de Montaje: Prácticas Performativas y Multimedia,Ormazabal Ana,"L-W-V:2,3,4 TAL T204",Teatro,2026-1
19429,ACT103A,1,Procesos Creativos del Cuerpo,Ormazabal Ana,"W:5,6 TAL T204",Teatro,2026-1
19431,ACT103C,1,Cuerpo y Memoria,Pizarro Alvaro,"M:5,6 TAL T202",Teatro,2026-1
17909,ACT106B,1,Ejercicios de Escritura Teatral,Duarte Maria,"W:5,6 TAL R201",Teatro,2026-1
19420,ACT106D,1,Taller de Dramaturgía,Stranger Ines,"M:5,6 TAL R202",Teatro,2026-1
28727,ACT108B,1,Dirección: Imagen y Sonido,Ureta Luis,"M:5,6,7 TAL T101",Teatro,2026-1
28728,ACT108C,1,Dirección: Laboratorio de Creación,Perez Rodrigo,"W:5,6,7 TAL T102",Teatro,2026-1
29276,ACT109B,1,Escritura Crítica y Análisis Escénico,Grumann Andres,"M:5,6 CLAS R201",Teatro,2026-1
29277,ACT109D,1,Teorías Teatrales y de la Performance,Saavedra Maria,"W:5,6 CLAS R205",Teatro,2026-1
10024,ACT111,1,Actuación I: Percepción Teatral,Vergara Alexei,"M-J:1,2,3 TAL T202 M-J:4 AYU T202",Teatro,2026-1
10022,ACT111,2,Actuación I: Percepción Teatral,Costa Mario,"M-J:1,2,3 TAL T104 M-J:4 AYU T104",Teatro,2026-1
24361,ACT111,3,Actuación I: Percepción Teatral,Gallo Daniel,"M-J:1,2,3 TAL T204 M-J:4 AYU T204",Teatro,2026-1
10028,ACT112,1,Voz I: Percepción,Lopez Elvira,"L:3,4 TAL T105 W:5,6 TAL T105",Teatro,2026-1
18415,ACT112,2,Voz I: Percepción,Fernandez Gala,"L:3,4 TAL T106 W:5,6 TAL T106",Teatro,2026-1
10026,ACT112,3,Voz I: Percepción,Pantoja Sara,"L:3,4 TAL T101 W:5,6 TAL T101",Teatro,2026-1
24362,ACT113,1,Movimiento I: Conciencia Corporal,Cáceres Alejandro,"M-V:5,6 TAL T103",Teatro,2026-1
10031,ACT113,2,Movimiento I: Conciencia Corporal,Aguero Ignacia,"M-V:5,6 TAL T204",Teatro,2026-1
10029,ACT113,3,Movimiento I: Conciencia Corporal,Gimeno Carolina,"M-V:5,6 TAL T201",Teatro,2026-1
10033,ACT114,1,Teatro Chileno,Martinez Maria,"L:5,6 CLAS AUD_203",Teatro,2026-1
10036,ACT115,1,El Proceso de Creación Teatral,Duarte Maria,"V:2 AYU AUD_201 V:3,4 CLAS AUD_201",Teatro,2026-1
10035,ACT115,2,El Proceso de Creación Teatral,Baeza Macarena,"V:2,3 CLAS FT-102",Teatro,2026-1
26163,ACT1291,1,Re-Conociendo la Emoción,Zuniga Paula,"W:5,6 TAL T103",Teatro,2026-1
31160,ACT1294,1,Laboratorio de Puesta en Escena para Lenguaje Audiovisual,Calderon Guillermo,"V:5,6 CLAS T203",Teatro,2026-1
33128,ACT1298,1,La Máscara en el Trabajo del Actor,Gimeno Carolina,"W:5,6,7 CLAS T201",Teatro,2026-1
25536,ACT1305,1,Actuación: Exploración y Acontecimiento,Viguera Alvaro,"W:5,6 TAL T203",Teatro,2026-1
31161,ACT1307,1,Comunicación Expresiva: Conciencia Vocal y Corporal,Gutierrez Ramon,"W:3,4 CLAS C403",Teatro,2026-1
31162,ACT1307,2,Comunicación Expresiva: Conciencia Vocal y Corporal,Lopez Elvira,"M:5,6 CLAS ALT",Teatro,2026-1
33727,ACT1308,1,Conciencia y Expresión del Cuerpo,Cohen Elias,"L:2,3 CLAS T102",Teatro,2026-1
29280,ACT1309,1,Imaginarios para la Construcción del Teatro Chileno,Gecele Patrizio,"M:3,4 CLAS C401",Teatro,2026-1
31164,ACT1309,2,Imaginarios para la Construcción del Teatro Chileno,Aravena Jonathan,"J:3,4 CLAS AUD-41",Teatro,2026-1
15334,ACT131,1,Actuación Iii: la Escena Moderna en el Siglo XX,Aguero Ignacia,"M-J:1,2,3 TAL T105",Teatro,2026-1
26165,ACT131,2,Actuación Iii: la Escena Moderna en el Siglo XX,Atencio David,"M-J:1,2,3 TAL T102",Teatro,2026-1
26166,ACT131,3,Actuación Iii: la Escena Moderna en el Siglo XX,Ubal Andrea,"M-J:1,2,3 TAL T101",Teatro,2026-1
24944,ACT1311,1,Mitos Clásicos y Creación de Relatos en la Dramaturgia,Romero Carla,"W:5,6 CLAS AUD-61",Teatro,2026-1
29532,ACT1311,2,Mitos Clásicos y Creación de Relatos en la Dramaturgia,Barrales Luis,"L:3,4 CLAS C403",Teatro,2026-1
26167,ACT1312,1,Performance Como Experiencia para la Transformación Social,López Daniela,"V:3,4 CLAS M7",Teatro,2026-1
33130,ACT1312,2,Performance Como Experiencia para la Transformación Social,Cannobbio Camila,"V:3,4 CLAS C405",Teatro,2026-1
26168,ACT1313,1,Problemas de las Artes Escénicas Hoy,Gecele Patrizio,"M:5,6 CLAS FT-102",Teatro,2026-1
27285,ACT1313,2,Problemas de las Artes Escénicas Hoy,Villanueva Maria,"W:3,4 CLAS C405",Teatro,2026-1
33131,ACT1313,3,Problemas de las Artes Escénicas Hoy,Ureta Luis,"J:3,4 CLAS AUD-81",Teatro,2026-1
24943,ACT1314,1,Teatro Aplicado,Romero Victor,"L:5,6 CLAS CS402",Teatro,2026-1
26169,ACT1314,2,Teatro Aplicado,Villanueva Maria,"V:3,4 CLAS CS402",Teatro,2026-1
31404,ACT1314,3,Teatro Aplicado,Sedano Ana,"W:3,4 CLAS CS402",Teatro,2026-1
25113,ACT1315,1,La Experiencia de la Creación Teatral,Daccarett Jimmy,"M:3,4 CLAS AG5",Teatro,2026-1
25122,ACT1315,2,La Experiencia de la Creación Teatral,Ureta Luis,"J:5,6 CLAS AUD-81",Teatro,2026-1
32080,ACT1316,1,Taller Final de Escritura,Stranger Ines,"M:5,6 CLAS R205",Teatro,2026-1
26032,ACT1318,1,Improvisación y Juego Escénico,Daccarett Jimmy,"L:3,4 CLAS ALT",Teatro,2026-1
29843,ACT1319,1,"Cuerpo, Emoción y Arte",Zuniga Paula,"W:3,4 CLAS ALT",Teatro,2026-1
15336,ACT132,1,Voz Iii: Texto y Expresividad,Gutierrez Ramon,"M:5,6 TAL T203 J:6,7 TAL T203",Teatro,2026-1
26251,ACT132,2,Voz Iii: Texto y Expresividad,Pantoja Sara,"M:5,6 TAL T105 J:6,7 TAL T105",Teatro,2026-1
26252,ACT132,3,Voz Iii: Texto y Expresividad,Fernandez Gala,"M:5,6 TAL T106 J:6,7 TAL T106",Teatro,2026-1
29503,ACT1321,1,El Diálogo Teatral para la Comunicación Escénica,Olea Juan,"J:3,4 CLAS C402",Teatro,2026-1
31158,ACT1321,2,El Diálogo Teatral para la Comunicación Escénica,Lasen Matías,"M:3,4 CLAS PLIRA",Teatro,2026-1
31159,ACT1321,3,El Diálogo Teatral para la Comunicación Escénica,Gallo Daniel,"L:3,4 CLAS C404",Teatro,2026-1
26253,ACT133,1,Movimiento Iii: Articulación y Construcción,López Daniela,"L:5,6 TAL T101 W:3,4 TAL T101",Teatro,2026-1
26254,ACT133,2,Movimiento Iii: Articulación y Construcción,Gimeno Carolina,"L:5,6 TAL T102 W:3,4 TAL T102",Teatro,2026-1
26255,ACT133,3,Movimiento Iii: Articulación y Construcción,Cannobbio Camila,"L:5,6 TAL T105 W:3,4 TAL T105",Teatro,2026-1
15387,ACT134,1,Del Teatro Barroco al Realismo Histórico,"Baeza Macarena, Martinez Maria","L:3,4 CLAS R204",Teatro,2026-1
20748,ACT134,2,Del Teatro Barroco al Realismo Histórico,"Martinez Maria, Baeza Macarena","L:3,4 CLAS R201",Teatro,2026-1
15394,ACT136,1,Teoría y Práctica de la Dramaturgía II,Barrales Luis,"W:5,6 CLAS R206",Teatro,2026-1
15395,ACT136,2,Teoría y Práctica de la Dramaturgía II,Stranger Ines,"W:5,6 CLAS R203",Teatro,2026-1
15389,ACT139,1,Pedagogía Teatral,Abatte Paola,"J:6,7 TAL T201",Teatro,2026-1
20749,ACT139,2,Pedagogía Teatral,Rivera Claudia,"J:6,7 TAL T204",Teatro,2026-1
22529,ACT148,1,Gestión y Producción Teatral,Araya Freddy,"L:5,6 CLAS R201",Teatro,2026-1
29530,ACT148,2,Gestión y Producción Teatral,"Lopez Pamela, Tapia Veronica","L:5,6 CLAS R205",Teatro,2026-1
28214,ACT152,1,Taller de Voz Cantada,Aguilera Gabriela,"M-J:3,4 TAL T201",Teatro,2026-1
28215,ACT152,2,Taller de Voz Cantada,Amenabar Ana,"M-J:3,4 TAL T203",Teatro,2026-1
28218,ACT152,3,Taller de Voz Cantada,Lopez Elvira,"M-J:3,4 TAL T103",Teatro,2026-1
17767,ACT154,1,Transformaciones del Cuerpo y la Palabra en Escena (2da Mitad Siglo Xx),Grumann Andres,"L:5,6 CLAS AUD_201",Teatro,2026-1
33126,ACT185,1,Taller de Investigación Teórica,Sedano Ana,"M:3,4 CLAS R203",Teatro,2026-1
19415,ACT185,2,Taller de Investigación Teórica,Rodriguez Patricio,"M:3,4 CLAS R202",Teatro,2026-1
19417,ACT185,3,Taller de Investigación Teórica,Grass Milena,"M:3,4 CLAS R205",Teatro,2026-1
13871,TBD010,1,Introducción a la Teología,Álvarez Carlos,L:3 CLAS N11,Teología,2026-1
13873,TBD015,1,Trinidad Cristologia I,Fernandez Samuel,L-W-V:2 CLAS AP504,Teología,2026-1
13879,TBD020,1,Mariologia,Arteaga Pablo,V:4 CLAS N11,Teología,2026-1
15777,TBD022,1,Eclesiología,Berríos Fernando,M-J:2 CLAS AP604,Teología,2026-1
13881,TBD023,1,Orden,Arteaga Pablo,J:4 CLAS FT-103,Teología,2026-1
17553,TBD025,1,Antropologia Teologica,Polanco Rodrigo,M-J:1 CLAS S15,Teología,2026-1
17554,TBD027,1,Teología Latinoamericana,Parra Fredy,M-J:3 CLAS FT-105,Teología,2026-1
13885,TBH041,1,Historia de la Iglesia en Chile,Álvarez Rodrigo,M-J:4 CLAS FT-104,Teología,2026-1
17973,TBH043,1,Historia de la Iglesia Antigua y Medieval,"Soler Fernando, Álvarez Rodrigo",M-J:3 CLAS C500,Teología,2026-1
25411,TBH044,1,Historia de la Iglesia en Latinoamerica,Cardoso Edilmar,M-J:3 CLAS FT-104,Teología,2026-1
13891,TBI011,1,Griego I,Serrano Maria,L-W-V:5 CLAS SIN SALA,Teología,2026-1
29920,TBI011,2,Griego I,Serrano Maria,L-W-V:6 CLAS SIN SALA,Teología,2026-1
13893,TBI013,1,Griego III,Serrano Patricio,M-J:6 CLAS FT-104,Teología,2026-1
13895,TBI022,1,Latin II,Serrano Maria,M-J:5 CLAS AP008,Teología,2026-1
15079,TBJ043,1,Derecho y Pueblo de Dios,Lopez Valeria,M-J:1 CLAS K307,Teología,2026-1
32245,TBJ046,1,Derecho Sacramental,Shironoshita Ana,L-W-V:1 CLAS FT-105,Teología,2026-1
32244,TBM038,1,Moral Fundamental,Valdivieso Fernando,W-V:2 CLAS FT-104,Teología,2026-1
17552,TBM039,1,Moral de la Persona,"Borgono Cristian, Tomás Juan",M-W-V:4 CLAS AP001,Teología,2026-1
13906,TBS027,1,Iniciación Bíblica,Vernola Pablo,M-J:2 CLAS AP102,Teología,2026-1
15081,TBS029,1,Profetas,Pizarro Ignacio,L-W:1 CLAS FT-104,Teología,2026-1
31044,TBS033,1,San Pablo,Vernola Pablo,L-W:4 CLAS AP402,Teología,2026-1
13915,TEO231,1,Síntesis B,Bello Haddy,"L:3,4 CLAS SIN SALA",Teología,2026-1
15789,TEO235,1,Hebreo Biblico,Noll Sonja,M-J:6 CLAS FT-SEM-1,Teología,2026-1
32360,TEO284,1,Metodología Bíblica a,Noll Sonja,M-J:5 CLAS FT-104,Teología,2026-1
32365,TEO295,1,Seminario de Autor en Temas de Teología Fundamental o Sistemática,Verdugo Fernando,L-W:5 CLAS AP008,Teología,2026-1
30884,TEO3001,1,Curso Especialidad I,Por Fijar,: CLAS SIN SALA,Teología,2026-1
30885,TEO3002,1,Curso Especialidad II,Por Fijar,: CLAS SIN SALA,Teología,2026-1
30886,TEO3003,1,Curso Especialidad III,Arteaga Pablo,: CLAS SIN SALA,Teología,2026-1
34157,TEO3003,2,Curso Especialidad III,Fernandez Samuel,: CLAS SIN SALA,Teología,2026-1
20092,TEO3004,1,Proyecto de Tesis I,Noll Sonja,: CLAS SIN SALA,Teología,2026-1
23206,TEO3004,2,Proyecto de Tesis I,Guridi Roman,: CLAS SIN SALA,Teología,2026-1
34123,TEO3004,3,Proyecto de Tesis I,Por Fijar,: CLAS,Teología,2026-1
20093,TEO3005,1,Proyecto de Tesis II,Hodge Cristian,: CLAS SIN SALA,Teología,2026-1
23207,TEO3005,2,Proyecto de Tesis II,Aguirre Federico,: CLAS SIN SALA,Teología,2026-1
20094,TEO3006,1,Examen de Candidatura,Soler Fernando,: CLAS SIN SALA,Teología,2026-1
23214,TEO3006,2,Examen de Candidatura,Soler Fernando,: CLAS SIN SALA,Teología,2026-1
20842,TEO3007,1,Seminario Doctoral I,Por Fijar,: CLAS SIN SALA,Teología,2026-1
20843,TEO3008,1,Seminario Doctoral II,Por Fijar,: CLAS SIN SALA,Teología,2026-1
20839,TEO3009,1,Actividad Anual de Seguimiento I,Por Fijar,: CLAS SIN SALA,Teología,2026-1
30880,TEO300T,1,Tesis de Magister,Por Fijar,: CLAS SIN SALA,Teología,2026-1
30881,TEO300T,2,Tesis de Magister,Por Fijar,: CLAS SIN SALA,Teología,2026-1
30799,TEO300T,3,Tesis de Magister,Por Fijar,: CLAS SIN SALA,Teología,2026-1
20840,TEO3010,1,Actividad Anual de Seguimiento II,Por Fijar,: CLAS SIN SALA,Teología,2026-1
20841,TEO3011,1,Pasantía Internacional,Por Fijar,: CLAS SIN SALA,Teología,2026-1
20831,TEO3012,1,Trabajo Doctoral I,Pérez Angela,: TES SIN SALA,Teología,2026-1
23208,TEO3012,2,Trabajo Doctoral I,Por Fijar,: CLAS SIN SALA,Teología,2026-1
20833,TEO3013,1,Trabajo Doctoral II,Por Fijar,:8 CLAS SIN SALA,Teología,2026-1
23209,TEO3013,2,Trabajo Doctoral II,Por Fijar,: CLAS SIN SALA,Teología,2026-1
20834,TEO3014,1,Trabajo Doctoral III,Morales Xavier,: CLAS SIN SALA,Teología,2026-1
23210,TEO3014,2,Trabajo Doctoral III,Por Fijar,: CLAS SIN SALA,Teología,2026-1
20835,TEO3015,1,Trabajo Doctoral IV,Berríos Fernando,: CLAS SIN SALA,Teología,2026-1
23211,TEO3015,2,Trabajo Doctoral IV,Por Fijar,: CLAS SIN SALA,Teología,2026-1
20837,TEO3016,1,Trabajo Doctoral V,Polanco Rodrigo,: CLAS SIN SALA,Teología,2026-1
23212,TEO3016,2,Trabajo Doctoral V,Por Fijar,: CLAS SIN SALA,Teología,2026-1
20838,TEO3017,1,Trabajo Doctoral VI,Por Fijar,: CLAS SIN SALA,Teología,2026-1
23213,TEO3017,2,Trabajo Doctoral VI,Por Fijar,: CLAS SIN SALA,Teología,2026-1
20087,TEO3018,1,Coloquio Doctoral I,Soler Fernando,: CLAS SIN SALA,Teología,2026-1
20088,TEO3019,1,Coloquio Doctoral II,Soler Fernando,: CLAS SIN SALA,Teología,2026-1
17905,TEO3020,1,Coloquio Doctoral III,Soler Fernando,: CLAS SIN SALA,Teología,2026-1
20089,TEO3021,1,Coloquio Doctoral IV,Soler Fernando,: CLAS SIN SALA,Teología,2026-1
20090,TEO3022,1,Coloquio Doctoral V,Soler Fernando,: CLAS SIN SALA,Teología,2026-1
20091,TEO3023,1,Coloquio Doctoral VI,Soler Fernando,: CLAS SIN SALA,Teología,2026-1
23550,TEO3024,1,Defensa de Tesis Doctoral,Por Fijar,: CLAS SIN SALA,Teología,2026-1
21085,TEO3025,1,Publicación Tesis Doctoral,Por Fijar,: CLAS SIN SALA,Teología,2026-1
32368,TEO309,1,Derechos y Obligaciones de Fieles y Comunidades,Cortes Rocio,"V:5,6 CLAS SIN SALA",Teología,2026-1
32352,TEO311,1,Pastoral en Latinoamérica,Cabrera Heriberto,L-W:6 CLAS SEM_1_P4,Teología,2026-1
32256,TEO5011,1,Seminario de Teología Patrística I (Textos Griegos Pre-Nicenos),Fernandez Samuel,"M:1,2 CLAS FT-SEM-1",Teología,2026-1
32257,TEO5021,1,Seminario de Teología Fundamental I,"Aguirre Federico, Cardoso Edilmar, Neckelmann Maureen","M:6,7 CLAS FT-SEM-3",Teología,2026-1
32258,TEO5031,1,Seminario de Teología Sistemática I,Guridi Roman,"W:1,2 CLAS FT-SEM-1",Teología,2026-1
29669,TEO5060,1,Métodos de Investigación en Teología,Silva Joaquin,W:4 CLAS FT-SEM-1,Teología,2026-1
30976,TEO5063,1,Latín Instrumental,Serrano Patricio,"W:5,6 CLAS FT-SEM-1",Teología,2026-1
29705,TEO5071,1,Trabajo de Tesis I,Por Fijar,: CLAS SIN SALA,Teología,2026-1
29706,TEO5071,2,Trabajo de Tesis I,Verdugo Fernando,: CLAS SIN SALA,Teología,2026-1
29709,TEO5071,3,Trabajo de Tesis I,Por Fijar,: CLAS SIN SALA,Teología,2026-1
29710,TEO5072,1,Trabajo de Tesis II,Polanco Rodrigo,: CLAS SIN SALA,Teología,2026-1
29711,TEO5072,2,Trabajo de Tesis II,Polanco Rodrigo,: CLAS SIN SALA,Teología,2026-1
29712,TEO5072,3,Trabajo de Tesis II,Morales Xavier,: CLAS SIN SALA,Teología,2026-1
29767,TEO5073,1,Trabajo de Tesis III,Aguirre Federico,: CLAS SIN SALA,Teología,2026-1
30882,TEO5073,2,Trabajo de Tesis III,Silva Joaquin,: CLAS SIN SALA,Teología,2026-1
30883,TEO5073,3,Trabajo de Tesis III,Por Fijar,: CLAS SIN SALA,Teología,2026-1
19729,TEO515,1,Tesis en Teología Fundamental Sistemática,Por Fijar,: TES SIN SALA,Teología,2026-1
23199,TEO515,2,Tesis en Teología Fundamental Sistemática,Por Fijar,: TES SIN SALA,Teología,2026-1
19735,TEO516,1,Tesis en Teología Bíblica,"Noll Sonja, Vernola Pablo",: TES SIN SALA,Teología,2026-1
23197,TEO516,2,Tesis en Teología Bíblica,Por Fijar,: TES SIN SALA,Teología,2026-1
19737,TEO517,1,Tesis en Teología Pastoral,Por Fijar,: TES SIN SALA,Teología,2026-1
23200,TEO517,2,Tesis en Teología Pastoral,Por Fijar,: TES SIN SALA,Teología,2026-1
15088,TEP010,1,Liturgia y Teología Sacramental,Rio Maria,M-J:4 CLAS AP602,Teología,2026-1
15948,TEP011,1,Pastoral Fundamental,Cabrera Heriberto,L-W:1 CLAS N11,Teología,2026-1
31252,TER001,1,Religiones: ¿Qué Son y Cómo Se Estudian?,Gonzalez Miguel,M-J:3 CLAS NT202,Teología,2026-1
32812,TER005,1,El Arte y Lo Sagrado,Aguirre Federico,L-W:2 CLAS C502,Teología,2026-1
32814,TER008,1,Religión Popular,"Aguirre Federico, Neckelmann Maureen","W:6,7 CLAS R202",Teología,2026-1
32815,TER009,1,Religiones Asiáticas: Pasado y Presente,Vidal Jose,M-J:2 CLAS AP403,Teología,2026-1
34146,TER3001,1,Teorías y Métodos en los Estudios de la Religión,Becker Martin,"J:6,7 CLAS FT-SEM-1",Teología,2026-1
34147,TER3002,1,Religión en América Latina,"Aguirre Federico, Cardoso Edilmar, Neckelmann Maureen","M:6,7 CLAS FT-SEM-1",Teología,2026-1
15971,TET400T,1,Trabajo Doctoral,Por Fijar,: CLAS SIN SALA,Teología,2026-1
31074,TID201,1,"Espiritualidad, Discapacidad e Inclusión (A+S)","Núñez Cristian, Gutierrez Ana","J:5,6 CLAS AP503",Teología,2026-1
32269,TPR202,1,Sacramentos,"Núñez Cristian, Rio Maria","W:8,9 CLAS SIN SALA",Teología,2026-1
20026,TTF010,1,Teologia Fundamental,Sepulveda Mauricio,L-W:2 CLAS AUD-41,Teología,2026-1
28606,TTF010,2,Teologia Fundamental,Sepulveda Mauricio,L-W:3 CLAS AUD-41,Teología,2026-1
31003,TTF012,1,Revelacion y Fe,Sepulveda Juan,L-W:7 CLAS R203,Teología,2026-1
31004,TTF012,2,Revelacion y Fe,Sepulveda Juan,L-W:3 CLAS FT-101,Teología,2026-1
32259,TTF012,3,Revelacion y Fe,Espinosa Juan,L-W:3 CLAS NT203,Teología,2026-1
32260,TTF012,4,Revelacion y Fe,Espinosa Juan,L-W:4 CLAS NT203,Teología,2026-1
32564,TTF013,1,Topicos de Etica Social Cristiana,Sotomayor José,M-J:4 CLAS FT-102,Teología,2026-1
26788,TTF019,1,Psicologia y Religion Cristiana,Cruz María,M-J:3 CLAS S_FACULTAD,Teología,2026-1
33941,TTF019,2,Psicologia y Religion Cristiana,Cruz María,M-J:4 CLAS S_FACULTAD,Teología,2026-1
27928,TTF026,1,Introduccion a la Biblia,Sotomayor José,M-J:2 CLAS FT-102,Teología,2026-1
31005,TTF036,1,La Biblia de Jesús,Sepulveda Juan,L-W:4 CLAS FT-101,Teología,2026-1
31006,TTF036,2,La Biblia de Jesús,Sepulveda Juan,L-W:5 CLAS N13-B,Teología,2026-1
32261,TTF036,3,La Biblia de Jesús,Espinosa Juan,M-J:3 CLAS N4,Teología,2026-1
32262,TTF036,4,La Biblia de Jesús,Espinosa Juan,M-J:4 CLAS N4,Teología,2026-1
32410,TTF045,1,Ser Cristiano en la Actualidad,Polanco Rodrigo,M-J:3 CLAS N13-B,Teología,2026-1
32565,TTF047,1,Dios en el Siglo Xxi,Musalem Andrea,M-J:4 CLAS N14,Teología,2026-1
15085,TTF068,1,El Matrimonio Cristiano Hoy,Verdugo Claudio,M-J:1 CLAS AUD-81,Teología,2026-1
21265,TTF068,2,El Matrimonio Cristiano Hoy,Montes Cristian,M-J:5 CLAS AUD-51,Teología,2026-1
31009,TTF068,3,El Matrimonio Cristiano Hoy,Martínez Marco,L-W:7 CLAS NT203,Teología,2026-1
32411,TTF068,4,El Matrimonio Cristiano Hoy,Martínez Marco,L-W:8 CLAS NT203,Teología,2026-1
32412,TTF068,5,El Matrimonio Cristiano Hoy,Sepulveda Juan,M-J:3 CLAS FT-102,Teología,2026-1
30026,TTF073,1,Fin de los Tiempos. Mitos y Realidad,Rojas Franco,M-J:4 CLAS FT-101,Teología,2026-1
33958,TTF073,2,Fin de los Tiempos. Mitos y Realidad,Cracogna Sergio,M-J:5 CLAS FT-101,Teología,2026-1
14312,TTF080,1,¿Quién Es el Hombre? Una Mirada Desde la Antropología Cristiana,Núñez Cristian,M-J:2 CLAS R6,Teología,2026-1
29957,TTF083,1,Cristianismo y Derechos Humanos,Miranda Diego,L-W:3 CLAS NT202,Teología,2026-1
31010,TTF083,2,Cristianismo y Derechos Humanos,Miranda Diego,L-W:5 CLAS N2,Teología,2026-1
14325,TTF087,1,¿Está Dios en el Escenario Humano?,Bentué Antonio,M-W:6 CLAS N17,Teología,2026-1
23105,TTF091,1,Leer el Evangelio en el Siglo Xxi,Carbullanca César,M-J:6 CLAS FT-101,Teología,2026-1
23107,TTF091,2,Leer el Evangelio en el Siglo Xxi,Carbullanca César,M-J:7 CLAS FT-101,Teología,2026-1
32413,TTF091,3,Leer el Evangelio en el Siglo Xxi,Vernola Pablo,L-W:2 CLAS FT-101,Teología,2026-1
33959,TTF091,4,Leer el Evangelio en el Siglo Xxi,Carbullanca César,"W:5,6 CLAS N6",Teología,2026-1
32414,TTF109,1,La Belleza de la Fragilidad Humana,Araya María,M-J:2 CLAS N10,Teología,2026-1
33942,TTF109,2,La Belleza de la Fragilidad Humana,Araya María,M-J:3 CLAS N16-B,Teología,2026-1
28741,TTF118,1,"Esperanza Cristiana, Muerte y Más Allá",Parra Fredy,L-W:4 CLAS FT-102,Teología,2026-1
29973,TTF202,1,Búsquedas Religiosas y Cristianismo,Bentué Antonio,M-W:5 CLAS N17,Teología,2026-1
29952,TTF205,1,¿Quién Es Jesús de Nazareth?,Condori Jaime,M-J:1 CLAS NT203,Teología,2026-1
29953,TTF205,2,¿Quién Es Jesús de Nazareth?,Condori Jaime,M-J:2 CLAS NT203,Teología,2026-1
30133,TTF206,1,El Padrenuestro: la Oración de Jesús,Álvarez Rodrigo,M-J:2 CLAS NT202,Teología,2026-1
29959,TTF207,1,Doctrina Social de la Iglesia,Miranda Diego,"V:3,4 CLAS ED111",Teología,2026-1
31015,TTF207,2,Doctrina Social de la Iglesia,Miranda Diego,M-J:4 CLAS AUD-51,Teología,2026-1
32415,TTF207,3,Doctrina Social de la Iglesia,Hodge Cristian,L-W:4 CLAS N14,Teología,2026-1
29964,TTF208,1,Fe y Razón: Una Perspectiva Histórica,Sepulveda Mauricio,M-J:2 CLAS FT-101,Teología,2026-1
30108,TTF208,2,Fe y Razón: Una Perspectiva Histórica,Sepulveda Mauricio,M-J:3 CLAS FT-101,Teología,2026-1
33984,TTF208,3,Fe y Razón: Una Perspectiva Histórica,Sepulveda Mauricio,"L:5,6 CLAS FT-102",Teología,2026-1
30097,TTF210,1,Experiencia Creyente y Secularismo,Mora Joan,M-J:2 CLAS N17,Teología,2026-1
30105,TTF210,2,Experiencia Creyente y Secularismo,Mora Joan,M-J:3 CLAS N17,Teología,2026-1
29967,TTF211,1,Para Pensar la Muerte,Inzulza Mario,M-J:6 CLAS SALA104,Teología,2026-1
30131,TTF212,1,Dios en la Teología Latinoamericana: A+S,Cortes Rocio,"M:5,6 CLAS AP602",Teología,2026-1
29976,TTF216,1,¿Creer o No Creer?,Álvarez Carlos,M-J:2 CLAS N7,Teología,2026-1
29950,TTF217,1,¿Es Necesaria la Iglesia?,Rebolledo Gonzalo,M-J:1 CLAS AUD-41,Teología,2026-1
32416,TTF217,2,¿Es Necesaria la Iglesia?,Rebolledo Gonzalo,L-W:1 CLAS R201,Teología,2026-1
32417,TTF217,3,¿Es Necesaria la Iglesia?,Muñoz Jonattan,M-J:1 CLAS NT202,Teología,2026-1
30028,TTF218,1,Lectura Contemporánea de la Biblia,Greene Guillermo,M-J:2 CLAS N13-A,Teología,2026-1
29966,TTF219,1,Existencia Humana y la Búsqueda de Sentido,Cobo Sergio,M-J:8 CLAS SALA-10,Teología,2026-1
31018,TTF222,1,Cristianismo y Crisis Ecológica,Guridi Roman,M-J:3 CLAS AG2,Teología,2026-1
33339,TTF222,2,Cristianismo y Crisis Ecológica,Rios Claudia,L:2 CLAS SIN SALA M:5 CLAS SIN SALA,Teología,2026-1
30077,TTF226,1,Religión y Política,Mora Joan,L-W:2 CLAS FT-102,Teología,2026-1
30080,TTF226,2,Religión y Política,Mora Joan,L-W:3 CLAS FT-102,Teología,2026-1
32419,TTF229,1,Holy Spirit: Lord and Giver of Life,Arteaga Pablo,M-J:1 CLAS FT-101,Teología,2026-1
33951,TTF232,1,Teología Feminista: Un Signo de los Tiempos,Yáñez Rosa,L-W:2 CLAS AE210,Teología,2026-1
31079,TTF232,2,Teología Feminista: Un Signo de los Tiempos,Yáñez Rosa,L-W:1 CLAS NT203,Teología,2026-1
31020,TTF233,1,Teología y Literatura,Pérez Angela,M-J:2 CLAS AE201,Teología,2026-1
32420,TTF233,2,Teología y Literatura,Pizarro Ignacio,M-J:1 CLAS FT-102,Teología,2026-1
32421,TTF233,3,Teología y Literatura,Pizarro Ignacio,M-J:5 CLAS N4,Teología,2026-1
31146,TTF235,1,Para Pensar el Mal,Inzulza Mario,M-J:3 CLAS N18,Teología,2026-1
30975,FCS030,1,Desarrollo del Pensamiento Científico (Ciencias Sociales),Inostroza Maria,J:2 CLAS J2 J:3 AYU J2,Trabajo Social,2026-1
26352,TSC3005,1,Práctica Social Clínica Supervisada,"Alamo Nicolle, Fortunatti Josefina",V:5 CLAS SIN SALA,Trabajo Social,2026-1
28323,TSC3005,2,Práctica Social Clínica Supervisada,"Garrido Valentina, Susaeta Yolanda",V:5 CLAS SIN SALA,Trabajo Social,2026-1
26354,TSC3006,1,Prácticas de Crianza y Problemas de Violencia Intrafamiliar,De Toro Ximena,"V:7,8 CLAS SIN SALA",Trabajo Social,2026-1
26353,TSC3007,1,La Persona del Trabajador Social Clínico,"Alamo Nicolle, Fortunatti Josefina",V:6 CLAS SIN SALA,Trabajo Social,2026-1
28324,TSC3007,2,La Persona del Trabajador Social Clínico,"Garrido Valentina, Susaeta Yolanda",V:6 CLAS SIN SALA,Trabajo Social,2026-1
28297,TSC3012,1,Actividad Final de Graduación,"Muñoz Carolina, Gálvez Constanza","V:5,6 CLAS SIN SALA",Trabajo Social,2026-1
34002,TSC3020,1,Intervenciones Clínico-Sociales en Trauma,"Aliste Maria, Cortés Inge","S:2,3 CLAS SIN SALA",Trabajo Social,2026-1
23141,TSL170,1,Trayectoria Vital,Velasco Maria,"J:1,2 CLAS C306 V:5 AYU NT202",Trabajo Social,2026-1
23143,TSL170,2,Trayectoria Vital,Caro Sara,"L:3,4 CLAS J1 V:5 AYU AE103",Trabajo Social,2026-1
23145,TSL171,1,Memoria del Trabajo Social,Gonzalez Ana,"L:1,2 CLAS C200 W:6 AYU AE001",Trabajo Social,2026-1
23149,TSL172,1,Configuración de Problemas Sociales,Razeto Alicia,"W:3,4 CLAS J4 V:1 AYU J3",Trabajo Social,2026-1
23150,TSL172,2,Configuración de Problemas Sociales,Sepúlveda Elia,"W:1,2 CLAS J4 V:1 AYU J1",Trabajo Social,2026-1
23151,TSL173,1,Desafíos del Trabajo Social (A+S),De Toro Ximena,"M:3,4 CLAS C510 V:3 AYU C502",Trabajo Social,2026-1
23152,TSL173,2,Desafíos del Trabajo Social (A+S),Susaeta Yolanda,"M:5,6 CLAS AE211 V:4 AYU C508",Trabajo Social,2026-1
32657,TSL200P,1,"Familias, Comunidad y Educación",Cortez-Monroy Fabiola,"L:1,2 CLAS N10 V:5 AYU N7",Trabajo Social,2026-1
32658,TSL200P,2,"Familias, Comunidad y Educación",Cortez-Monroy Fabiola,"L:3,4 CLAS N10 V:6 AYU N7",Trabajo Social,2026-1
33848,TSL200P,3,"Familias, Comunidad y Educación",Cortez-Monroy Fabiola,"W:4 AYU T1221 J:1,2 CLAS FT-103",Trabajo Social,2026-1
24997,TSL270,1,Enfoques y Modelos para la Intervención Social,Cortez-Monroy Fabiola,"M:3,4 CLAS AP102 J:4 AYU J2",Trabajo Social,2026-1
24998,TSL270,2,Enfoques y Modelos para la Intervención Social,Gonzalez Alejandra,"M:3,4 CLAS J3 J:4 AYU J1",Trabajo Social,2026-1
24995,TSL271,1,Estrategias de Producción y Análisis de Datos Cualitativos (A+S),Finkelstein Rodrigo,"W:6 AYU NT203 J:1,2 CLAS J4",Trabajo Social,2026-1
24996,TSL271,2,Estrategias de Producción y Análisis de Datos Cualitativos (A+S),Martinez Maria,"L:1,2 CLAS J2 W:6 AYU NT202",Trabajo Social,2026-1
33869,TSL3001,1,Pasantía de Trabajo Social en Chile,(Sin Profesores),"L:1,2,3 CLAS SIN SALA",Trabajo Social,2026-1
26852,TSL330,1,Ética Aplicada,Aguayo Cecilia,"J:6,7 CLAS AE209 V:6 AYU N16-A",Trabajo Social,2026-1
26856,TSL330,2,Ética Aplicada,Morales Paulina,"J:6,7 CLAS J2 V:6 AYU J2",Trabajo Social,2026-1
30988,TSL331,1,Diseño y Evaluación de Intervenciones Sociales (A+S),Gonzalez Karla,"W:1 AYU S4 J:3,4 CLAS J4",Trabajo Social,2026-1
26833,TSL331,2,Diseño y Evaluación de Intervenciones Sociales (A+S),Grau Maria,"W:1 AYU S6 J:3,4 CLAS C509",Trabajo Social,2026-1
26846,TSL333,1,Estrategias de Producción y Análisis Inferencial de Datos,Rasse Alejandra,M-J:1 CLAS S8 V:2 AYU BC26,Trabajo Social,2026-1
26850,TSL333,2,Estrategias de Producción y Análisis Inferencial de Datos,Ramírez Catalina,M-J:1 CLAS S6 V:2 AYU J2,Trabajo Social,2026-1
26834,TSL335,1,Estrategias de Análisis Organizacional,Ayala Elizabeth,"L:3,4 CLAS N13-A V:5 AYU N16-A",Trabajo Social,2026-1
31329,TSL422,2,Trabajo Social y Vulneración de Derechos en la Población Infanto Juvenil,Velasco Maria,"M:3,4 CLAS N11 W:4 AYU J3",Trabajo Social,2026-1
27796,TSL490,1,Gestión y Liderazgo de Intervenciones,Silva Carlos,"J:1,2 CLAS N11 J:6 AYU S6",Trabajo Social,2026-1
27797,TSL490,2,Gestión y Liderazgo de Intervenciones,Cortes Liliana,"J:1,2 CLAS K303 J:6 AYU N11",Trabajo Social,2026-1
27798,TSL491,1,Derechos Humanos,Lopez Alejandra,"L:3,4 CLAS N16-B J:4 AYU NT202",Trabajo Social,2026-1
27800,TSL493,1,Diseño de Proyectos Sociales (A+S),Martinez Maria,"M:1,2 CLAS K303 M:5 AYU J2",Trabajo Social,2026-1
27801,TSL493,2,Diseño de Proyectos Sociales (A+S),Martinez Maria,"M:5 AYU J1 W:1,2 CLAS J1",Trabajo Social,2026-1
29345,TSL534,1,Innovación Social y Tecnología para la Intervención,Fernandez Constanza,L-W:4 CLAS S15 J:6 AYU J3,Trabajo Social,2026-1
29346,TSL534,2,Innovación Social y Tecnología para la Intervención,Aparicio Andres,M-W:1 CLAS C503 J:6 AYU S7,Trabajo Social,2026-1
25010,TSL589,1,Pobreza y Exclusión Social,Millar David,L-W:1 CLAS AUD_J L:4 AYU AUD_J,Trabajo Social,2026-1
25474,TSL590,1,"Institucionalidad, Participación y Protección de Derechos",Aceituno Daniela,"W:3,4 CLAS J1 W:6 AYU N10",Trabajo Social,2026-1
31312,TSL593,1,Trabajo Social Clínico en Cuidados Paliativos,Garrido Valentina,"L:7 AYU ED215 M:6,7 CLAS N11",Trabajo Social,2026-1
28760,TSL594,1,Informalidad Laboral y Género Desde el Trabajo Social,"Inostroza Maria, Bórquez Pía","L:5,6 CLAS J2 L:7 AYU C300",Trabajo Social,2026-1
27802,TSL596,1,Cuidadanía y Derechos Humanos: Enfoques Interdisciplinarios,Lopez Alejandra,"M:3,4 CLAS N13-A M:6 AYU J1",Trabajo Social,2026-1
30969,TSL597,1,"Ciudad, Vivienda y Barrio",Rasse Alejandra,"L:1 AYU SALA STEM L:2,3 CLAS C505",Trabajo Social,2026-1
30241,TSL598,1,Organización Comunitaria y Participación Social,Caro Sara,"L:1 AYU ED219 W:6,7 CLAS AP502",Trabajo Social,2026-1
14032,TSM101,1,Propuestas Contemporaneas en Trabajo Social,"Madrigal Johanna, Morales Paulina","L:8,9 CLAS SIN SALA",Trabajo Social,2026-1
14036,TSM103,1,Desafíos Éticos en la Intervención Social,Aguayo Cecilia,"M:8,9 CLAS SIN SALA",Trabajo Social,2026-1
28321,TSM103,2,Desafíos Éticos en la Intervención Social,Santana Alejandra,"S:2,3 CLAS SIN SALA",Trabajo Social,2026-1
33870,TSM104,1,Debates Actuales en Teoria Sociologica,"Hersant Jeanne, Torres Felipe","J:8,9 CLAS SIN SALA",Trabajo Social,2026-1
14040,TSM200,1,Intervencion Social II,Gonzalez Alejandra,"M:8,9 CLAS SIN SALA",Trabajo Social,2026-1
14044,TSM202,1,Tesis I,Sepúlveda Elia,"L:8,9 CLAS SIN SALA",Trabajo Social,2026-1
30650,TSM202,2,Tesis I,Bolivar Daniela,"L:8,9 CLAS SIN SALA",Trabajo Social,2026-1
17959,TSM300,1,Taller de Investigación para el Desarrollo de Intervenciones Sociales,Escoffier Simon,"W:8,9 CLAS SIN SALA",Trabajo Social,2026-1
30038,TSM3022,1,Trabajo Social y Salud,Velasco Maria,"L:1 AYU C509 L:2,3 CLAS ED219",Trabajo Social,2026-1
30039,TSM3023,1,Trabajo Social en el Ámbito Jurídico: el Rol de la Evaluación Social,Rodríguez Marisol,"L:1 AYU AG7 L:2,3 CLAS C500",Trabajo Social,2026-1
30041,TSM3024,1,Decisiones Estratégicas y Políticas en la Intervención Social Organizacional,"Inostroza Maria, Escoffier Simon, Garces Maria","L:1 AYU C300 L:2,3 CLAS AG7",Trabajo Social,2026-1
33412,TSM3028,1,Conflicto Social y Su Abordaje Interpersonal y Comunitario,Reyes Claudia,"J:8,9 CLAS SIN SALA",Trabajo Social,2026-1
29467,TSM305,1,Tesis II,Bolivar Daniela,"M:8,9 CLAS SIN SALA",Trabajo Social,2026-1
33506,TSM305,2,Tesis II,Inostroza Maria,"L:8,9 CLAS SEM_2_P4",Trabajo Social,2026-1
29502,TSM5210,1,Evaluaciones Clínicas Biopsicosociales del Trabajo Social,Berroeta Ingrid,"M:3,4 CLAS ED215 W:6 AYU K303",Trabajo Social,2026-1
29511,TSM5220,1,Apliaciones Terapéuticas en el Trabajo Social Clínico,Alamo Nicolle,"L:5,6 CLAS S20 L:7 AYU FT-103",Trabajo Social,2026-1
29513,TSM5230,1,Intervenciones Clínicas Interdisciplinarias,Cortez-Monroy Fabiola,"M:5,6 CLAS J4 M:7 AYU FT-103",Trabajo Social,2026-1
29422,TSM5240,1,Víctimas de Violencia Interpersonal,Bolivar Daniela,"W:2,3 CLAS ED219 W:6 AYU N11",Trabajo Social,2026-1
30584,TSM5250,1,El Acceso a la Justicia,Hersant Jeanne,"M:2,3 CLAS ED217 M:4 AYU S20",Trabajo Social,2026-1
29431,TSM5260,1,Adolescentes en Conflicto Con la Ley,Reyes Claudia,"J:1 AYU T2223 J:3,4 CLAS C501",Trabajo Social,2026-1
29450,TSM5270,1,Representaciones de la Exclusión,Razeto Alicia,M-J:3 CLAS H2 W:6 AYU S4,Trabajo Social,2026-1
29433,TSM5280,1,Políticas Inclusivas,Eissmann Ignacio,M-J:4 CLAS S14 M:6 AYU SALA STEM,Trabajo Social,2026-1
29437,TSM5290,1,Participación para la Inclusión Social,Escoffier Simon,"L:5,6 CLAS N11 M:5 AYU CARA2",Trabajo Social,2026-1
29440,TSM5300,1,Intervención Social Con Personas en Contextos Laborales,Calderon Magdalena,"L:5,6 CLAS ED219 M:4 AYU K305",Trabajo Social,2026-1
29442,TSM5310,1,Economía Social para el Desarrollo Local,Gomez Karina,"W:6 AYU C505 J:3,4 CLAS AP005",Trabajo Social,2026-1
30129,TSM5320,1,Estrategia y Desarrollo de Organizaciones,Ayala Elizabeth,M-W:2 CLAS J3 M:6 AYU C503,Trabajo Social,2026-1
25319,SUS2210,1,Teoría y Política del Desarrollo Sustentable,Bascope Martin,"V:2,3,4 CLAS SIN SALA",Villarrica,2026-1
25317,SUS2220,1,Ecología Humana y Territorio,Ibarra Jose,"L:2,3,4 CLAS SIN SALA",Villarrica,2026-1
25315,SUS2230,1,"Interculturalidad, Desarrollo y Educación",Luna Laura,"W:2,3 CLAS SIN SALA",Villarrica,2026-1
25313,SUS2240,1,Metodologías para el Estudio de los Sistemas Socio-Ambientales,"Benavides Sebastian, Galvez Nicolas","M:2,3,4 CLAS SIN SALA",Villarrica,2026-1
25318,SUS2250,1,Taller Planificación para el Desarrollo Sustentable,Salazar Gonzalo,"J:3,4 TAL SIN SALA",Villarrica,2026-1
31828,VIL0100,1,Práctica en Educación Parvularia I,Coronata Maria,"W:1,2 CLAS SIN SALA J:1,2,3,4 PRA SIN SALA",Villarrica,2026-1
31839,VIL0100,2,Práctica en Educación Parvularia I,Cortes Viviana,"W:1,2 CLAS SIN SALA J:1,2,3,4 PRA SIN SALA",Villarrica,2026-1
31840,VIL0100,3,Práctica en Educación Parvularia I,Acuña Lorena,"W:1,2 CLAS SIN SALA J:1,2,3,4 PRA SIN SALA",Villarrica,2026-1
33731,VIL0101,1,Práctica en Educación Parvularia II,Lorca Amaya,"W-J:1,2,3,4 PRA SIN SALA J:6,7 CLAS SIN SALA",Villarrica,2026-1
33732,VIL0101,2,Práctica en Educación Parvularia II,Coronata Maria,"W-J:1,2,3,4 PRA SIN SALA J:6,7 CLAS SIN SALA",Villarrica,2026-1
33733,VIL0101,3,Práctica en Educación Parvularia II,Garrido Nicole,"W-J:1,2,3,4 PRA SIN SALA J:6,7 CLAS SIN SALA",Villarrica,2026-1
33926,VIL0101,4,Práctica en Educación Parvularia II,Acuña Lorena,"W-J:1,2,3,4 PRA SIN SALA J:6,7 CLAS SIN SALA",Villarrica,2026-1
31838,VIL0106,1,Aprendizaje y Desarrollo I,San Martín Constanza,"L:1,2 CLAS SIN SALA W:4 CLAS SIN SALA",Villarrica,2026-1
33734,VIL0107,1,Aprendizaje y Desarrollo II,San Martín Constanza,"M:1,2 CLAS SIN SALA V:2 CLAS SIN SALA",Villarrica,2026-1
31841,VIL0110,1,Fundamentos y Desafíos de la Educación Parvularia,Rubio Susana,"V:3,4 CLAS SIN SALA",Villarrica,2026-1
31844,VIL0111,1,Desarrollo del Lenguaje Oral y Su Didáctica,Cardenas Karina,"L:4 CLAS SIN SALA M:1,2 CLAS SIN SALA",Villarrica,2026-1
33736,VIL0115,1,Planificación y Evaluación del Proceso Educativo,Rubio Susana,"W:5,6 CLAS SIN SALA",Villarrica,2026-1
14338,VIL100,1,Números,Ledermann Constanza,"W:1,2 CLAS SIN SALA V:2,3 CLAS SIN SALA",Villarrica,2026-1
14341,VIL101,1,Psicología del Desarrollo,Bernstein Raimundo,"L:1,2 CLAS SIN SALA W:4 CLAS SIN SALA",Villarrica,2026-1
14346,VIL101D,1,Didáctica de la Geografía,Cariman Mariela,M:6 CLAS SIN SALA J:3 CLAS SIN SALA,Villarrica,2026-1
14349,VIL101P,1,Práctica Ii: Educación Básica,Caceres Luis,"W-J:1,2,3,4 PRA SIN SALA W:6,7 CLAS SIN SALA",Villarrica,2026-1
28770,VIL101P,2,Práctica Ii: Educación Básica,Gonzalez Maria,"W-J:1,2,3,4 PRA SIN SALA W:6,7 CLAS SIN SALA",Villarrica,2026-1
33685,VIL101P,3,Práctica Ii: Educación Básica,Acuña Ana,"W-J:1,2,3,4 PRA SIN SALA W:6,7 CLAS SIN SALA",Villarrica,2026-1
34057,VIL101P,4,Práctica Ii: Educación Básica,Garay Alicia,"W-J:1,2,3,4 PRA SIN SALA W:6,7 CLAS SIN SALA",Villarrica,2026-1
14352,VIL102,1,Teoría de la Educación,Bascope Martin,"J:2,3 CLAS SIN SALA",Villarrica,2026-1
14355,VIL103,1,Fundamentos Lingüísticos,Lara Maria,"M:3,4 CLAS SIN SALA V:1 CLAS SIN SALA",Villarrica,2026-1
14359,VIL104,1,Ciencias Sociales,Caceres Luis,L:4 CLAS SIN SALA M:1 AYU SIN SALA W:5 CLAS SIN SALA,Villarrica,2026-1
14364,VIL110D,1,Didáctica de la Matemática I,Pena Pilar,"L:3 CLAS SIN SALA V:1,2 CLAS SIN SALA",Villarrica,2026-1
14368,VIL111D,1,Didáctica de la Matemática II,Ledermann Constanza,"M:3,4 CLAS SIN SALA J:4 CLAS SIN SALA",Villarrica,2026-1
14372,VIL120D,1,Didáctica de las Ciencias Naturales I,Opazo Andrea,L:4 CLAS SIN SALA M:2 CLAS SIN SALA,Villarrica,2026-1
14375,VIL121D,1,Didáctica de las Ciencias Naturales II,Opazo Andrea,W:3 CLAS SIN SALA J:2 CLAS SIN SALA,Villarrica,2026-1
14379,VIL130D,1,Didáctica de la Lecto-Escritura,Meneses Alejandra,"M:3,4 CLAS SIN SALA V:4 AYU SIN SALA",Villarrica,2026-1
14384,VIL200,1,Análisis de Datos,Vasquez Claudia,"L:1,2 CLAS SIN SALA W:4 CLAS SIN SALA",Villarrica,2026-1
14387,VIL201,1,Biología General,Ibanez Cecilia,"W:1,2 CLAS SIN SALA V:1,2 CLAS SIN SALA",Villarrica,2026-1
14392,VIL202,1,Cultura y Lengua Mapuche,Lara Maria,L:4 CLAS SIN SALA J:3 CLAS SIN SALA,Villarrica,2026-1
14396,VIL203,1,Historia de Chile,Iturra Ximena,"M:3,4 CLAS SIN SALA J:4 CLAS SIN SALA",Villarrica,2026-1
24647,VIL205,1,"Familia, Escuela y Comunidad",Retamal Angel,"V:5,6 CLAS SIN SALA",Villarrica,2026-1
14433,VIL303,1,Diversidad e Inclusión en Educación,Gaete Alfredo,"W:5,6 CLAS SIN SALA",Villarrica,2026-1
16448,VIL500,1,Gestión y Liderazgo en el Aula,Valdivieso Gonzalo,"J:6,7 CLAS SIN SALA",Villarrica,2026-1
19957,VIL500P,1,Práctica Profesional I: Mención Lenguaje y Comunicación,Gonzalez Maria,"L-M-W-J:1,2,3,4 PRA SIN SALA V:1,2 CLAS SIN SALA",Villarrica,2026-1
31943,VIL500P,2,Práctica Profesional I: Mención Lenguaje y Comunicación,Caceres Luis,"L-M-W-J:1,2,3,4 PRA SIN SALA V:1,2 CLAS SIN SALA",Villarrica,2026-1
30406,VIL500P,3,Práctica Profesional I: Mención Lenguaje y Comunicación,Garay Alicia,"L-M-W-J:1,2,3,4 PRA SIN SALA V:1,2 CLAS SIN SALA",Villarrica,2026-1
33740,VIL500P,4,Práctica Profesional I: Mención Lenguaje y Comunicación,Isla Evelyn,"L-M-W-J:1,2,3,4 PRA SIN SALA V:1,2 CLAS SIN SALA",Villarrica,2026-1
33929,VIL500P,5,Práctica Profesional I: Mención Lenguaje y Comunicación,Acuña Ana,"L-M-W-J:1,2,3,4 PRA SIN SALA V:1,2 CLAS SIN SALA",Villarrica,2026-1
16451,VIL501,1,Oralidad y Desarrollo Semiótico Infantil,Garay Alicia,"L:5,6 CLAS SIN SALA V:3 CLAS SIN SALA",Villarrica,2026-1
16452,VIL502,1,Literatura Infantil y Juvenil,Becerra Rukmini,"M:5,6 CLAS SIN SALA",Villarrica,2026-1
34015,VIL507P,1,Práctica Profesional Ii: Mención Ciencias Sociales,Caceres Luis,"L-M-W-J-V:1,2,3,4 PRA SIN SALA V:5,6 CLAS SIN SALA",Villarrica,2026-1
16453,VIL510,1,Álgebra y Sistemas Numéricos I,Vasquez Claudia,"L:5,6 CLAS SIN SALA W:6 CLAS SIN SALA",Villarrica,2026-1
16454,VIL511,1,Geometría II,Bozt Jorge,W:5 CLAS SIN SALA V:4 CLAS SIN SALA V:5 CLAS SIN SALA,Villarrica,2026-1
21547,VIL520,1,Biología Animal y Vegetal,Galvez Nicolas,"L:5,6 CLAS SIN SALA",Villarrica,2026-1
28840,VIL523,1,Ciencias Experimentales,Ibanez Cecilia,"V:3,4 CLAS SIN SALA",Villarrica,2026-1
28784,VIL530,1,Pensamiento Histórico,Naguil Victor,"V:3,4 CLAS SIN SALA",Villarrica,2026-1
28785,VIL531,1,Temas de Chile y América Siglo XIX,Iturra Ximena,"L:5,6 CLAS SIN SALA",Villarrica,2026-1
25363,VIL602,1,"Arte, Cultura y Expresión",Gutierrez Pablo,"L:5,6 CLAS SIN SALA",Villarrica,2026-1
16673,VIL608,1,Multimedia Educativa,Moya Dayna,"L:5,6 CLAS SIN SALA",Villarrica,2026-1
16342,VIL617,1,"Infancia, Interculturalidad y Diversidad",Becerra Rukmini,"L:1,2 CLAS SIN SALA",Villarrica,2026-1
31674,VIL622,1,Latin American Biodiversity Conservation,Tironi Manuel,"L:2,3,4 CLAS SIN SALA",Villarrica,2026-1
31675,VIL623,1,Conservation of Forest Ecosystems and Wildlife,"Ibarra Jose, Caviedes Julian","M:2,3,4 CLAS SIN SALA M:5,6 CLAS SIN SALA",Villarrica,2026-1
31676,VIL624,1,"Territory, Interculturality and Education for Sustainability",Petitpas Robert,"W:3,4 CLAS SIN SALA W:5 CLAS SIN SALA",Villarrica,2026-1
31677,VIL625,1,Planning for Local Sustainability in a Global   Age,Salazar Gonzalo,"J:5,6,7 CLAS SIN SALA",Villarrica,2026-1
31678,VIL626,1,Field Methods for Enquiring Social-Ecological Systems,"Galvez Nicolas, Caviedes Julian, Ibarra Jose, Tironi Manuel","V:2,3,4 CLAS SIN SALA V:5,6 CLAS SIN SALA",Villarrica,2026-1
25331,VIL631,1,Seres Humanos y Otros Animales: Una Aproximación Sociocultural,Benavides Sebastian,"J:2,3 CLAS SIN SALA",Villarrica,2026-1
28414,VIL632,1,La Experiencia de Ocio Como Proveedora de Salud y Bienestar,Ried Roberto,"W:5,6 CLAS SIN SALA",Villarrica,2026-1
28430,VIL634,1,"Wallmapu, Su Historia y Su Presente",Naguil Victor,M-J:5 CLAS SIN SALA,Villarrica,2026-1
30408,VIL635,1,Otra Cosa Es Con Guitarra,Por Fijar,M-J:7 CLAS SIN SALA,Villarrica,2026-1
30409,VIL635,2,Otra Cosa Es Con Guitarra,Por Fijar,M-J:7 CLAS SIN SALA,Villarrica,2026-1
14578,VIP032,1,Diversidad e Inclusión en Educación,Rodriguez Andrea,"V:1,2 CLAS SIN SALA",Villarrica,2026-1
22581,VIP043,1,Pensamiento Matemático del Niño y Su Didáctica,Coronata Maria,"L:1,2 CLAS SIN SALA",Villarrica,2026-1
14585,VIP050,1,Promoción y Protección de la Salud en la Infancia,Lorca Catalina,"L:5,6 CLAS SIN SALA",Villarrica,2026-1
14588,VIP051,1,Didáctica del Lenguaje Artístico Visual,Gutierrez Pablo,"W:3,4 CLAS SIN SALA",Villarrica,2026-1
14593,VIP052,1,Pensamiento Social del Niño y Su Didáctica,Garrido Nicole,"M:5,6 CLAS SIN SALA",Villarrica,2026-1
14597,VIP053,1,Didáctica del Movimiento y la Expresión Corporal,Garrido Nicole,"W:5,6 CLAS SIN SALA",Villarrica,2026-1
14602,VIP054,1,Didáctica del Lenguaje Oral y Escrito,Marques Maria,"M:1,2 CLAS SIN SALA",Villarrica,2026-1
24686,VIP055,1,Didáctica del Lenguaje Artístico Musical,Rodriguez Maria,"V:5,6 CLAS SIN SALA",Villarrica,2026-1
15511,VIP070,1,Seminario de Investigación y Enseñanza Basado en Evidencias I,Marques Maria,"M:5,6 CLAS SIN SALA",Villarrica,2026-1
24711,VIP071,1,Práctica IV Profesional (Asociada a Major),Garrido Nicole,"L:3,4 CLAS SIN SALA M-W-J-V:1,2,3,4 PRA SIN SALA",Villarrica,2026-1
27338,VIP071,2,Práctica IV Profesional (Asociada a Major),Lorca Amaya,"L:3,4 CLAS SIN SALA M-W-J-V:1,2,3,4 PRA SIN SALA",Villarrica,2026-1
24717,VIP071,3,Práctica IV Profesional (Asociada a Major),Marques Maria,"L:3,4 CLAS SIN SALA M-W-J-V:1,2,3,4 PRA SIN SALA",Villarrica,2026-1
32128,VIP071,4,Práctica IV Profesional (Asociada a Major),Cortes Viviana,"L:3,4 CLAS SIN SALA M-W-J-V:1,2,3,4 PRA SIN SALA",Villarrica,2026-1
33968,VIP082,1,Práctica Profesional V,Rodriguez Andrea,"L:3,4 CLAS SIN SALA M-W-J-V:1,2,3,4 PRA SIN SALA",Villarrica,2026-1
15512,VIP501,1,Psicomotricidad y Juego en el Niño,Cortes Veronica,"L:1,2 CLAS SIN SALA",Villarrica,2026-1
32773,BIO010,1,Biología Inicial,"Alvarez Carolina, Carmona Martin, Veliz Loreto","L:1,2 CLAS AP101 M:5,6 TAL CS401",Ciencias Biológicas,2026-1
32774,BIO010,2,Biología Inicial,"Alvarez Carolina, Carmona Martin, Veliz Loreto","M:5,6 TAL AP103 W:1,2 CLAS AP103",Ciencias Biológicas,2026-1
32775,BIO010,3,Biología Inicial,Ibanez Cecilia,"M:5,6 TAL SIN SALA W:5,6 CLAS SIN SALA",Ciencias Biológicas,2026-1
31915,BIO011,1,Conviviendo Con los Virus,"Tesser Bruno, Gonzalez Pablo",M-J:5 CLAS B-103 J:6 CLAS B-103,Ciencias Biológicas,2026-1
12669,BIO101B,1,Tópicos en Bioquímica,Marzolo Maria,M:3 CLAS EDO_FREI_M J:3 TAL EDO_FREI_M,Ciencias Biológicas,2026-1
32847,BIO114B,1,Biología de la Célula,Aviles Evelyn,"M:3,4 CLAS M5 J:3,4 TAL B-102",Ciencias Biológicas,2026-1
32852,BIO114B,2,Biología de la Célula,Aviles Evelyn,"M:3,4 CLAS M5 J:3,4 TAL SALA-82",Ciencias Biológicas,2026-1
33494,BIO114B,3,Biología de la Célula,Eisner Veronica,"M:3,4 TAL B-101 J:3,4 CLAS B-101",Ciencias Biológicas,2026-1
32853,BIO114B,4,Biología de la Célula,Eisner Veronica,"M:3,4 TAL SALA-82 J:3,4 CLAS B-101",Ciencias Biológicas,2026-1
28392,BIO214O,1,Biología Celular I,Nogueras Alicia,"W:5,6 TAL C401 V:2,3,4 CLAS D204",Ciencias Biológicas,2026-1
28394,BIO214O,2,Biología Celular I,Nogueras Alicia,"W:5,6 TAL C406 V:2,3,4 CLAS D204",Ciencias Biológicas,2026-1
13277,BIO2300,1,Experiencia Profesional Dirigida,Dirección Docente,: PRA SIN SALA,Ciencias Biológicas,2026-1
32825,BIO2300,2,Experiencia Profesional Dirigida,Dirección Docente,: PRA SIN SALA,Ciencias Biológicas,2026-1
32856,BIO2300,3,Experiencia Profesional Dirigida,Dirección Docente,: PRA SIN SALA,Ciencias Biológicas,2026-1
32860,BIO2300,4,Experiencia Profesional Dirigida,Dirección Docente,: PRA SIN SALA,Ciencias Biológicas,2026-1
32861,BIO2300,5,Experiencia Profesional Dirigida,Dirección Docente,: PRA SIN SALA,Ciencias Biológicas,2026-1
32864,BIO2300,6,Experiencia Profesional Dirigida,Dirección Docente,: PRA SIN SALA,Ciencias Biológicas,2026-1
32865,BIO2300,7,Experiencia Profesional Dirigida,Dirección Docente,: PRA SIN SALA,Ciencias Biológicas,2026-1
32885,BIO2300,8,Experiencia Profesional Dirigida,Dirección Docente,: PRA SIN SALA,Ciencias Biológicas,2026-1
32886,BIO2300,9,Experiencia Profesional Dirigida,Por Fijar,: PRA SIN SALA,Ciencias Biológicas,2026-1
32887,BIO2300,10,Experiencia Profesional Dirigida,Por Fijar,: PRA SIN SALA,Ciencias Biológicas,2026-1
32888,BIO2300,11,Experiencia Profesional Dirigida,Por Fijar,: PRA SIN SALA,Ciencias Biológicas,2026-1
32889,BIO2300,12,Experiencia Profesional Dirigida,Por Fijar,: PRA SIN SALA,Ciencias Biológicas,2026-1
32890,BIO2300,13,Experiencia Profesional Dirigida,Por Fijar,: PRA SIN SALA,Ciencias Biológicas,2026-1
32893,BIO2300,14,Experiencia Profesional Dirigida,Dirección Docente,: PRA SIN SALA,Ciencias Biológicas,2026-1
32895,BIO2300,15,Experiencia Profesional Dirigida,Dirección Docente,: PRA SIN SALA,Ciencias Biológicas,2026-1
32907,BIO2300,16,Experiencia Profesional Dirigida,Dirección Docente,: PRA SIN SALA,Ciencias Biológicas,2026-1
32908,BIO2300,17,Experiencia Profesional Dirigida,Por Fijar,: PRA SIN SALA,Ciencias Biológicas,2026-1
32910,BIO2300,18,Experiencia Profesional Dirigida,Por Fijar,: PRA SIN SALA,Ciencias Biológicas,2026-1
32913,BIO2300,19,Experiencia Profesional Dirigida,Por Fijar,: PRA SIN SALA,Ciencias Biológicas,2026-1
32914,BIO2300,20,Experiencia Profesional Dirigida,Por Fijar,: PRA SIN SALA,Ciencias Biológicas,2026-1
32928,BIO2300,21,Experiencia Profesional Dirigida,Por Fijar,: PRA SIN SALA,Ciencias Biológicas,2026-1
32929,BIO2300,22,Experiencia Profesional Dirigida,Por Fijar,: PRA SIN SALA,Ciencias Biológicas,2026-1
32930,BIO2300,23,Experiencia Profesional Dirigida,Por Fijar,: PRA SIN SALA,Ciencias Biológicas,2026-1
32935,BIO2300,24,Experiencia Profesional Dirigida,Por Fijar,: PRA SIN SALA,Ciencias Biológicas,2026-1
32937,BIO2300,25,Experiencia Profesional Dirigida,Por Fijar,: PRA SIN SALA,Ciencias Biológicas,2026-1
32938,BIO2300,26,Experiencia Profesional Dirigida,Por Fijar,: PRA SIN SALA,Ciencias Biológicas,2026-1
33068,BIO2300,27,Experiencia Profesional Dirigida,Por Fijar,: PRA SIN SALA,Ciencias Biológicas,2026-1
33069,BIO2300,28,Experiencia Profesional Dirigida,Por Fijar,: PRA SIN SALA,Ciencias Biológicas,2026-1
33070,BIO2300,29,Experiencia Profesional Dirigida,Dirección Docente,: PRA SIN SALA,Ciencias Biológicas,2026-1
33071,BIO2300,30,Experiencia Profesional Dirigida,Dirección Docente,: PRA SIN SALA,Ciencias Biológicas,2026-1
33072,BIO2300,31,Experiencia Profesional Dirigida,Dirección Docente,: PRA SIN SALA,Ciencias Biológicas,2026-1
33078,BIO2300,32,Experiencia Profesional Dirigida,Dirección Docente,: PRA SIN SALA,Ciencias Biológicas,2026-1
33081,BIO2300,33,Experiencia Profesional Dirigida,Dirección Docente,: PRA SIN SALA,Ciencias Biológicas,2026-1
33088,BIO2300,34,Experiencia Profesional Dirigida,Dirección Docente,: PRA SIN SALA,Ciencias Biológicas,2026-1
33092,BIO2300,35,Experiencia Profesional Dirigida,Dirección Docente,: PRA SIN SALA,Ciencias Biológicas,2026-1
13280,BIO2350,1,Memoria Profesional Dirigida,Dirección Docente,: PRA SIN SALA,Ciencias Biológicas,2026-1
32666,BIO2350,2,Memoria Profesional Dirigida,Dirección Docente,: PRA SIN SALA,Ciencias Biológicas,2026-1
32667,BIO2350,3,Memoria Profesional Dirigida,Por Fijar,: PRA SIN SALA,Ciencias Biológicas,2026-1
32801,BIO2350,4,Memoria Profesional Dirigida,Por Fijar,: PRA SIN SALA,Ciencias Biológicas,2026-1
32802,BIO2350,5,Memoria Profesional Dirigida,Por Fijar,: PRA SIN SALA,Ciencias Biológicas,2026-1
32806,BIO2350,6,Memoria Profesional Dirigida,Por Fijar,: PRA SIN SALA,Ciencias Biológicas,2026-1
32808,BIO2350,7,Memoria Profesional Dirigida,Por Fijar,: PRA SIN SALA,Ciencias Biológicas,2026-1
32809,BIO2350,8,Memoria Profesional Dirigida,Por Fijar,: PRA SIN SALA,Ciencias Biológicas,2026-1
32810,BIO2350,9,Memoria Profesional Dirigida,Por Fijar,: PRA SIN SALA,Ciencias Biológicas,2026-1
32811,BIO2350,10,Memoria Profesional Dirigida,Por Fijar,: PRA SIN SALA,Ciencias Biológicas,2026-1
30529,BIO254O,1,Fisiología para Odontología,Moreno Ricardo,"L-W-V:5,6 CLAS AULA-MAGNA",Ciencias Biológicas,2026-1
21583,BIO295B,1,Seminario de Investigacion Departamental,Gaxiola Aurora,: SUP SIN SALA,Ciencias Biológicas,2026-1
32452,BIO295B,2,Seminario de Investigacion Departamental,Bertocchi Cristina,: SUP SIN SALA,Ciencias Biológicas,2026-1
32453,BIO295B,3,Seminario de Investigacion Departamental,Latorre Claudio,: SUP SIN SALA,Ciencias Biológicas,2026-1
32454,BIO295B,4,Seminario de Investigacion Departamental,Ebensperger Luis,: SUP SIN SALA,Ciencias Biológicas,2026-1
32455,BIO295B,5,Seminario de Investigacion Departamental,Faugeron Sylvain,: SUP SIN SALA,Ciencias Biológicas,2026-1
32456,BIO295B,6,Seminario de Investigacion Departamental,Bueno Susan,: SUP SIN SALA,Ciencias Biológicas,2026-1
32457,BIO295B,7,Seminario de Investigacion Departamental,Quiroga Clara,: SUP SIN SALA,Ciencias Biológicas,2026-1
32458,BIO295B,8,Seminario de Investigacion Departamental,Gutierrez Rodrigo,: SUP SIN SALA,Ciencias Biológicas,2026-1
32460,BIO295B,9,Seminario de Investigacion Departamental,Aviles Evelyn,: SUP SIN SALA,Ciencias Biológicas,2026-1
32461,BIO295B,10,Seminario de Investigacion Departamental,De la Iglesia Rodrigo,: SUP SIN SALA,Ciencias Biológicas,2026-1
32463,BIO295B,11,Seminario de Investigacion Departamental,Bueno Susan,: SUP SIN SALA,Ciencias Biológicas,2026-1
32464,BIO295B,12,Seminario de Investigacion Departamental,Cornejo Victor,: SUP SIN SALA,Ciencias Biológicas,2026-1
32465,BIO295B,13,Seminario de Investigacion Departamental,Aviles Evelyn,: SUP SIN SALA,Ciencias Biológicas,2026-1
32466,BIO295B,14,Seminario de Investigacion Departamental,Olguin Hugo,: SUP SIN SALA,Ciencias Biológicas,2026-1
32467,BIO295B,15,Seminario de Investigacion Departamental,Perez Alejandro,: SUP SIN SALA,Ciencias Biológicas,2026-1
32468,BIO295B,16,Seminario de Investigacion Departamental,Canto Jhoann,: SUP SIN SALA,Ciencias Biológicas,2026-1
32469,BIO295B,17,Seminario de Investigacion Departamental,Larrondo Luis,: SUP SIN SALA,Ciencias Biológicas,2026-1
32470,BIO295B,18,Seminario de Investigacion Departamental,Rezende Enrico,: SUP SIN SALA,Ciencias Biológicas,2026-1
32471,BIO295B,19,Seminario de Investigacion Departamental,Perez Maria,: SUP SIN SALA,Ciencias Biológicas,2026-1
32554,BIO295B,20,Seminario de Investigacion Departamental,Wieters Evie,: SUP SIN SALA,Ciencias Biológicas,2026-1
32473,BIO295B,21,Seminario de Investigacion Departamental,Gelcich Stefan,: SUP SIN SALA,Ciencias Biológicas,2026-1
32474,BIO295B,22,Seminario de Investigacion Departamental,Von Dassow Peter,: SUP SIN SALA,Ciencias Biológicas,2026-1
32475,BIO295B,23,Seminario de Investigacion Departamental,Cotoras Darko,: SUP SIN SALA,Ciencias Biológicas,2026-1
32477,BIO295B,24,Seminario de Investigacion Departamental,De la Iglesia Rodrigo,: SUP SIN SALA,Ciencias Biológicas,2026-1
32478,BIO295B,25,Seminario de Investigacion Departamental,Farina Jose,: SUP SIN SALA,Ciencias Biológicas,2026-1
32479,BIO295B,26,Seminario de Investigacion Departamental,Ramond Jean-Baptiste,: SUP SIN SALA,Ciencias Biológicas,2026-1
32480,BIO295B,27,Seminario de Investigacion Departamental,De la Iglesia Rodrigo,: SUP SIN SALA,Ciencias Biológicas,2026-1
32481,BIO295B,28,Seminario de Investigacion Departamental,Gelcich Stefan,: SUP SIN SALA,Ciencias Biológicas,2026-1
32482,BIO295B,29,Seminario de Investigacion Departamental,Cornejo Victor,: SUP SIN SALA,Ciencias Biológicas,2026-1
32483,BIO295B,30,Seminario de Investigacion Departamental,Faugeron Sylvain,: SUP SIN SALA,Ciencias Biológicas,2026-1
32555,BIO295B,31,Seminario de Investigacion Departamental,Cotoras Darko,: SUP SIN SALA,Ciencias Biológicas,2026-1
32485,BIO295B,32,Seminario de Investigacion Departamental,Olguin Hugo,: SUP SIN SALA,Ciencias Biológicas,2026-1
32486,BIO295B,33,Seminario de Investigacion Departamental,Gaxiola Aurora,: SUP SIN SALA,Ciencias Biológicas,2026-1
32487,BIO295B,34,Seminario de Investigacion Departamental,Rezende Enrico,: SUP SIN SALA,Ciencias Biológicas,2026-1
32488,BIO295B,35,Seminario de Investigacion Departamental,Cotoras Darko,: SUP SIN SALA,Ciencias Biológicas,2026-1
32489,BIO295B,36,Seminario de Investigacion Departamental,Bertocchi Cristina,: SUP SIN SALA,Ciencias Biológicas,2026-1
32490,BIO295B,37,Seminario de Investigacion Departamental,De la Iglesia Rodrigo,: SUP SIN SALA,Ciencias Biológicas,2026-1
32491,BIO295B,38,Seminario de Investigacion Departamental,Larrondo Luis,: SUP SIN SALA,Ciencias Biológicas,2026-1
32493,BIO295B,39,Seminario de Investigacion Departamental,Schuller Andreas,: SUP SIN SALA,Ciencias Biológicas,2026-1
32495,BIO295B,40,Seminario de Investigacion Departamental,Canto Jhoann,: SUP SIN SALA,Ciencias Biológicas,2026-1
34140,BIO295B,41,Seminario de Investigacion Departamental,Kalergis Alexis,: SUP SIN SALA,Ciencias Biológicas,2026-1
13422,BIO310B,1,Seminario Bibliográfico,Gonzalez Marcia,: SUP SIN SALA,Ciencias Biológicas,2026-1
32240,BIO310B,2,Seminario Bibliográfico,Farina Jose,: SUP SIN SALA,Ciencias Biológicas,2026-1
32241,BIO310B,3,Seminario Bibliográfico,Faugeron Sylvain,: SUP SIN SALA,Ciencias Biológicas,2026-1
32242,BIO310B,4,Seminario Bibliográfico,Gonzalez Pablo,: SUP SIN SALA,Ciencias Biológicas,2026-1
32243,BIO310B,5,Seminario Bibliográfico,Quiñinao Cristobal,: SUP SIN SALA,Ciencias Biológicas,2026-1
32246,BIO310B,6,Seminario Bibliográfico,De la Iglesia Rodrigo,: SUP SIN SALA,Ciencias Biológicas,2026-1
32248,BIO310B,7,Seminario Bibliográfico,Navarrete Sergio,: SUP SIN SALA,Ciencias Biológicas,2026-1
32250,BIO310B,8,Seminario Bibliográfico,Gonzalez Pablo,: SUP SIN SALA,Ciencias Biológicas,2026-1
32251,BIO310B,9,Seminario Bibliográfico,Bertocchi Cristina,: SUP SIN SALA,Ciencias Biológicas,2026-1
32252,BIO310B,10,Seminario Bibliográfico,Gelcich Stefan,: SUP SIN SALA,Ciencias Biológicas,2026-1
32253,BIO310B,11,Seminario Bibliográfico,Por Fijar,: SUP SIN SALA,Ciencias Biológicas,2026-1
32254,BIO310B,12,Seminario Bibliográfico,Por Fijar,: SUP SIN SALA,Ciencias Biológicas,2026-1
32255,BIO310B,13,Seminario Bibliográfico,Por Fijar,: SUP SIN SALA,Ciencias Biológicas,2026-1
13439,BIO3319,1,Tecnicas Avanzadas de Investigacion en Bioquimica,Montecinos Viviana,: SUP SIN SALA,Ciencias Biológicas,2026-1
32635,BIO3319,2,Tecnicas Avanzadas de Investigacion en Bioquimica,Godoy Liliana,: SUP SIN SALA,Ciencias Biológicas,2026-1
32638,BIO3319,3,Tecnicas Avanzadas de Investigacion en Bioquimica,Solari Sandra,: SUP SIN SALA,Ciencias Biológicas,2026-1
32639,BIO3319,4,Tecnicas Avanzadas de Investigacion en Bioquimica,Vasquez Luz,: SUP SIN SALA,Ciencias Biológicas,2026-1
32644,BIO3319,5,Tecnicas Avanzadas de Investigacion en Bioquimica,Eisner Veronica,: SUP SIN SALA,Ciencias Biológicas,2026-1
32645,BIO3319,6,Tecnicas Avanzadas de Investigacion en Bioquimica,Kalergis Alexis,: SUP SIN SALA,Ciencias Biológicas,2026-1
32650,BIO3319,7,Tecnicas Avanzadas de Investigacion en Bioquimica,Allende Fidel,: SUP SIN SALA,Ciencias Biológicas,2026-1
32652,BIO3319,8,Tecnicas Avanzadas de Investigacion en Bioquimica,Hachim Daniel,: SUP SIN SALA,Ciencias Biológicas,2026-1
32672,BIO3319,9,Tecnicas Avanzadas de Investigacion en Bioquimica,Bertocchi Cristina,: SUP SIN SALA,Ciencias Biológicas,2026-1
32674,BIO3319,10,Tecnicas Avanzadas de Investigacion en Bioquimica,Schuller Andreas,: SUP SIN SALA,Ciencias Biológicas,2026-1
32690,BIO3319,11,Tecnicas Avanzadas de Investigacion en Bioquimica,Larrondo Luis,: SUP SIN SALA,Ciencias Biológicas,2026-1
32691,BIO3319,12,Tecnicas Avanzadas de Investigacion en Bioquimica,Cancino Gonzalo,: SUP SIN SALA,Ciencias Biológicas,2026-1
32692,BIO3319,13,Tecnicas Avanzadas de Investigacion en Bioquimica,García Patricia,: SUP SIN SALA,Ciencias Biológicas,2026-1
32693,BIO3319,14,Tecnicas Avanzadas de Investigacion en Bioquimica,Berkowitz Loni,: SUP SIN SALA,Ciencias Biológicas,2026-1
32694,BIO3319,15,Tecnicas Avanzadas de Investigacion en Bioquimica,Yuseff Maria,: SUP SIN SALA,Ciencias Biológicas,2026-1
32696,BIO3319,16,Tecnicas Avanzadas de Investigacion en Bioquimica,Allende Fidel,: SUP SIN SALA,Ciencias Biológicas,2026-1
32697,BIO3319,17,Tecnicas Avanzadas de Investigacion en Bioquimica,Arratia Gabriel,: SUP SIN SALA,Ciencias Biológicas,2026-1
32698,BIO3319,18,Tecnicas Avanzadas de Investigacion en Bioquimica,Cancino Gonzalo,: SUP SIN SALA,Ciencias Biológicas,2026-1
32700,BIO3319,19,Tecnicas Avanzadas de Investigacion en Bioquimica,Meneses Claudio,: SUP SIN SALA,Ciencias Biológicas,2026-1
32701,BIO3319,20,Tecnicas Avanzadas de Investigacion en Bioquimica,Bueno Susan,: SUP SIN SALA,Ciencias Biológicas,2026-1
32703,BIO3319,21,Tecnicas Avanzadas de Investigacion en Bioquimica,Bertocchi Cristina,: SUP SIN SALA,Ciencias Biológicas,2026-1
32704,BIO3319,22,Tecnicas Avanzadas de Investigacion en Bioquimica,Zanlungo Silvana,: SUP SIN SALA,Ciencias Biológicas,2026-1
32705,BIO3319,23,Tecnicas Avanzadas de Investigacion en Bioquimica,Andres Maria,: SUP SIN SALA,Ciencias Biológicas,2026-1
32706,BIO3319,24,Tecnicas Avanzadas de Investigacion en Bioquimica,Sanchez Natalia,: SUP SIN SALA,Ciencias Biológicas,2026-1
32707,BIO3319,25,Tecnicas Avanzadas de Investigacion en Bioquimica,Por Fijar,: SUP SIN SALA,Ciencias Biológicas,2026-1
32708,BIO3319,26,Tecnicas Avanzadas de Investigacion en Bioquimica,Por Fijar,: SUP SIN SALA,Ciencias Biológicas,2026-1
32710,BIO3319,27,Tecnicas Avanzadas de Investigacion en Bioquimica,Por Fijar,: SUP SIN SALA,Ciencias Biológicas,2026-1
32712,BIO3319,28,Tecnicas Avanzadas de Investigacion en Bioquimica,Por Fijar,: SUP SIN SALA,Ciencias Biológicas,2026-1
32713,BIO3319,29,Tecnicas Avanzadas de Investigacion en Bioquimica,Por Fijar,: SUP SIN SALA,Ciencias Biológicas,2026-1
32714,BIO3319,30,Tecnicas Avanzadas de Investigacion en Bioquimica,Federici Fernan,: SUP SIN SALA,Ciencias Biológicas,2026-1
33981,BIO3339,1,Bioinformatica Avanzada,Melo Francisco,"W:5,6,7 CLAS B-105",Ciencias Biológicas,2026-1
25268,BIO3920,1,Innovación y Emprendimiento en Biotecnología,Vasquez Luz,"M:3,4 CLAS B-102",Ciencias Biológicas,2026-1
13483,BIO4001,1,Tutorial Bibliografico I,Dirección Docente,: SUP SIN SALA,Ciencias Biológicas,2026-1
26171,BIO4014,1,Unidad de Investigacion en Biologia,Dirección Docente,: SUP SIN SALA,Ciencias Biológicas,2026-1
22187,BIO4015,1,Unidad de Investigación I,Dirección Docente,: SUP SIN SALA,Ciencias Biológicas,2026-1
22188,BIO4016,1,Unidad de Investigación II,Dirección Docente,: SUP SIN SALA,Ciencias Biológicas,2026-1
22184,BIO4116,1,Biología Celular y Molecular,"Sjoberg Marcela, Aviles Evelyn",: CLAS SIN SALA,Ciencias Biológicas,2026-1
22185,BIO4233,1,Bases Celulares y Moleculares de la Regulación Fisiológica,"Cornejo Victor, Bertocchi Cristina",: CLAS SIN SALA,Ciencias Biológicas,2026-1
22190,BIO4321,1,La Lucha por la Existencia a Través del Tiempo y el Espacio,"Navarrete Sergio, Latorre Claudio",: CLAS SIN SALA,Ciencias Biológicas,2026-1
22186,BIO4423,1,Genética Molecular y Microbiología,"Angulo Jenniffer, De la Iglesia Rodrigo",: CLAS SIN SALA,Ciencias Biológicas,2026-1
15068,BIO4708,1,Pasantía Internacional,Dirección Docente,: SUP SIN SALA,Ciencias Biológicas,2026-1
17948,BIO4709,1,Autoria Articulo Cientifico o Patente,Dirección Docente,: SUP SIN SALA,Ciencias Biológicas,2026-1
13541,BIO4901,1,Docencia de Pregrado I,Dirección Docente,: SUP SIN SALA,Ciencias Biológicas,2026-1
19500,BIO4910,1,Actividad Anual de Seguimiento I,Dirección Docente,: SUP SIN SALA,Ciencias Biológicas,2026-1
19605,BIO4911,1,Actividad Anual de Seguimiento II,Dirección Docente,: SUP SIN SALA,Ciencias Biológicas,2026-1
15066,BIO5110,1,Examen de Candidatura,Dirección Docente,: SUP SIN SALA,Ciencias Biológicas,2026-1
31300,BIO5151,1,Tesis en Neurociencias II,Campusano Jorge,: CLAS SIN SALA,Ciencias Biológicas,2026-1
32901,BIO5151,2,Tesis en Neurociencias II,Perez Claudio,: CLAS SIN SALA,Ciencias Biológicas,2026-1
32835,BIO5253,1,Tesis en Neurociencias IV,Campusano Jorge,: CLAS SIN SALA,Ciencias Biológicas,2026-1
32834,BIO5254,1,Tesis en Neurociencias V,Campusano Jorge,: CLAS SIN SALA,Ciencias Biológicas,2026-1
17780,BIO5260,1,Tesis I,Dirección Docente,: SUP SIN SALA,Ciencias Biológicas,2026-1
17781,BIO5261,1,Tesis II,Dirección Docente,: SUP SIN SALA,Ciencias Biológicas,2026-1
19602,BIO5262,1,Tesis III,Dirección Docente,: SUP SIN SALA,Ciencias Biológicas,2026-1
19603,BIO5263,1,Tesis IV,Dirección Docente,: SUP SIN SALA,Ciencias Biológicas,2026-1
